,sexC,ageC,raceC,MC,priors_count_C,c_charge_degree,decile_score,c_days_from_compas_C,juv_fel_count_C,juv_misd_count_C,juv_other_count_C,act,pred
1380,1,1,0,0,0,0,5,0,0,0,0,1,[0]
6704,0,1,0,0,0,0,6,0,0,0,0,0,[1]
4053,1,1,0,0,0,1,4,0,0,0,0,1,[0]
2406,0,1,0,0,0,1,5,0,0,0,0,1,[0]
2478,0,1,1,0,0,1,4,0,0,0,0,0,[1]
4685,0,3,0,0,0,1,4,0,0,0,0,0,[1]
2620,1,1,3,1,0,0,4,0,0,0,0,1,[0]
2973,0,1,0,0,0,0,7,0,0,0,0,0,[1]
438,0,1,1,0,0,0,4,0,0,0,0,1,[0]
2080,1,1,1,0,0,0,2,0,0,0,0,0,[1]
4712,0,1,0,0,0,0,2,0,0,0,0,1,[0]
906,1,1,1,0,0,1,5,0,0,0,0,1,[0]
3682,0,1,0,0,0,0,5,0,0,0,0,0,[1]
6263,0,1,1,0,0,0,4,0,0,0,0,1,[0]
2505,0,1,0,0,0,0,3,0,0,0,0,1,[0]
4570,1,2,3,0,0,0,1,0,0,0,0,1,[0]
2912,0,1,1,0,0,1,6,0,0,0,0,0,[1]
3417,1,1,1,0,0,0,2,0,0,0,0,0,[1]
2781,0,1,0,0,0,1,2,1,0,0,0,1,[0]
3849,0,2,0,0,0,0,4,0,0,0,0,1,[0]
5214,0,1,3,0,0,0,4,0,0,0,0,1,[0]
6071,1,1,1,1,0,1,7,0,0,0,0,0,[1]
5112,0,1,0,0,0,1,3,0,0,0,0,0,[1]
1537,0,1,0,1,0,1,2,0,0,0,0,0,[1]
4872,0,2,2,0,1,0,6,0,0,0,0,1,[0]
4193,0,1,0,0,0,0,5,0,0,0,0,0,[1]
5988,0,1,0,0,0,0,3,0,0,0,0,1,[0]
4258,0,1,0,0,0,0,6,0,0,0,0,0,[1]
3715,0,1,1,0,0,0,2,0,0,0,0,1,[0]
4358,0,2,2,0,0,0,2,0,0,0,0,1,[0]
2227,0,1,1,0,0,0,2,0,0,0,0,1,[0]
4728,0,1,1,0,0,0,5,0,0,0,0,0,[1]
3716,1,1,1,0,0,0,8,0,0,0,0,1,[0]
5090,0,3,1,1,0,0,1,0,0,0,0,1,[0]
3761,1,1,0,0,0,0,8,0,0,0,0,1,[0]
4496,0,1,0,0,0,0,6,0,0,0,0,0,[1]
4678,0,2,1,0,0,1,2,0,0,0,0,1,[0]
767,0,1,0,0,0,0,2,0,0,0,0,1,[0]
2358,0,1,1,0,0,0,6,0,0,0,0,1,[0]
3553,1,1,1,0,0,1,7,0,0,0,0,0,[1]
3167,0,1,1,1,0,0,2,0,0,0,0,1,[0]
2858,0,2,0,0,0,1,6,0,0,0,0,1,[0]
3988,0,1,0,0,0,1,6,0,0,0,0,1,[0]
3282,0,1,0,0,0,1,9,0,0,0,0,0,[1]
3513,0,2,1,0,0,1,2,0,0,0,0,1,[0]
4247,0,1,1,0,1,0,4,0,0,0,0,1,[0]
793,0,2,0,0,2,0,8,0,0,0,0,0,[1]
1556,0,1,2,0,0,0,6,0,0,0,0,0,[1]
2193,0,1,0,1,0,0,2,0,0,0,0,1,[0]
6009,1,1,1,0,0,0,6,0,0,0,0,0,[1]
200,1,1,0,0,0,0,9,0,0,0,0,0,[1]
6326,1,2,0,0,0,0,4,0,0,0,0,1,[0]
6240,1,1,0,0,0,0,9,0,0,0,0,0,[1]
714,0,1,0,0,0,1,5,0,0,0,0,1,[0]
2851,0,1,0,4,0,0,1,0,0,0,0,1,[0]
3267,0,1,0,0,0,0,1,0,0,0,0,1,[0]
4535,0,0,1,0,0,0,4,0,0,0,0,1,[0]
4518,0,1,2,6,0,0,5,0,0,0,0,0,[1]
4867,0,2,3,1,0,0,1,0,0,0,0,1,[0]
1991,0,1,3,0,0,0,5,0,0,0,0,1,[0]
4249,0,1,1,0,0,0,5,0,0,0,0,0,[1]
6004,0,1,1,0,1,0,4,0,0,0,0,1,[0]
5252,0,1,0,0,0,0,3,0,0,0,0,1,[0]
6767,0,1,0,0,0,0,6,0,0,0,0,0,[1]
2377,0,1,1,0,0,1,2,0,0,0,0,1,[0]
2730,0,1,3,0,0,0,1,0,0,0,0,1,[0]
6554,0,1,3,1,0,1,1,0,0,0,0,1,[0]
6163,0,2,0,1,0,1,1,0,0,0,0,1,[0]
4493,0,2,0,0,0,0,2,0,0,0,0,1,[0]
1160,0,1,1,0,0,0,6,0,0,0,0,1,[0]
4464,1,1,0,0,0,1,8,0,0,0,0,1,[0]
3759,0,1,0,0,0,1,3,0,0,0,0,0,[1]
1913,0,1,2,0,0,0,5,0,0,0,0,0,[1]
2015,1,1,2,1,0,1,3,0,0,0,0,1,[0]
3631,0,2,1,0,0,0,3,0,0,0,0,1,[0]
3474,0,2,0,1,2,0,9,0,0,0,0,1,[0]
3984,0,1,1,0,0,0,5,1,0,0,0,0,[1]
3875,0,1,0,0,0,0,9,0,0,0,0,0,[1]
4906,0,1,1,0,0,0,8,0,0,0,0,0,[1]
4690,0,1,0,0,0,1,4,0,0,0,0,1,[0]
1079,0,3,0,5,0,0,1,0,0,0,0,1,[0]
4604,0,1,2,6,0,0,5,0,0,0,0,0,[1]
4767,0,2,0,0,0,1,1,0,0,0,0,1,[0]
5893,0,2,1,0,0,1,2,0,0,0,0,1,[0]
4179,1,1,0,0,0,1,6,0,0,0,0,1,[0]
5208,0,2,3,0,0,0,2,0,0,0,0,1,[0]
2932,0,2,3,1,0,0,6,0,0,0,0,1,[0]
3934,0,1,0,5,0,1,7,0,0,0,0,0,[1]
4894,0,1,1,0,0,1,3,0,0,0,0,1,[0]
895,0,1,0,0,0,0,8,0,0,0,0,0,[1]
1217,0,1,0,0,0,0,3,0,0,0,0,1,[0]
4498,0,1,0,0,0,0,10,1,0,0,0,0,[1]
6298,0,2,0,0,1,1,5,0,0,0,0,0,[1]
871,0,2,0,0,0,0,2,0,0,0,0,1,[0]
5088,0,1,1,0,0,1,7,0,0,0,0,1,[0]
6250,1,2,0,0,0,0,6,0,0,0,0,1,[0]
6430,0,1,0,1,0,0,1,0,0,0,0,1,[0]
2954,0,2,0,0,0,1,3,0,0,0,0,1,[0]
2401,0,1,3,0,0,1,10,0,0,0,0,1,[0]
4211,0,1,0,0,0,0,4,0,0,0,0,0,[1]
2704,0,2,0,0,0,0,9,5,0,0,0,1,[0]
5553,0,2,0,0,0,1,2,0,0,0,0,0,[1]
4710,0,1,0,0,0,0,5,0,0,0,0,0,[1]
6677,0,1,1,0,0,1,6,0,0,0,0,0,[1]
2320,0,2,0,0,1,0,2,0,0,0,0,1,[0]
1628,0,1,1,0,0,1,3,0,0,0,0,1,[0]
6044,0,1,0,0,0,1,10,0,0,0,0,0,[1]
308,0,1,0,0,0,0,9,0,0,0,0,0,[1]
6301,1,1,1,2,0,0,5,0,0,0,0,1,[0]
4281,0,1,1,6,0,0,8,0,0,0,0,1,[0]
5722,0,2,1,0,0,0,2,0,0,0,0,1,[0]
1773,0,1,1,0,0,1,3,0,0,0,0,1,[0]
3037,0,1,0,0,0,0,2,0,0,0,0,1,[0]
2089,0,1,1,0,0,0,1,0,0,0,0,1,[0]
6405,0,1,0,0,0,0,9,0,0,0,0,0,[1]
6504,0,1,1,0,0,0,4,0,0,0,0,1,[0]
2978,1,1,0,0,0,1,3,0,0,0,0,0,[1]
4040,0,2,0,1,1,1,6,0,0,0,0,1,[0]
1002,1,1,0,0,0,0,7,0,0,0,0,1,[0]
4719,0,2,1,5,0,0,1,0,0,0,0,1,[0]
2967,1,3,0,0,0,1,1,0,0,0,0,1,[0]
3108,0,1,3,2,0,0,4,0,0,0,0,1,[0]
5798,0,2,2,6,0,0,1,0,0,0,0,0,[1]
4937,0,1,0,0,0,1,3,0,0,0,0,0,[1]
3406,0,2,0,0,0,1,4,0,0,0,0,0,[1]
4575,0,1,0,0,0,1,5,0,0,0,0,1,[0]
608,0,1,3,0,0,0,9,0,0,0,0,0,[1]
5316,0,2,1,5,0,1,1,0,0,0,0,1,[0]
4507,0,1,1,0,0,0,5,0,0,0,0,0,[1]
3400,0,2,0,0,0,1,5,0,0,0,0,1,[0]
3219,1,2,1,2,0,0,2,0,0,0,0,0,[1]
5301,0,1,0,0,0,0,4,0,0,0,0,0,[1]
3777,0,2,1,0,0,0,3,0,0,0,0,1,[0]
4115,0,1,1,5,0,0,2,0,0,0,0,1,[0]
901,0,2,0,1,0,0,5,0,0,0,0,1,[0]
4965,0,3,1,0,0,0,7,0,0,0,0,1,[0]
3290,0,1,0,0,0,1,3,0,0,0,0,0,[1]
4146,1,1,1,0,0,1,5,0,0,0,0,1,[0]
874,0,1,0,0,0,1,2,0,0,0,0,1,[0]
2213,0,2,2,0,0,0,1,0,0,0,0,1,[0]
2661,0,1,2,0,0,0,2,0,0,0,0,1,[0]
1508,1,1,1,5,0,1,2,0,0,0,0,1,[0]
2619,0,1,0,0,0,0,7,0,0,0,0,0,[1]
5440,0,1,1,0,0,0,5,0,0,0,0,0,[1]
787,0,1,0,0,0,1,6,0,0,0,0,1,[0]
6325,0,1,1,0,1,1,9,0,0,0,0,0,[1]
6643,0,2,0,0,0,1,5,0,0,0,0,1,[0]
5312,0,2,0,1,0,0,4,0,0,0,0,1,[0]
784,0,1,1,0,0,1,3,0,0,0,0,1,[0]
6146,0,1,1,4,0,1,4,0,0,0,0,1,[0]
5855,0,1,1,0,0,0,3,0,0,0,0,1,[0]
1073,1,1,1,4,0,1,1,0,0,0,0,0,[1]
3501,0,1,1,1,0,1,4,0,0,0,0,1,[0]
4036,0,1,0,0,0,0,5,0,0,0,0,0,[1]
3738,0,1,1,0,0,0,3,0,0,0,0,1,[0]
6776,0,3,2,0,0,1,1,0,0,0,0,1,[0]
654,0,2,1,0,0,0,1,0,0,0,0,1,[0]
1355,0,1,0,0,0,0,8,0,0,0,0,0,[1]
2899,1,1,1,5,0,0,5,0,0,0,0,0,[1]
5912,0,1,3,0,0,0,6,0,0,0,0,1,[0]
4092,0,1,1,0,0,1,1,9,0,0,0,1,[0]
6176,0,1,0,0,0,1,1,0,0,0,0,1,[0]
3505,0,1,0,0,0,1,5,0,0,0,0,1,[0]
3369,0,1,0,1,0,1,1,0,0,0,0,1,[0]
4165,0,1,0,4,0,0,4,0,0,0,0,1,[0]
1513,0,2,1,0,1,0,7,0,0,0,0,1,[0]
6589,1,2,1,4,0,0,1,0,0,0,0,0,[1]
3463,0,1,1,0,0,0,6,0,0,0,0,1,[0]
2285,0,1,1,1,0,1,6,0,0,0,0,0,[1]
2617,0,1,1,1,0,1,3,0,0,0,0,1,[0]
5302,0,1,0,0,0,1,5,0,0,0,0,1,[0]
5710,0,1,0,0,0,0,4,0,0,0,0,0,[1]
3001,0,1,0,0,1,0,8,0,0,0,0,0,[1]
5786,0,3,0,5,3,0,7,0,0,0,0,0,[1]
4016,0,1,2,0,0,0,6,0,0,0,0,0,[1]
3397,1,2,1,5,0,1,2,0,0,0,0,1,[0]
823,0,1,0,0,0,0,7,0,0,0,0,0,[1]
4563,0,2,3,0,0,1,1,0,0,0,0,0,[1]
6636,0,2,1,0,0,1,2,0,0,0,0,1,[0]
553,0,3,1,0,0,1,1,0,0,0,0,1,[0]
2095,0,1,0,0,0,0,6,0,0,0,0,0,[1]
2473,0,1,2,0,0,1,1,0,0,0,0,1,[0]
2019,0,1,0,0,0,0,7,0,0,0,0,0,[1]
5678,0,2,0,0,2,0,7,0,0,0,0,1,[0]
3419,0,2,0,2,0,1,1,0,0,0,0,0,[1]
1899,0,2,0,0,0,0,9,0,0,0,0,0,[1]
6317,0,2,1,1,0,0,2,0,0,0,0,1,[0]
314,0,1,1,4,0,1,3,0,0,0,0,1,[0]
607,1,1,1,1,0,0,3,0,0,0,0,1,[0]
4013,0,1,0,0,0,0,2,0,0,0,0,1,[0]
1958,0,1,2,0,0,0,4,0,0,0,0,1,[0]
58,0,1,1,0,0,1,2,0,0,0,0,1,[0]
5155,0,1,0,0,0,0,10,0,0,0,0,0,[1]
4089,0,1,1,0,0,0,3,0,0,0,0,1,[0]
6829,0,1,1,5,0,0,5,0,0,0,0,0,[1]
4215,1,1,0,0,0,0,5,0,0,0,0,1,[0]
6628,0,3,0,0,1,0,3,0,0,0,0,0,[1]
3903,0,1,3,4,0,0,3,0,0,0,0,1,[0]
6363,0,1,0,2,0,0,3,0,0,0,0,1,[0]
4442,0,2,0,0,1,1,7,0,0,0,0,1,[0]
4740,0,1,0,0,0,0,6,0,0,0,0,0,[1]
5727,0,1,0,0,0,0,4,0,0,0,0,0,[1]
2351,1,1,1,0,0,0,2,0,0,0,0,0,[1]
5894,0,2,1,0,0,0,1,0,0,0,0,1,[0]
229,0,1,0,0,1,0,9,0,0,0,0,0,[1]
6845,0,1,0,0,0,1,5,0,0,0,0,1,[0]
6446,0,1,0,0,0,0,3,0,0,0,0,1,[0]
863,0,1,0,0,0,0,2,0,0,0,0,1,[0]
994,0,1,0,0,0,0,3,0,0,0,0,1,[0]
3227,1,2,1,0,0,0,3,0,0,0,0,0,[1]
4784,0,1,2,1,0,1,1,0,0,0,0,1,[0]
3504,0,1,2,0,0,0,5,0,0,0,0,0,[1]
3123,0,1,1,0,1,0,5,0,0,0,0,1,[0]
6582,0,1,0,0,0,0,9,0,0,0,0,0,[1]
3928,1,1,0,0,0,0,10,0,0,0,0,0,[1]
5012,0,1,1,0,0,1,4,0,0,0,0,0,[1]
1822,0,1,0,0,0,0,8,0,0,0,0,0,[1]
301,0,1,1,0,0,1,3,0,0,0,0,1,[0]
1759,0,1,2,0,0,1,4,0,0,0,0,1,[0]
6041,0,2,0,0,0,0,2,0,0,0,0,1,[0]
5680,0,1,0,4,1,0,9,0,0,0,0,1,[0]
141,1,0,0,0,0,0,6,0,0,0,0,0,[1]
5552,0,1,1,0,0,0,10,0,0,0,0,0,[1]
3491,0,1,3,0,1,0,8,0,0,0,0,1,[0]
2717,0,1,0,0,0,0,9,0,0,0,0,0,[1]
822,0,1,0,4,0,0,3,0,0,0,0,1,[0]
3976,0,1,2,5,0,0,1,0,0,0,0,1,[0]
1921,0,2,0,2,0,1,1,0,0,0,0,0,[1]
4385,0,2,0,1,0,1,1,0,0,0,0,1,[0]
5973,1,2,1,2,0,0,1,0,0,0,0,0,[1]
2402,1,1,0,0,0,1,8,0,0,0,0,1,[0]
662,0,1,0,0,0,1,2,0,0,0,0,1,[0]
2252,0,1,2,0,0,0,1,0,0,0,0,1,[0]
2560,0,2,0,0,1,0,5,0,0,0,0,0,[1]
1326,0,2,1,1,0,1,1,0,0,0,0,1,[0]
840,0,1,3,0,0,0,3,0,0,0,0,1,[0]
1684,0,1,1,0,0,0,5,0,0,0,0,0,[1]
44,0,1,0,4,1,0,8,0,0,0,0,1,[0]
5539,1,1,0,0,0,0,5,0,0,0,0,1,[0]
2623,1,1,2,0,2,0,9,0,0,0,0,1,[0]
5543,0,1,3,0,0,1,4,0,0,0,0,0,[1]
1736,0,2,1,1,0,1,5,0,0,0,0,0,[1]
2993,0,1,0,0,0,0,10,0,0,0,0,0,[1]
3458,1,1,1,0,0,0,6,0,0,0,0,0,[1]
2696,0,1,0,0,0,0,8,0,0,0,0,0,[1]
3949,0,1,0,0,0,1,3,0,0,0,0,0,[1]
5493,0,2,0,0,0,0,9,0,0,0,0,0,[1]
1687,0,1,0,0,0,0,8,0,0,0,0,0,[1]
6724,1,1,0,0,0,0,7,0,0,0,0,1,[0]
33,0,1,1,0,0,1,8,0,0,0,0,0,[1]
1909,0,1,3,0,0,0,6,0,0,0,0,1,[0]
900,0,1,0,0,0,1,5,0,0,0,0,1,[0]
2116,0,2,2,0,1,0,7,0,0,0,0,1,[0]
4278,0,1,0,0,0,1,6,0,0,0,0,1,[0]
1814,0,1,1,4,0,0,5,0,0,0,0,1,[0]
1558,1,1,0,0,0,0,7,0,0,0,0,1,[0]
4032,0,1,1,0,0,1,1,0,0,0,0,1,[0]
4189,0,1,0,0,0,0,7,0,0,0,0,0,[1]
1683,0,1,1,0,0,0,4,0,0,0,0,1,[0]
3710,0,2,1,0,0,1,3,0,0,0,0,1,[0]
4643,0,1,1,0,0,0,2,0,0,0,0,1,[0]
4497,0,1,0,0,0,0,6,0,0,0,0,0,[1]
1837,1,1,2,0,0,0,6,0,0,0,0,1,[0]
1123,0,2,0,1,0,1,5,0,0,0,0,0,[1]
2951,0,1,1,0,2,0,10,0,0,0,0,0,[1]
4300,1,1,3,0,0,1,4,0,0,0,0,1,[0]
1125,0,1,1,0,0,1,4,0,0,0,0,0,[1]
4623,0,1,0,0,0,0,7,0,0,0,0,0,[1]
4376,0,2,0,0,1,1,5,1,0,0,0,0,[1]
1233,0,2,0,0,0,0,5,0,0,0,0,0,[1]
1499,0,1,0,0,0,0,10,0,0,0,0,0,[1]
3703,0,1,1,0,0,1,2,0,0,0,0,1,[0]
6731,0,2,0,0,2,0,6,0,0,0,0,1,[0]
4674,0,1,0,0,0,0,7,0,0,0,0,0,[1]
1230,0,1,2,0,0,0,5,0,0,0,0,0,[1]
2407,0,2,0,1,0,1,9,0,0,0,0,1,[0]
1197,0,2,1,4,0,0,1,0,0,0,0,1,[0]
2685,0,2,3,1,0,1,1,0,0,0,0,1,[0]
4283,0,1,1,0,0,0,2,0,0,0,0,1,[0]
1162,0,1,0,0,0,1,2,0,0,0,0,1,[0]
5719,0,1,1,0,0,0,6,0,0,0,0,1,[0]
3316,0,1,0,1,0,0,6,0,0,0,0,1,[0]
2600,0,1,0,0,0,0,6,0,0,0,0,0,[1]
6152,0,1,2,0,0,1,2,0,0,0,0,1,[0]
3979,0,1,0,0,0,0,7,0,0,0,0,0,[1]
2198,0,1,0,0,0,0,7,0,0,0,0,0,[1]
5664,0,1,1,4,0,1,5,0,0,0,0,1,[0]
4290,1,1,0,6,0,1,5,0,0,0,0,0,[1]
4537,0,1,1,1,0,0,3,0,0,0,0,1,[0]
3091,0,1,0,0,0,0,4,0,0,0,0,0,[1]
3144,0,2,0,5,1,0,4,0,0,0,0,1,[0]
2860,0,1,0,0,1,1,5,0,0,0,0,0,[1]
4722,0,1,2,2,0,0,1,0,0,0,0,1,[0]
5368,0,1,0,0,0,1,4,0,0,0,0,1,[0]
4789,0,2,0,0,0,0,1,0,0,0,0,1,[0]
6069,1,1,0,1,0,0,3,0,0,0,0,1,[0]
4446,0,2,1,0,0,0,4,0,0,0,0,1,[0]
4698,0,1,1,0,0,0,9,0,0,0,0,0,[1]
1213,1,2,1,0,0,1,5,0,0,0,0,0,[1]
2917,0,1,1,0,1,1,8,0,0,0,0,0,[1]
730,0,2,1,5,2,0,2,0,0,0,0,1,[0]
2610,1,1,1,0,0,1,5,0,0,0,0,1,[0]
5688,0,1,0,0,0,0,5,0,0,0,0,0,[1]
955,0,1,0,0,0,0,6,0,0,0,0,0,[1]
67,0,1,1,0,0,0,6,0,0,0,0,1,[0]
2949,0,2,0,0,1,0,6,0,0,0,0,0,[1]
5372,0,1,0,0,0,1,9,0,0,0,0,0,[1]
179,1,2,3,1,0,1,3,9,0,0,0,1,[0]
5124,0,1,3,0,0,0,4,0,0,0,0,1,[0]
3210,0,1,0,0,0,1,1,0,0,0,0,1,[0]
2550,0,1,1,4,0,0,2,0,0,0,0,1,[0]
4307,0,1,2,0,0,0,10,0,0,0,0,1,[0]
4883,0,1,0,1,0,0,6,0,0,0,0,1,[0]
4141,0,1,1,5,0,1,2,0,0,0,0,1,[0]
4503,0,1,0,0,0,0,8,0,0,0,0,0,[1]
3589,1,1,1,0,0,1,6,0,0,0,0,1,[0]
3708,0,1,0,0,0,1,4,0,0,0,0,1,[0]
6043,0,1,0,0,0,0,2,0,0,0,0,1,[0]
1993,0,2,0,0,0,0,5,0,0,0,0,0,[1]
5283,0,1,3,0,0,0,5,0,0,0,0,1,[0]
2544,0,1,0,0,0,0,5,0,0,0,0,0,[1]
1685,0,1,0,0,0,1,3,0,0,0,0,0,[1]
5882,0,1,3,0,0,0,1,0,0,0,0,1,[0]
1041,1,3,1,5,0,0,1,0,0,0,0,1,[0]
2045,0,1,1,0,0,1,7,0,0,0,0,1,[0]
3318,0,1,3,0,1,1,2,0,0,0,0,0,[1]
5993,0,1,0,0,0,0,4,0,0,0,0,0,[1]
2850,0,1,0,0,0,1,5,0,0,0,0,1,[0]
4556,0,1,1,0,0,0,5,0,0,0,0,0,[1]
5514,0,1,2,0,0,0,8,0,0,0,0,0,[1]
1578,0,1,0,0,0,0,3,0,0,0,0,1,[0]
4586,0,1,0,0,0,1,1,0,0,0,0,1,[0]
4513,0,2,1,0,0,0,4,0,0,0,0,1,[0]
214,0,1,3,0,0,0,4,0,0,0,0,1,[0]
4081,0,2,1,0,0,0,1,0,0,0,0,1,[0]
157,0,1,1,0,0,0,5,0,0,0,0,0,[1]
5911,1,1,1,0,0,0,5,0,0,0,0,0,[1]
2707,0,1,0,0,2,0,9,0,0,0,0,0,[1]
6477,0,1,0,0,0,0,1,0,0,0,0,1,[0]
538,0,1,1,0,0,0,4,0,0,0,0,1,[0]
4924,0,2,0,5,0,1,2,0,0,0,0,1,[0]
2839,1,1,1,0,0,0,5,0,0,0,0,0,[1]
2837,0,1,0,0,0,0,3,0,0,0,0,1,[0]
1892,0,1,0,0,0,0,6,0,0,0,0,0,[1]
3568,1,1,0,0,0,1,3,0,0,0,0,0,[1]
4371,1,1,1,0,0,0,9,0,0,0,0,1,[0]
2755,0,1,0,0,0,0,7,0,0,0,0,0,[1]
6244,0,2,1,5,0,0,5,0,0,0,0,1,[0]
197,1,1,1,0,0,0,9,0,0,0,0,1,[0]
1897,0,2,1,4,0,1,1,0,0,0,0,1,[0]
5486,0,1,0,0,0,0,6,0,0,0,0,0,[1]
5673,1,1,0,0,0,1,2,0,0,0,0,1,[0]
2441,0,2,1,0,0,1,1,0,0,0,0,1,[0]
2966,0,1,1,0,0,1,5,0,0,0,0,0,[1]
799,0,3,0,0,0,1,7,0,0,0,0,1,[0]
2998,0,3,1,0,0,0,1,0,0,0,0,1,[0]
3080,0,1,3,0,0,0,3,0,0,0,0,1,[0]
222,0,1,0,4,1,1,9,0,0,0,0,1,[0]
1014,1,1,0,0,0,0,3,0,0,0,0,1,[0]
6840,0,1,2,0,0,1,9,0,0,0,0,1,[0]
3205,0,1,0,1,0,1,1,0,0,0,0,1,[0]
6106,0,2,0,0,0,0,6,0,0,0,0,1,[0]
3224,0,2,0,2,0,1,1,0,0,0,0,0,[1]
181,0,1,1,0,0,0,4,0,0,0,0,1,[0]
6571,1,1,1,0,0,1,8,0,0,0,0,0,[1]
1185,0,1,1,0,0,1,8,0,0,0,0,0,[1]
2167,0,1,0,0,0,1,6,0,0,0,0,1,[0]
2646,0,1,3,0,0,1,4,9,0,0,0,1,[0]
6874,0,1,1,0,0,0,8,0,0,0,0,0,[1]
1703,0,2,0,5,0,0,7,0,0,0,0,0,[1]
1651,0,2,0,6,0,0,2,0,0,0,0,1,[0]
1328,0,2,3,1,0,0,1,0,0,0,0,1,[0]
6678,0,1,0,0,0,1,6,0,0,0,0,1,[0]
3755,0,1,1,0,0,0,6,0,0,0,0,1,[0]
5141,0,1,2,0,0,0,5,0,0,0,0,0,[1]
6229,0,2,1,1,0,0,1,0,0,0,0,1,[0]
4900,0,1,0,0,0,0,6,0,0,0,0,0,[1]
1422,0,1,2,0,0,1,1,0,0,0,0,1,[0]
1950,0,1,0,0,0,1,9,0,0,0,0,0,[1]
4437,0,1,0,1,1,0,5,0,0,0,0,1,[0]
3005,0,1,1,0,0,1,3,0,0,0,0,1,[0]
1356,0,1,0,0,0,0,7,0,0,0,0,0,[1]
2097,0,0,0,0,0,0,3,0,0,0,0,1,[0]
4860,0,1,1,0,0,0,7,0,0,0,0,0,[1]
1056,1,1,0,0,0,0,5,0,0,0,0,1,[0]
3906,1,2,1,0,0,1,1,0,0,0,0,1,[0]
2445,0,1,1,0,0,0,3,0,0,0,0,1,[0]
1177,0,1,0,0,0,0,9,0,0,0,0,0,[1]
3794,0,1,0,0,0,1,7,0,0,0,0,0,[1]
4220,1,1,1,0,0,1,10,0,0,0,0,0,[1]
6464,0,2,3,0,0,1,1,0,0,0,0,0,[1]
5221,0,2,1,0,0,1,5,0,0,0,0,0,[1]
1584,0,1,0,0,0,1,2,0,0,0,0,1,[0]
2196,1,1,0,0,0,0,9,0,0,0,0,0,[1]
4319,1,1,0,0,0,0,3,0,0,0,0,1,[0]
3886,1,1,1,0,0,1,5,0,0,0,0,1,[0]
5797,0,1,0,0,0,0,8,0,0,0,0,0,[1]
4167,0,1,1,0,0,0,2,0,0,0,0,1,[0]
1990,1,1,0,0,0,1,8,0,0,0,0,1,[0]
4051,0,2,1,0,0,0,5,0,0,0,0,1,[0]
126,0,2,1,1,0,1,2,0,0,0,0,1,[0]
5816,0,1,0,0,0,0,9,0,0,0,0,0,[1]
1586,0,1,0,0,0,1,7,0,0,0,0,0,[1]
440,0,2,0,0,0,0,3,0,0,0,0,1,[0]
506,0,1,1,0,0,0,1,0,0,0,0,1,[0]
1256,0,1,0,0,0,0,2,0,0,0,0,1,[0]
6502,0,1,0,0,0,1,6,0,0,0,0,1,[0]
4504,0,2,0,0,0,1,7,0,0,0,0,1,[0]
876,0,2,0,0,0,0,1,0,0,0,0,1,[0]
4821,0,1,0,0,0,0,8,0,0,0,0,0,[1]
5965,0,0,0,0,0,0,3,0,0,0,0,1,[0]
5228,0,1,0,0,0,0,4,0,0,0,0,0,[1]
2389,0,2,0,0,0,0,6,0,0,0,0,1,[0]
3128,0,1,1,0,0,0,4,0,0,0,0,1,[0]
820,0,1,0,0,0,1,9,0,0,0,0,0,[1]
1936,0,1,0,0,0,0,2,0,0,0,0,1,[0]
6769,0,2,0,0,1,0,4,0,0,0,0,1,[0]
5379,0,1,0,0,0,1,4,0,0,0,0,1,[0]
233,0,2,1,0,1,1,5,0,0,0,0,1,[0]
6153,0,1,1,4,0,1,4,0,0,0,0,1,[0]
6126,0,1,0,0,0,0,2,0,0,0,0,1,[0]
6522,0,1,2,2,0,1,5,0,0,0,0,1,[0]
4291,0,1,1,0,1,0,10,0,0,0,0,0,[1]
1224,0,1,1,1,0,1,1,0,0,0,0,1,[0]
5975,0,1,2,0,0,0,7,0,0,0,0,1,[0]
6744,0,1,0,0,0,0,4,0,0,0,0,0,[1]
5109,0,1,0,0,0,1,5,0,0,0,0,1,[0]
644,1,2,1,0,0,0,3,0,0,0,0,0,[1]
1246,0,2,0,5,0,1,1,0,0,0,0,0,[1]
6094,0,2,0,0,1,0,8,0,0,0,0,1,[0]
1475,1,1,0,0,0,1,3,0,0,0,0,0,[1]
1938,0,1,0,0,0,0,5,0,0,0,0,0,[1]
3660,0,1,0,0,0,0,5,0,0,0,0,0,[1]
4030,0,1,0,0,0,1,5,0,0,0,0,1,[0]
3496,0,2,0,0,0,0,1,0,0,0,0,1,[0]
5806,0,1,1,0,0,0,4,0,0,0,0,1,[0]
5042,0,2,1,0,1,1,3,0,0,0,0,1,[0]
4536,0,1,0,0,0,1,6,0,0,0,0,1,[0]
2868,0,2,0,1,0,0,4,0,0,0,0,1,[0]
5245,0,2,3,1,0,0,1,0,0,0,0,1,[0]
2567,0,1,0,0,1,0,9,0,0,0,0,0,[1]
4994,0,1,0,0,0,1,9,0,0,0,0,0,[1]
1190,1,2,1,0,0,0,1,0,0,0,0,1,[0]
1273,0,1,0,0,0,1,7,0,0,0,0,0,[1]
4029,0,1,0,0,0,0,5,0,0,0,0,0,[1]
4192,1,1,1,0,0,1,7,0,0,0,0,0,[1]
5953,0,1,1,0,0,1,10,0,0,0,0,0,[1]
6758,1,2,1,0,0,0,7,0,0,0,0,1,[0]
6269,0,2,0,0,1,0,4,0,0,0,0,1,[0]
3275,0,1,2,0,0,1,2,0,0,0,0,1,[0]
5140,0,1,0,0,0,1,3,0,0,0,0,0,[1]
6725,0,1,0,6,0,0,1,0,0,0,0,1,[0]
3806,1,1,1,0,0,0,2,0,0,0,0,0,[1]
5013,0,2,0,0,0,1,3,0,0,0,0,1,[0]
1416,0,2,1,5,1,1,4,0,0,0,0,1,[0]
6770,0,2,3,1,0,0,1,0,0,0,0,1,[0]
1072,0,1,1,0,0,1,2,0,0,0,0,1,[0]
5474,0,3,1,0,0,0,3,0,0,0,0,1,[0]
997,0,1,1,0,0,1,2,0,0,0,0,1,[0]
3132,0,1,0,0,0,1,2,0,0,0,0,1,[0]
6048,1,1,1,0,0,0,3,0,0,0,0,1,[0]
4736,0,1,1,0,0,1,6,0,0,0,0,0,[1]
3977,0,2,0,0,0,0,6,0,0,0,0,1,[0]
6524,0,1,1,0,0,0,3,0,0,0,0,1,[0]
705,0,2,0,0,1,0,9,0,0,0,0,0,[1]
1987,0,0,1,0,0,0,2,0,0,0,0,1,[0]
5164,0,1,0,0,0,1,3,0,0,0,0,0,[1]
217,1,1,0,0,0,0,4,0,0,0,0,1,[0]
4827,0,1,0,1,0,1,2,0,0,0,0,0,[1]
1447,1,1,0,0,0,0,4,0,0,0,0,1,[0]
4339,0,1,1,0,0,1,1,0,0,0,0,1,[0]
3488,1,1,1,1,0,0,7,0,0,0,0,0,[1]
2901,0,1,1,0,0,0,9,0,0,0,0,0,[1]
3291,0,2,1,1,0,1,1,0,0,0,0,1,[0]
1825,0,1,0,0,0,1,7,0,0,0,0,0,[1]
1412,1,1,1,0,0,0,7,0,0,0,0,0,[1]
4324,0,1,1,0,0,0,3,0,0,0,0,1,[0]
4166,0,1,0,0,0,0,7,0,0,0,0,0,[1]
4267,0,2,2,1,1,0,3,0,0,0,0,0,[1]
4958,0,1,0,0,0,1,8,0,0,0,0,0,[1]
5229,1,1,1,0,0,1,4,0,0,0,0,1,[0]
2461,1,1,0,0,1,0,6,0,0,0,0,1,[0]
5989,0,1,0,0,1,0,5,0,0,0,0,0,[1]
3867,0,0,1,0,0,1,5,0,0,0,0,1,[0]
2827,0,1,0,0,1,0,10,0,0,0,0,0,[1]
2126,0,2,0,0,0,1,1,0,0,0,0,1,[0]
3191,0,1,0,6,0,0,7,1,0,0,0,1,[0]
4876,0,1,0,6,0,0,6,0,0,0,0,1,[0]
6788,1,1,0,0,0,0,3,0,0,0,0,1,[0]
4647,0,1,0,0,0,0,7,0,0,0,0,0,[1]
5291,0,1,1,0,0,1,3,0,0,0,0,1,[0]
684,0,1,1,0,0,0,2,0,0,0,0,1,[0]
3399,1,0,0,0,0,0,8,0,0,0,0,1,[0]
1005,0,1,0,0,0,0,3,0,0,0,0,1,[0]
22,0,1,2,0,0,0,4,0,0,0,0,1,[0]
5705,0,1,0,0,0,0,6,0,0,0,0,0,[1]
6115,0,1,0,0,0,0,6,0,0,0,0,0,[1]
6137,0,2,3,1,0,0,1,0,0,0,0,1,[0]
689,0,3,1,3,0,1,1,0,0,0,0,0,[1]
2495,0,2,0,0,0,1,5,0,0,0,0,1,[0]
4907,1,2,1,0,0,0,9,0,0,0,0,1,[0]
273,0,1,0,0,0,1,4,0,0,0,0,1,[0]
3768,0,1,1,0,1,0,7,0,0,0,0,0,[1]
4737,0,2,1,1,1,0,3,0,0,0,0,0,[1]
4288,0,1,0,1,0,0,3,0,0,0,0,0,[1]
359,1,2,1,1,0,1,1,0,0,0,0,1,[0]
2893,0,1,1,0,0,1,2,0,0,0,0,1,[0]
6064,0,1,0,0,0,0,6,0,0,0,0,0,[1]
501,0,1,1,0,0,1,9,0,0,0,0,0,[1]
1862,0,1,0,0,0,1,7,0,0,0,0,0,[1]
1746,0,3,1,0,0,1,1,0,0,0,0,1,[0]
4834,0,1,2,0,0,0,4,0,0,0,0,1,[0]
6863,0,2,1,5,1,0,4,0,0,0,0,1,[0]
1743,0,1,1,0,0,1,4,0,0,0,0,0,[1]
6454,0,1,0,0,0,0,10,0,0,0,0,0,[1]
5906,0,2,0,0,3,0,7,0,0,0,0,0,[1]
4516,0,1,0,0,0,1,7,0,0,0,0,0,[1]
2363,0,1,1,0,0,0,2,0,0,0,0,1,[0]
5484,0,1,1,5,0,1,2,0,0,0,0,1,[0]
5579,0,1,1,0,0,1,1,0,0,0,0,1,[0]
1298,0,1,0,0,0,1,6,0,0,0,0,1,[0]
3335,0,1,0,0,1,1,7,0,0,0,0,0,[1]
792,0,1,3,0,0,0,3,0,0,0,0,1,[0]
4228,0,0,1,0,0,1,3,9,0,0,0,1,[0]
5064,0,1,1,4,0,0,2,0,0,0,0,1,[0]
1915,0,1,1,0,0,0,1,0,0,0,0,1,[0]
4354,1,2,3,5,0,0,3,0,0,0,0,1,[0]
6046,0,2,1,5,0,1,3,0,0,0,0,0,[1]
4998,0,1,0,0,0,0,4,0,0,0,0,0,[1]
694,0,1,1,0,1,0,4,0,0,0,0,1,[0]
3769,1,1,0,0,0,0,6,0,0,0,0,0,[1]
1536,0,2,1,0,0,0,4,0,0,0,0,1,[0]
5118,0,1,0,0,0,0,7,0,0,0,0,0,[1]
5174,0,1,0,0,0,0,3,0,0,0,0,1,[0]
1785,0,1,1,0,0,1,5,0,0,0,0,0,[1]
5854,0,0,1,0,0,0,10,0,0,0,0,0,[1]
2472,0,1,0,0,0,0,1,0,0,0,0,1,[0]
3041,1,3,1,5,0,1,1,0,0,0,0,1,[0]
5122,0,1,1,0,0,1,10,0,0,0,0,0,[1]
3283,0,1,0,0,0,0,4,0,0,0,0,0,[1]
2192,0,2,0,0,2,0,7,0,0,0,0,1,[0]
5693,0,1,1,0,1,0,6,0,0,0,0,0,[1]
3344,1,1,0,0,0,1,1,0,0,0,0,1,[0]
3317,0,1,0,0,0,0,4,0,0,0,0,0,[1]
4282,0,1,3,1,0,0,2,0,0,0,0,1,[0]
3851,0,1,0,0,0,1,7,0,0,0,0,0,[1]
5311,0,1,1,0,1,0,7,0,0,0,0,0,[1]
6760,0,1,0,0,0,1,5,1,0,0,0,1,[0]
4026,1,1,2,0,0,0,3,0,0,0,0,0,[1]
337,0,1,2,0,0,1,8,0,0,0,0,0,[1]
2146,1,1,1,0,0,0,2,0,0,0,0,0,[1]
2253,1,1,2,2,0,1,3,0,0,0,0,1,[0]
2928,0,1,3,0,0,0,4,0,0,0,0,1,[0]
6478,1,1,0,0,0,1,4,0,0,0,0,1,[0]
102,0,1,1,0,0,0,5,0,0,0,0,0,[1]
4363,0,1,0,0,0,0,3,0,0,0,0,1,[0]
4268,0,3,0,0,2,0,8,0,0,0,0,1,[0]
5721,1,1,3,0,0,0,3,0,0,0,0,1,[0]
6288,0,1,0,0,0,1,6,0,0,0,0,1,[0]
2563,0,1,0,0,0,0,5,0,0,0,0,0,[1]
2090,1,1,2,2,0,1,3,0,0,0,0,1,[0]
1857,0,1,0,0,0,0,4,0,0,0,0,0,[1]
1998,0,2,0,0,0,0,4,0,0,0,0,1,[0]
3347,0,1,1,0,0,1,5,0,0,0,0,0,[1]
5319,0,1,0,0,1,1,5,0,0,0,0,0,[1]
5248,0,1,0,0,0,0,5,0,0,0,0,0,[1]
6645,0,1,0,0,0,1,5,0,0,0,0,1,[0]
5200,0,1,0,0,0,0,4,0,0,0,0,0,[1]
4206,0,1,1,0,0,1,5,0,0,0,0,0,[1]
6593,1,1,0,0,0,0,4,0,0,0,0,1,[0]
3321,0,1,1,0,0,1,1,0,0,0,0,1,[0]
192,0,1,3,4,0,0,5,0,0,0,0,1,[0]
6751,0,1,1,2,0,1,1,0,0,0,0,1,[0]
1310,0,2,3,0,1,0,1,0,0,0,0,0,[1]
3244,0,1,0,1,0,0,4,0,0,0,0,0,[1]
4856,0,1,0,4,1,1,6,0,0,1,0,0,[1]
6378,0,1,1,0,0,0,9,0,0,0,0,0,[1]
6128,0,2,1,5,2,1,1,0,0,0,0,1,[0]
2345,1,2,2,2,0,0,1,0,0,0,0,0,[1]
4221,0,1,1,0,0,0,2,0,0,0,0,1,[0]
3260,1,1,1,0,0,0,8,0,0,0,0,1,[0]
5744,0,1,2,0,0,0,10,0,0,0,0,1,[0]
3862,0,1,0,0,0,0,4,0,0,0,0,0,[1]
783,0,1,0,0,2,0,10,0,0,0,0,0,[1]
3042,1,1,0,0,0,0,5,0,0,0,0,1,[0]
3772,0,1,1,0,0,0,7,0,0,0,0,0,[1]
5729,0,1,3,1,0,0,1,0,0,0,0,1,[0]
280,0,1,1,0,0,1,4,0,0,0,0,0,[1]
557,0,1,1,0,0,1,4,0,0,0,0,0,[1]
1669,0,1,0,0,0,1,7,0,0,0,0,0,[1]
6761,1,1,0,0,0,0,4,0,0,0,0,1,[0]
3273,0,1,0,0,3,0,10,0,0,0,0,0,[1]
2948,0,1,0,0,0,1,3,0,0,0,0,0,[1]
2874,0,1,1,0,0,1,7,0,0,0,0,1,[0]
2828,1,1,0,4,0,0,5,0,0,0,0,1,[0]
1403,1,1,0,0,0,0,9,0,0,0,0,0,[1]
1893,0,1,1,0,0,1,2,0,0,0,0,1,[0]
2721,0,1,0,0,0,0,2,0,0,0,0,1,[0]
1396,0,1,0,0,0,0,7,0,0,0,0,0,[1]
4530,1,1,0,0,0,0,5,0,0,0,0,1,[0]
1238,0,1,0,1,0,0,4,0,0,0,0,0,[1]
1386,0,3,1,5,0,1,2,0,0,0,0,1,[0]
6638,1,1,1,0,0,1,8,0,0,0,0,0,[1]
3249,0,1,3,0,0,1,2,0,0,0,0,1,[0]
5021,0,2,1,1,0,1,1,0,0,0,0,1,[0]
5069,1,2,0,0,2,0,6,0,0,0,0,0,[1]
6175,0,1,2,0,1,0,7,0,0,0,0,0,[1]
537,0,1,0,0,0,0,5,0,0,0,0,0,[1]
2921,0,1,0,0,0,0,8,0,0,0,0,0,[1]
5364,0,2,1,1,0,0,6,0,0,0,0,1,[0]
3039,0,2,1,0,0,1,4,0,0,0,0,1,[0]
3991,0,2,0,0,2,0,7,0,0,0,0,1,[0]
6520,0,1,0,0,0,1,7,0,0,0,0,0,[1]
3085,0,2,0,0,0,1,7,0,0,0,0,1,[0]
4421,0,3,0,1,3,0,8,0,0,0,0,1,[0]
4896,0,1,0,0,0,0,2,0,0,0,0,1,[0]
2397,0,1,1,0,1,1,4,0,0,0,0,1,[0]
6443,0,1,0,0,0,1,5,0,0,0,0,1,[0]
4406,0,1,0,0,0,0,4,0,0,0,0,0,[1]
6681,0,0,0,0,0,0,4,0,0,0,0,0,[1]
566,0,1,0,1,0,1,2,0,0,0,0,0,[1]
6334,0,2,1,5,2,1,6,0,0,0,0,1,[0]
5750,0,1,3,0,0,0,4,0,0,0,0,1,[0]
1577,0,1,0,0,3,0,7,0,0,0,0,1,[0]
3813,0,1,0,0,0,0,4,0,0,0,0,0,[1]
507,0,1,1,0,0,0,3,0,0,0,0,1,[0]
1198,0,1,0,0,0,0,5,0,0,0,0,0,[1]
858,0,1,0,0,0,1,6,0,0,0,0,1,[0]
246,0,1,2,0,0,1,8,0,0,0,0,0,[1]
3186,0,1,2,0,0,0,9,0,0,0,0,0,[1]
3993,0,1,0,0,0,0,7,0,0,0,0,0,[1]
6650,1,1,0,0,0,1,5,0,0,0,0,1,[0]
5801,0,1,1,0,0,0,2,0,0,0,0,1,[0]
2575,0,2,0,0,0,0,1,0,0,0,0,1,[0]
2423,0,1,0,0,0,0,3,0,0,0,0,1,[0]
6036,0,1,1,0,0,1,4,0,0,0,0,0,[1]
5613,0,1,0,0,0,0,4,0,0,0,0,0,[1]
6235,0,1,0,0,0,0,3,0,0,0,0,1,[0]
1783,0,2,3,1,0,0,1,0,0,0,0,1,[0]
5249,0,1,1,0,0,0,9,0,0,0,0,0,[1]
5625,0,2,1,0,0,0,8,0,0,0,0,0,[1]
5979,1,1,0,4,0,1,4,0,0,0,0,0,[1]
5738,0,1,0,4,0,0,7,0,0,0,0,0,[1]
850,1,1,1,0,0,0,3,0,0,0,0,1,[0]
6386,0,1,0,0,0,1,9,0,0,0,0,0,[1]
524,0,2,0,0,1,0,5,0,0,0,0,0,[1]
5869,0,1,3,0,0,0,2,0,0,0,0,0,[1]
4364,1,1,0,0,0,1,5,0,0,0,0,1,[0]
5456,0,1,2,0,1,0,5,0,0,0,0,0,[1]
4502,0,1,2,2,0,0,2,0,0,0,0,1,[0]
4113,1,1,0,0,0,0,2,0,0,0,0,1,[0]
1729,0,1,1,0,0,0,7,0,0,0,0,0,[1]
1297,0,1,1,4,0,0,2,0,0,0,0,1,[0]
5557,0,1,0,0,0,0,3,0,0,0,0,1,[0]
5603,0,2,2,2,0,1,8,0,0,0,0,0,[1]
4581,0,1,0,0,0,0,5,0,0,0,0,0,[1]
6392,0,1,0,0,0,1,4,0,0,0,0,1,[0]
4515,0,1,1,0,0,0,4,0,0,0,0,1,[0]
976,0,2,0,0,1,0,3,0,0,0,0,0,[1]
3512,0,2,0,0,1,0,5,0,0,0,0,0,[1]
639,0,1,3,0,0,1,9,0,0,0,0,1,[0]
2202,0,1,1,0,0,1,6,0,0,0,0,0,[1]
1828,0,1,0,0,0,0,1,0,0,0,0,1,[0]
2414,0,2,0,2,0,1,1,0,0,0,0,0,[1]
2488,1,2,1,0,0,0,1,0,0,0,0,1,[0]
288,0,1,1,0,0,1,3,0,0,0,0,1,[0]
6794,0,1,0,0,0,0,2,0,0,0,0,1,[0]
987,0,1,3,0,0,0,2,0,0,0,0,0,[1]
2968,1,2,0,0,1,0,10,0,0,0,0,1,[0]
4434,0,1,3,1,0,0,5,0,0,0,0,1,[0]
2246,0,1,1,0,0,1,1,0,0,0,0,1,[0]
4864,0,1,1,4,0,1,4,0,0,0,0,1,[0]
2364,0,2,0,0,0,1,2,0,0,0,0,0,[1]
6802,0,2,0,0,0,1,2,0,0,0,0,0,[1]
3743,0,1,1,0,0,1,3,0,0,0,0,1,[0]
1621,0,2,1,2,0,1,3,0,0,0,0,0,[1]
3925,0,1,0,0,0,0,4,0,0,0,0,0,[1]
321,1,1,0,0,0,0,8,0,0,0,0,1,[0]
1039,0,1,1,0,0,1,8,0,0,0,0,0,[1]
6491,0,1,1,0,0,1,1,0,0,0,0,1,[0]
2040,0,2,0,2,2,0,6,0,0,0,0,1,[0]
4429,0,1,0,0,1,0,10,0,0,0,0,0,[1]
348,1,1,0,0,0,1,10,9,0,0,0,0,[1]
2398,0,2,0,0,0,0,2,0,0,0,0,1,[0]
1566,0,1,1,0,0,1,2,0,0,0,0,1,[0]
1833,0,1,0,0,2,1,10,0,0,0,0,0,[1]
2784,1,1,1,0,0,0,5,0,0,0,0,0,[1]
2255,0,2,1,1,0,1,1,0,0,0,0,1,[0]
2663,0,1,0,0,0,1,3,0,0,0,0,0,[1]
5211,0,1,2,0,0,0,5,0,0,0,0,0,[1]
686,0,1,1,0,0,1,1,0,0,0,0,1,[0]
5206,1,1,1,0,0,0,6,0,0,0,0,0,[1]
3656,0,1,1,0,0,1,1,0,0,0,0,1,[0]
4758,0,1,0,0,0,0,3,0,0,0,0,1,[0]
6143,1,1,0,0,0,0,3,0,0,0,0,1,[0]
5903,0,1,1,0,0,0,5,0,0,0,0,0,[1]
4848,0,1,1,0,0,1,2,0,0,0,0,1,[0]
4078,1,1,1,1,1,0,6,0,0,0,0,1,[0]
6865,0,1,0,0,0,1,2,0,0,0,0,1,[0]
960,0,1,0,5,0,0,10,0,0,0,0,0,[1]
1042,0,0,1,0,0,1,5,0,0,0,0,1,[0]
4788,0,1,0,0,0,0,8,0,0,0,0,0,[1]
1831,0,2,1,1,0,1,4,0,0,0,0,0,[1]
2165,0,2,1,4,0,0,2,0,0,0,0,1,[0]
54,0,2,1,0,1,0,5,0,0,0,0,0,[1]
344,1,1,0,0,0,0,5,0,0,0,0,1,[0]
6342,0,1,1,4,0,1,1,0,0,0,0,1,[0]
1351,0,2,0,1,0,1,1,0,0,0,0,1,[0]
4337,1,1,0,0,0,0,5,0,0,0,0,1,[0]
6373,0,1,1,1,0,1,4,0,0,0,0,1,[0]
5028,1,3,0,3,0,0,1,0,0,0,0,0,[1]
1074,0,1,1,0,0,0,10,0,0,0,0,0,[1]
3668,0,1,0,0,0,0,7,0,0,0,0,0,[1]
2856,0,1,1,0,0,0,5,0,0,0,0,0,[1]
5820,0,3,0,0,0,1,8,0,0,0,0,0,[1]
5809,1,1,1,4,0,1,7,0,0,0,0,0,[1]
1456,0,1,2,1,0,0,4,0,0,0,0,1,[0]
5833,0,2,0,5,0,1,1,0,0,0,0,0,[1]
3578,0,1,0,0,0,0,7,0,0,0,0,0,[1]
3642,0,1,0,0,0,0,5,0,0,0,0,0,[1]
4598,0,2,1,5,0,0,1,0,0,0,0,1,[0]
3017,1,1,1,0,0,1,9,0,0,0,0,0,[1]
959,0,1,0,0,0,0,5,0,0,0,0,0,[1]
3938,1,1,1,0,0,0,3,0,0,0,0,1,[0]
5703,0,1,3,1,0,1,1,0,0,0,0,1,[0]
434,1,2,0,0,2,0,8,0,0,0,0,0,[1]
6024,1,1,0,0,0,0,9,0,0,0,0,0,[1]
1573,0,1,0,0,1,0,10,0,0,0,0,0,[1]
2689,0,1,3,0,0,0,10,0,0,0,1,1,[0]
5709,1,1,1,0,0,0,5,0,0,0,0,0,[1]
6074,1,1,0,0,0,0,9,0,0,0,0,0,[1]
3826,0,1,0,0,0,0,6,0,0,0,0,0,[1]
3675,0,1,1,0,0,0,6,0,0,0,0,1,[0]
6418,0,2,1,5,0,0,3,0,0,0,0,1,[0]
2060,0,1,0,0,0,0,4,0,0,0,0,0,[1]
1709,0,2,2,0,0,1,6,0,0,0,0,0,[1]
123,0,1,1,0,0,1,2,0,0,0,0,1,[0]
2010,0,1,0,0,1,0,6,0,0,0,0,0,[1]
6291,0,1,1,0,1,0,5,0,0,0,0,1,[0]
5644,0,0,2,0,0,0,3,0,0,0,0,0,[1]
5681,0,2,1,5,0,1,1,0,0,0,0,1,[0]
726,1,1,3,0,0,1,10,0,0,0,0,0,[1]
3920,0,1,1,0,1,0,9,0,0,0,0,0,[1]
2745,0,1,1,0,0,0,3,0,0,0,0,1,[0]
275,0,2,1,0,0,0,2,0,0,0,0,1,[0]
40,0,1,1,1,0,1,2,0,0,0,0,1,[0]
6656,0,2,1,0,0,1,1,0,0,0,0,1,[0]
3371,0,1,0,0,0,0,8,0,0,0,0,0,[1]
4181,0,1,1,0,0,0,2,0,0,0,0,1,[0]
5049,0,1,1,0,0,0,8,0,0,0,0,0,[1]
5676,0,1,1,1,0,0,1,0,0,0,0,1,[0]
6765,0,1,0,0,1,0,4,0,0,0,0,1,[0]
5598,0,1,0,0,0,1,7,0,0,0,0,0,[1]
6884,0,1,0,0,0,0,7,0,0,0,0,0,[1]
1596,0,1,0,1,3,0,8,0,0,0,0,0,[1]
2918,0,1,1,0,0,1,2,0,0,0,0,1,[0]
6561,0,2,0,0,2,0,3,0,0,0,0,1,[0]
4341,0,1,0,0,0,0,5,0,0,0,0,0,[1]
5824,0,1,0,0,0,1,9,0,0,0,0,0,[1]
5839,1,2,2,2,0,0,1,0,0,0,0,0,[1]
2296,0,1,0,0,0,1,9,0,0,0,0,0,[1]
2068,0,2,1,0,1,0,7,0,0,0,0,1,[0]
4793,0,2,1,5,0,0,4,0,0,0,0,1,[0]
6192,0,1,0,0,1,0,6,0,0,0,0,0,[1]
2039,1,2,3,0,1,0,10,0,0,0,0,1,[0]
2894,0,1,0,0,0,0,6,0,0,0,0,0,[1]
5404,0,1,1,0,0,0,4,0,0,0,0,1,[0]
2736,0,1,1,2,0,1,5,0,0,0,0,1,[0]
3216,0,1,1,0,0,1,3,0,0,0,0,1,[0]
5482,0,2,1,5,1,1,4,0,0,0,0,1,[0]
4714,1,1,2,1,0,0,2,0,0,0,0,0,[1]
2656,0,1,0,0,0,1,5,0,0,0,0,1,[0]
5871,1,1,1,0,0,0,9,0,0,0,0,1,[0]
2105,0,1,0,0,0,0,2,0,0,0,0,1,[0]
1352,1,1,0,0,1,0,8,0,0,0,0,1,[0]
735,0,1,3,0,0,1,4,0,0,0,0,0,[1]
5954,1,1,1,0,0,0,8,0,0,0,0,1,[0]
894,0,1,1,0,0,0,5,0,0,0,0,0,[1]
6155,0,1,0,0,0,1,5,0,0,0,0,1,[0]
5947,0,1,0,0,0,0,4,0,0,0,0,0,[1]
6140,0,1,0,0,1,0,9,0,0,0,0,0,[1]
1650,0,1,0,0,1,0,2,0,0,0,0,0,[1]
2652,0,1,2,0,0,1,1,0,0,0,0,1,[0]
1296,0,1,0,1,0,1,2,0,0,0,0,0,[1]
518,0,2,2,0,0,1,1,0,0,0,0,1,[0]
6452,0,2,0,5,0,0,5,0,0,0,0,1,[0]
1448,0,1,0,4,0,1,6,0,0,0,0,1,[0]
2539,0,1,0,0,0,0,7,0,0,0,0,0,[1]
4682,0,2,1,1,0,0,7,0,0,0,0,1,[0]
1796,0,1,0,0,0,0,9,0,0,0,0,0,[1]
4015,0,2,0,0,1,0,4,0,0,0,0,1,[0]
5061,0,2,0,0,0,0,1,0,0,0,0,1,[0]
5471,1,1,1,1,0,1,4,0,0,0,0,1,[0]
2408,0,2,1,0,1,0,6,0,0,0,0,1,[0]
5707,0,0,3,1,0,1,5,0,0,0,0,0,[1]
2067,0,1,0,0,0,0,2,0,0,0,0,1,[0]
6606,0,1,1,1,1,1,5,0,0,0,0,1,[0]
5749,0,1,1,0,0,0,3,0,0,0,0,1,[0]
484,1,1,0,0,1,1,2,0,0,0,0,0,[1]
5263,0,1,2,0,0,0,7,0,0,0,0,1,[0]
6295,0,1,0,0,0,0,7,0,0,0,0,0,[1]
3832,0,2,0,0,0,1,6,0,0,0,0,1,[0]
3683,0,2,0,0,0,0,2,0,0,0,0,1,[0]
3500,0,1,1,1,1,0,5,0,0,0,0,1,[0]
1055,0,1,2,4,0,0,6,0,0,0,0,1,[0]
4921,0,1,2,0,0,0,2,0,0,0,0,1,[0]
4677,0,1,2,0,0,1,5,0,0,0,0,1,[0]
4511,0,1,0,0,0,0,3,0,0,0,0,1,[0]
4521,0,1,1,0,0,1,4,0,0,0,0,0,[1]
933,0,1,1,0,1,0,4,0,0,0,0,1,[0]
1560,0,1,3,0,0,0,9,0,0,0,0,0,[1]
12,1,2,1,0,0,0,1,0,0,0,0,1,[0]
3963,0,2,0,0,0,0,4,0,0,0,0,1,[0]
6579,1,1,1,0,0,0,9,0,0,0,0,1,[0]
5845,1,1,0,2,0,1,1,0,0,0,0,1,[0]
1963,0,1,0,0,0,1,4,0,0,0,0,1,[0]
6577,0,1,3,0,0,0,4,0,0,0,0,1,[0]
6231,0,1,0,0,1,0,7,0,0,0,0,0,[1]
2733,0,1,0,0,0,0,9,0,0,0,0,0,[1]
3747,0,1,0,0,0,0,6,0,0,0,0,0,[1]
3140,0,1,1,0,0,1,2,0,0,0,0,1,[0]
4441,0,2,1,0,0,1,3,0,0,0,0,1,[0]
2032,0,1,0,0,0,0,7,0,0,0,0,0,[1]
3677,0,1,0,1,1,0,8,0,0,0,0,1,[0]
6324,0,1,0,0,0,0,3,0,0,0,0,1,[0]
2902,0,2,1,0,0,1,1,0,0,0,0,1,[0]
1495,0,1,2,0,0,1,5,0,0,0,0,1,[0]
3691,1,1,0,0,0,0,5,0,0,0,0,1,[0]
1926,0,1,0,0,0,1,5,0,0,0,0,1,[0]
6796,0,3,1,3,0,0,1,0,0,0,0,0,[1]
1850,0,1,0,0,0,0,4,0,0,0,0,0,[1]
6323,1,1,3,0,0,0,4,0,0,0,0,0,[1]
5237,0,1,0,0,0,1,3,0,0,0,0,0,[1]
17,0,1,1,0,0,0,3,0,0,0,0,1,[0]
6709,0,1,0,0,0,0,3,0,0,0,0,1,[0]
6011,0,2,1,0,0,1,1,0,0,0,0,1,[0]
3134,0,1,0,0,0,0,2,0,0,0,0,1,[0]
579,0,1,1,0,0,0,6,0,0,0,0,1,[0]
1395,0,2,0,0,0,0,1,0,0,0,0,1,[0]
6305,1,1,1,2,0,0,2,0,0,0,0,0,[1]
5581,0,1,0,0,0,0,6,0,0,0,0,0,[1]
6833,0,1,1,0,0,1,2,0,0,0,0,1,[0]
1094,0,1,1,0,0,1,5,0,0,0,0,0,[1]
3847,1,1,0,0,0,1,10,1,0,0,0,0,[1]
6358,1,1,1,0,0,0,2,0,0,0,0,0,[1]
6673,0,1,0,0,0,0,7,0,0,0,0,0,[1]
6531,0,1,3,0,0,1,2,0,0,0,0,1,[0]
3435,0,1,0,1,0,0,3,0,0,0,0,0,[1]
2854,0,1,0,0,0,0,10,0,0,0,0,0,[1]
86,1,0,1,0,0,0,7,0,0,0,0,0,[1]
1724,0,1,1,0,1,0,4,0,0,0,0,1,[0]
2264,0,1,0,1,0,0,6,0,0,0,0,1,[0]
2984,0,1,0,0,0,0,2,0,0,0,0,1,[0]
4353,0,1,1,0,0,1,4,0,0,0,0,0,[1]
6302,0,1,1,0,0,1,4,0,0,0,0,0,[1]
2204,0,1,2,1,0,0,1,0,0,0,0,1,[0]
5070,0,3,0,2,0,0,1,0,0,0,0,1,[0]
1044,1,1,1,0,0,0,10,0,0,0,0,1,[0]
2883,0,1,0,0,0,0,3,0,0,0,0,1,[0]
2772,0,2,1,5,0,1,1,0,0,0,0,1,[0]
2226,0,1,0,0,0,0,5,0,0,0,0,0,[1]
769,0,1,0,1,0,0,3,0,0,0,0,0,[1]
3,0,1,0,0,0,0,8,0,0,0,0,0,[1]
6516,1,3,1,5,1,0,6,0,0,0,0,0,[1]
1419,0,3,1,1,0,1,1,0,0,0,0,1,[0]
2185,0,1,1,0,0,0,3,0,0,0,0,1,[0]
3339,0,1,1,1,0,0,1,0,0,0,0,1,[0]
4927,0,1,2,0,0,0,3,0,0,0,0,1,[0]
3876,0,1,1,0,0,1,4,0,0,0,0,0,[1]
3461,1,1,2,1,0,1,1,0,0,0,0,1,[0]
270,0,2,0,0,0,0,6,0,0,0,0,1,[0]
551,0,2,1,0,0,0,1,0,0,0,0,1,[0]
5537,0,1,3,0,0,1,4,0,0,0,0,0,[1]
5149,0,1,1,0,0,0,6,0,0,0,0,1,[0]
5668,0,1,1,0,1,1,5,0,0,0,0,1,[0]
4367,0,1,0,0,0,0,4,0,0,0,0,0,[1]
5032,0,2,3,0,0,1,1,0,0,0,0,0,[1]
2615,0,1,0,0,0,0,7,0,0,0,0,0,[1]
5584,0,1,0,0,0,1,6,0,0,0,0,1,[0]
13,0,1,0,0,0,0,3,0,0,0,0,1,[0]
3073,0,1,1,0,0,1,4,9,0,0,0,1,[0]
5840,0,1,0,0,0,0,7,0,0,0,0,0,[1]
3828,0,0,1,0,0,0,3,0,0,0,0,0,[1]
133,1,0,0,0,0,0,10,0,0,0,0,0,[1]
2914,0,1,2,0,0,0,5,0,0,0,0,0,[1]
4399,0,1,0,0,0,0,5,0,0,0,0,0,[1]
5078,0,1,1,0,0,0,6,0,0,0,0,1,[0]
1030,0,2,0,1,0,0,3,0,0,0,0,1,[0]
5218,0,1,1,0,1,0,5,0,0,0,0,1,[0]
3657,0,1,1,1,0,1,6,0,0,0,0,0,[1]
4060,1,2,1,1,0,1,1,0,0,0,0,1,[0]
6370,0,1,0,4,0,0,9,0,0,0,0,0,[1]
2739,0,1,1,0,1,1,4,2,0,0,0,1,[0]
2006,0,1,0,0,0,0,1,0,0,0,0,1,[0]
6252,0,1,0,0,0,0,3,0,0,0,0,1,[0]
3945,1,1,1,0,0,0,7,0,0,0,0,0,[1]
6171,0,1,0,0,1,0,9,0,0,0,0,0,[1]
5086,0,1,0,0,0,0,5,0,0,0,0,0,[1]
1832,0,1,0,1,0,1,2,1,0,0,0,1,[0]
4771,0,2,1,0,0,1,1,0,0,0,0,1,[0]
759,0,3,0,5,0,1,1,0,0,0,0,0,[1]
5570,0,1,3,0,0,1,3,0,0,0,0,1,[0]
6654,0,1,1,0,0,1,2,0,0,0,0,1,[0]
1715,0,1,2,1,1,0,9,0,0,0,0,0,[1]
6684,0,1,2,4,0,1,2,0,0,0,0,1,[0]
4903,0,2,1,1,0,0,5,0,0,0,0,0,[1]
3392,0,1,1,1,2,0,10,0,0,0,0,0,[1]
5020,0,1,0,5,0,0,1,0,0,0,0,1,[0]
1789,0,2,1,0,1,0,7,0,0,0,0,1,[0]
919,0,1,0,0,0,1,4,0,0,0,0,1,[0]
5852,0,1,1,0,0,0,5,0,0,0,0,0,[1]
4757,0,1,2,1,1,0,4,0,0,0,0,1,[0]
1249,0,1,0,0,0,1,4,0,0,0,0,1,[0]
3493,0,2,0,0,0,0,9,0,0,0,0,0,[1]
5351,0,1,1,0,0,0,5,0,0,0,0,0,[1]
710,0,1,1,0,2,0,5,0,0,0,0,1,[0]
4595,0,1,0,0,0,1,6,0,0,0,0,1,[0]
4058,0,1,0,0,0,0,2,0,0,0,0,1,[0]
2821,0,1,0,0,0,0,8,0,0,0,0,0,[1]
789,0,1,1,0,0,1,2,0,0,0,0,1,[0]
2112,0,2,2,1,0,0,1,0,0,0,0,1,[0]
6403,0,1,0,0,0,0,5,0,0,0,0,0,[1]
1441,1,1,2,0,0,0,6,0,0,0,0,1,[0]
1613,1,2,1,1,0,0,6,0,0,0,0,1,[0]
1603,0,1,0,0,0,0,7,0,0,0,0,0,[1]
6870,1,1,1,0,0,1,1,0,0,0,0,1,[0]
2718,0,1,0,0,0,0,4,0,0,0,0,0,[1]
3511,0,1,3,0,0,1,5,0,0,0,0,1,[0]
5544,0,1,1,0,0,1,5,0,0,0,0,0,[1]
330,1,1,0,0,0,0,6,0,0,0,0,0,[1]
4068,0,1,2,2,0,0,2,0,0,0,0,1,[0]
1498,0,2,0,0,1,0,7,0,0,0,0,1,[0]
32,0,2,3,0,0,0,3,0,0,0,0,1,[0]
4558,0,1,1,0,0,0,5,0,0,0,0,0,[1]
5089,1,2,2,0,0,0,2,0,0,0,0,1,[0]
4320,0,1,0,1,1,1,6,0,0,0,0,0,[1]
663,0,1,0,0,0,0,10,0,0,0,0,0,[1]
1010,0,2,0,4,2,0,7,0,0,0,0,0,[1]
1333,0,1,1,0,0,0,2,0,0,0,0,1,[0]
1141,1,1,1,0,0,0,5,0,0,0,0,0,[1]
2049,0,1,0,0,0,0,6,0,0,0,0,0,[1]
4445,0,2,1,1,0,0,1,0,0,0,0,1,[0]
6653,1,1,1,0,0,1,5,0,0,0,0,1,[0]
5769,0,1,1,1,0,0,1,0,0,0,0,1,[0]
1140,0,1,0,0,0,0,7,0,0,0,0,0,[1]
6867,0,3,1,0,0,0,2,0,0,0,0,0,[1]
5266,0,1,0,0,0,0,5,1,0,0,0,1,[0]
772,0,1,0,0,0,0,1,0,0,0,0,1,[0]
1533,0,2,1,5,1,0,6,0,0,0,0,0,[1]
5826,0,2,0,1,2,0,9,0,0,0,0,1,[0]
2625,0,1,1,0,0,0,5,0,0,0,0,0,[1]
5712,0,1,0,0,0,0,3,0,0,0,0,1,[0]
749,0,2,0,0,1,0,6,0,0,0,0,0,[1]
83,0,1,3,0,0,0,6,0,0,0,0,1,[0]
6270,0,1,3,0,0,0,4,0,0,0,0,1,[0]
2523,0,1,3,1,0,0,2,0,0,0,0,1,[0]
3507,1,1,1,0,0,1,5,0,0,0,0,1,[0]
2712,0,1,0,0,0,1,10,0,0,0,0,0,[1]
478,0,2,2,0,2,0,3,0,0,0,0,0,[1]
657,0,1,0,0,0,0,7,0,0,0,0,0,[1]
4227,0,1,0,0,0,0,7,0,0,0,0,0,[1]
3431,0,1,3,0,0,0,5,0,0,0,0,1,[0]
6159,1,2,1,0,0,1,1,0,0,0,0,1,[0]
748,0,1,1,0,0,0,4,0,0,0,0,1,[0]
3534,0,1,0,0,0,0,4,0,0,0,0,0,[1]
2352,0,1,1,0,1,0,9,0,0,0,0,0,[1]
2594,0,2,0,2,1,1,6,0,0,0,0,1,[0]
1919,0,1,0,3,0,0,7,0,0,0,0,0,[1]
5600,1,1,0,1,0,1,6,0,0,0,0,0,[1]
353,0,1,0,0,0,0,3,0,0,0,0,1,[0]
5181,0,2,0,0,0,0,6,0,0,0,0,1,[0]
6562,0,1,1,0,0,0,5,0,0,0,0,0,[1]
364,0,1,0,1,0,1,3,0,0,0,0,0,[1]
5822,0,1,3,1,0,0,1,0,0,0,0,1,[0]
898,1,1,1,0,0,0,6,0,0,0,0,0,[1]
4909,1,1,0,0,0,0,5,0,0,0,0,1,[0]
6805,0,1,2,0,2,0,10,0,0,0,0,1,[0]
4265,0,1,2,0,0,1,2,0,0,0,0,1,[0]
6883,0,0,0,0,0,0,9,0,0,0,0,0,[1]
6049,0,1,0,1,0,0,8,0,0,0,0,0,[1]
1903,0,2,0,0,0,0,5,0,0,0,0,0,[1]
4760,0,2,2,0,0,0,2,0,0,0,0,1,[0]
6404,0,1,0,0,0,0,1,0,0,0,0,1,[0]
4392,0,1,2,5,0,1,1,0,0,0,0,1,[0]
2900,0,3,1,5,0,1,1,0,0,0,0,1,[0]
6254,0,2,1,0,1,0,4,0,0,0,0,0,[1]
5274,1,1,1,0,0,0,8,0,0,0,0,1,[0]
4734,1,0,3,0,0,1,5,0,0,0,0,0,[1]
2922,0,2,0,0,1,1,2,0,0,0,0,0,[1]
2018,0,1,3,0,0,1,4,0,0,0,0,0,[1]
4207,0,2,2,4,0,0,3,0,0,0,0,1,[0]
1810,0,1,0,1,1,0,9,0,0,0,0,1,[0]
3746,0,2,1,0,0,1,1,0,0,0,0,1,[0]
4172,0,1,0,0,0,1,2,0,0,0,0,1,[0]
187,0,1,3,0,0,1,3,0,0,0,0,1,[0]
3059,0,1,0,0,0,0,2,0,0,0,0,1,[0]
3811,1,1,0,0,0,0,3,0,0,0,0,1,[0]
5755,0,1,2,0,0,1,2,9,0,0,0,1,[0]
6448,0,1,2,0,0,0,7,0,0,0,0,1,[0]
3803,0,2,0,0,1,0,3,0,0,0,0,0,[1]
6395,0,1,0,0,0,1,7,0,0,0,0,0,[1]
3612,0,3,0,0,0,1,5,0,0,0,0,0,[1]
2359,0,1,1,0,0,1,6,0,0,0,0,0,[1]
6693,1,1,0,0,0,0,7,0,0,0,0,1,[0]
468,0,2,3,5,0,0,7,0,0,0,0,1,[0]
5087,0,2,0,0,0,0,6,0,0,0,0,1,[0]
2133,0,2,0,4,0,1,5,0,0,0,0,0,[1]
5048,0,1,1,0,0,0,3,0,0,0,0,1,[0]
2611,0,2,0,1,0,1,1,0,0,0,0,1,[0]
1702,0,1,0,0,0,0,4,0,0,0,0,0,[1]
6425,1,1,2,0,0,1,2,0,0,0,0,1,[0]
3601,0,1,1,0,0,1,4,0,0,0,0,0,[1]
2864,0,1,1,0,0,0,2,0,0,0,0,1,[0]
2265,0,2,3,0,0,0,5,0,0,0,0,0,[1]
6284,1,2,0,2,0,1,1,0,0,0,0,1,[0]
1436,0,2,1,0,1,0,6,0,0,0,0,1,[0]
4460,0,1,0,0,0,1,9,0,0,0,0,0,[1]
534,0,2,1,5,0,0,6,0,0,0,0,0,[1]
1848,0,1,0,0,0,0,3,0,0,0,0,1,[0]
1542,0,2,2,0,0,0,6,0,0,0,0,0,[1]
6613,1,1,1,1,0,1,6,0,0,0,0,0,[1]
630,0,1,0,0,0,1,9,1,0,0,0,1,[0]
2242,0,2,0,0,2,0,7,0,0,0,0,1,[0]
5713,0,1,0,0,0,1,2,0,0,0,0,1,[0]
6287,0,1,1,1,0,1,2,0,0,0,0,1,[0]
5438,1,1,1,0,0,1,7,0,0,0,0,0,[1]
2416,0,1,0,1,0,0,10,0,0,0,0,0,[1]
3577,0,1,0,0,0,1,1,0,0,0,0,1,[0]
6237,0,2,0,0,0,0,1,0,0,0,0,1,[0]
64,0,2,2,0,0,0,1,0,0,0,0,1,[0]
619,1,2,1,0,0,0,6,0,0,0,0,0,[1]
4046,0,1,3,0,0,0,4,0,0,0,0,1,[0]
216,0,1,0,0,0,0,9,0,0,0,0,0,[1]
5468,1,2,1,0,0,1,2,0,0,0,0,1,[0]
2527,1,1,0,0,0,0,8,0,0,0,0,1,[0]
6439,0,1,0,0,0,0,8,0,0,0,0,0,[1]
5937,0,1,0,0,0,0,8,0,0,0,0,0,[1]
6099,0,1,2,0,0,1,7,0,0,0,0,0,[1]
2132,0,1,3,0,0,0,1,0,0,0,0,1,[0]
460,0,1,2,0,0,0,1,0,0,0,0,1,[0]
2873,0,2,3,0,1,0,4,0,0,0,0,1,[0]
1521,0,1,3,0,0,0,2,0,0,0,0,0,[1]
5018,0,2,0,0,0,1,3,0,0,0,0,1,[0]
35,0,1,1,4,0,1,2,0,0,0,0,1,[0]
1,0,1,0,0,0,0,3,0,0,0,0,1,[0]
4161,1,1,1,0,0,0,6,0,0,0,0,0,[1]
1752,0,1,0,0,0,1,3,0,0,0,0,0,[1]
4716,0,1,1,0,0,1,3,0,0,0,0,1,[0]
4656,0,1,1,0,0,0,5,0,0,0,0,0,[1]
561,0,1,3,0,0,0,2,0,0,0,0,0,[1]
1120,0,1,0,0,0,0,3,0,0,0,0,1,[0]
3382,0,2,0,1,0,1,5,1,0,0,0,0,[1]
3571,1,1,1,0,0,0,3,0,0,0,0,1,[0]
1330,0,1,0,0,0,1,9,0,0,0,0,0,[1]
6050,0,1,1,0,0,0,4,0,0,0,0,1,[0]
6129,0,2,3,1,0,1,2,0,0,0,0,1,[0]
2659,0,1,0,1,0,0,2,0,0,0,0,1,[0]
1420,0,1,0,0,0,1,7,0,0,0,0,0,[1]
3465,1,1,0,0,0,1,8,0,0,0,0,1,[0]
2179,0,1,1,0,0,1,1,0,0,0,0,1,[0]
1721,0,2,0,0,2,0,7,0,0,0,0,1,[0]
2206,0,1,0,0,0,1,8,0,0,0,0,0,[1]
396,0,2,0,0,1,0,6,0,0,0,0,0,[1]
5701,0,2,1,0,0,1,2,0,0,0,0,1,[0]
6118,0,1,0,0,1,1,10,0,0,0,0,0,[1]
1535,0,1,0,0,0,0,5,0,0,0,0,0,[1]
1959,0,2,1,5,0,1,4,0,0,0,0,1,[0]
990,0,2,0,0,0,1,1,0,0,0,0,1,[0]
6619,0,1,0,1,1,0,8,0,0,0,0,1,[0]
4098,0,2,0,0,0,1,1,0,0,0,0,1,[0]
1559,0,1,1,0,0,0,5,0,0,0,0,0,[1]
2970,0,0,1,0,0,0,2,0,0,0,0,1,[0]
5129,0,2,1,1,0,0,2,0,0,0,0,1,[0]
345,0,2,0,0,0,0,5,0,0,0,0,0,[1]
6123,1,1,0,0,0,0,5,0,0,0,0,1,[0]
5420,0,2,0,0,0,1,2,0,0,0,0,0,[1]
6727,0,1,0,0,0,0,2,0,0,0,0,1,[0]
5300,0,1,0,0,0,0,5,0,0,0,0,0,[1]
6514,0,2,0,0,4,0,8,0,0,0,0,1,[0]
3720,0,1,0,0,0,0,3,0,0,0,0,1,[0]
6197,0,2,0,0,2,0,9,0,0,0,0,1,[0]
702,0,1,0,0,0,0,8,0,0,0,0,0,[1]
1774,0,1,1,0,0,0,9,0,0,0,0,0,[1]
5231,1,1,0,0,0,0,6,0,0,0,0,0,[1]
4935,0,1,1,0,0,0,2,0,0,0,0,1,[0]
3473,0,1,0,1,1,0,6,0,0,0,0,0,[1]
2491,0,2,0,0,0,0,7,0,0,0,0,1,[0]
3822,0,1,1,0,0,0,1,0,0,0,0,1,[0]
5743,0,2,0,0,1,1,9,0,0,0,0,0,[1]
2543,0,1,1,0,0,0,6,0,0,0,0,1,[0]
569,1,1,1,0,0,0,5,0,0,0,0,0,[1]
2249,0,1,0,0,0,0,3,0,0,0,0,1,[0]
3583,1,2,1,0,0,1,1,0,0,0,0,1,[0]
1015,0,1,0,0,0,0,5,0,0,0,0,0,[1]
320,0,1,1,0,0,0,5,0,0,0,0,0,[1]
3099,0,1,1,2,0,0,4,0,0,0,0,0,[1]
6162,0,2,1,0,0,0,1,0,0,0,0,1,[0]
3604,0,1,0,0,0,0,6,0,0,0,0,0,[1]
577,0,1,2,0,0,1,10,0,0,0,0,1,[0]
5031,0,1,2,0,0,0,4,0,0,0,0,1,[0]
3464,0,2,0,0,0,0,9,0,0,0,0,0,[1]
5890,1,2,3,4,0,0,1,0,0,0,0,1,[0]
1917,0,1,1,1,0,1,3,0,0,0,0,1,[0]
1675,0,1,0,1,0,0,4,0,0,0,0,0,[1]
785,1,1,3,1,0,1,1,0,0,0,0,1,[0]
5795,1,2,1,2,0,0,2,0,0,0,0,0,[1]
2762,0,2,0,0,0,1,1,0,0,0,0,1,[0]
3584,0,1,0,5,2,0,5,0,0,0,0,0,[1]
3289,0,2,2,0,1,1,5,0,0,0,0,1,[0]
4248,0,1,0,0,0,0,2,0,0,0,0,1,[0]
2583,0,1,1,0,0,0,6,0,0,0,0,1,[0]
3946,1,0,0,0,0,1,5,0,0,0,0,0,[1]
4523,0,1,3,1,0,1,2,0,0,0,0,1,[0]
4327,0,1,0,4,0,1,2,0,0,0,0,0,[1]
1682,0,1,0,0,0,0,2,0,0,0,0,1,[0]
93,1,1,1,1,0,0,1,0,0,0,0,1,[0]
4996,0,1,1,0,1,0,7,0,0,1,0,0,[1]
859,0,1,0,1,0,0,1,0,0,0,0,1,[0]
4253,0,2,0,0,0,0,2,0,0,0,0,1,[0]
279,0,1,2,1,0,0,1,0,0,0,0,1,[0]
3678,0,1,0,0,0,1,4,0,0,0,0,1,[0]
1939,0,1,2,0,2,0,10,0,0,0,0,1,[0]
6547,0,1,1,0,0,1,2,0,0,0,0,1,[0]
4577,0,1,0,0,0,0,7,0,0,0,0,0,[1]
2437,0,2,0,0,0,0,6,0,0,0,0,1,[0]
4981,1,3,1,1,0,1,1,0,0,0,0,1,[0]
861,0,2,2,1,0,1,1,0,0,0,0,1,[0]
5725,0,1,0,1,1,1,8,0,0,0,0,1,[0]
938,1,1,1,0,0,0,9,0,0,0,0,1,[0]
2056,0,1,3,1,0,1,1,0,0,0,0,1,[0]
6,0,2,1,0,1,0,6,0,0,0,0,1,[0]
1063,1,1,1,0,0,0,2,0,0,0,0,0,[1]
4413,0,1,0,0,0,1,4,0,0,0,0,1,[0]
4870,0,1,1,0,0,1,7,0,0,0,0,1,[0]
224,0,1,0,0,0,0,4,0,0,0,0,0,[1]
4463,0,1,1,0,0,0,4,0,0,0,0,1,[0]
1043,0,1,0,1,2,1,9,0,0,0,0,0,[1]
4941,0,1,0,0,0,1,8,0,0,0,0,0,[1]
602,0,1,1,0,0,1,9,0,0,0,0,0,[1]
5341,1,2,1,0,0,1,1,0,0,0,0,1,[0]
1338,0,1,0,0,0,0,1,0,0,0,0,1,[0]
6283,0,3,0,0,2,1,9,0,0,0,0,1,[0]
1308,0,1,1,5,1,0,2,0,0,0,0,1,[0]
2596,0,1,0,0,0,0,5,0,0,0,0,0,[1]
4484,0,1,0,0,1,0,8,0,0,0,0,0,[1]
5226,1,1,0,0,0,1,4,0,0,0,0,1,[0]
5771,0,1,0,0,0,1,8,0,0,0,0,0,[1]
5630,0,1,0,0,0,0,4,0,0,0,0,0,[1]
3331,0,1,0,0,0,1,1,0,0,0,0,1,[0]
2104,1,1,0,0,0,0,4,0,0,0,0,1,[0]
3693,0,1,1,0,1,0,2,0,0,0,0,0,[1]
6739,0,1,2,0,0,0,2,0,0,0,0,1,[0]
2997,0,1,0,0,0,0,2,0,0,0,0,1,[0]
6073,0,1,0,4,0,0,2,0,0,0,0,1,[0]
725,0,1,3,0,0,0,4,0,0,0,0,1,[0]
4949,0,1,1,0,0,1,7,0,0,0,0,1,[0]
1964,0,1,0,0,0,0,8,0,0,0,0,0,[1]
395,1,1,0,0,0,0,2,0,0,0,0,1,[0]
660,0,2,0,0,1,0,8,0,0,0,0,1,[0]
813,0,1,1,0,0,0,4,0,0,0,0,1,[0]
2101,0,1,1,0,0,0,4,0,0,0,0,1,[0]
1143,1,1,0,0,0,0,10,0,0,0,0,0,[1]
2457,0,1,0,0,0,0,3,0,0,0,0,1,[0]
6809,1,2,2,2,0,0,3,0,0,0,0,1,[0]
5413,1,1,0,0,0,0,3,0,0,0,0,1,[0]
1962,0,1,2,0,0,0,3,0,0,0,0,1,[0]
6224,0,2,0,2,0,0,1,0,0,0,0,1,[0]
773,0,1,2,0,1,0,7,0,0,0,0,0,[1]
1153,0,1,0,4,0,0,6,0,0,0,0,1,[0]
201,0,2,1,5,0,0,1,0,0,0,0,1,[0]
5451,1,1,1,0,0,0,6,0,0,0,0,0,[1]
3644,0,1,1,0,0,1,5,0,0,0,0,0,[1]
5287,0,1,1,1,0,0,4,0,0,0,0,0,[1]
6700,1,1,2,0,0,0,3,0,0,0,0,0,[1]
2346,0,2,3,0,0,1,1,0,0,0,0,0,[1]
1886,0,2,0,0,2,0,9,0,0,0,0,1,[0]
260,0,1,1,0,0,0,5,0,0,0,0,0,[1]
6663,0,1,0,0,0,0,4,0,0,0,0,0,[1]
4274,0,1,1,0,0,0,3,0,0,0,0,1,[0]
4571,0,2,1,0,0,0,1,0,0,0,0,1,[0]
4107,0,1,1,0,0,1,7,0,0,0,0,1,[0]
6691,0,1,0,0,0,0,3,0,0,0,0,1,[0]
3277,0,1,0,2,1,0,10,0,0,0,0,0,[1]
4732,0,1,0,0,0,1,2,0,0,0,0,1,[0]
953,0,2,2,1,0,1,1,7,0,0,0,0,[1]
2474,0,1,0,0,0,0,2,0,0,0,0,1,[0]
4178,0,1,0,0,0,1,9,2,0,0,0,1,[0]
6214,1,2,1,5,0,1,3,0,0,0,0,1,[0]
5812,0,1,1,1,0,0,1,0,0,0,0,1,[0]
5177,0,2,0,0,0,0,3,0,0,0,0,1,[0]
3866,0,1,1,5,0,1,2,0,0,0,0,1,[0]
2861,1,1,0,0,0,0,5,0,0,0,0,1,[0]
5439,1,1,1,0,0,0,7,0,0,0,0,0,[1]
1365,0,2,1,4,0,0,2,0,0,0,0,1,[0]
490,0,1,0,0,0,1,3,0,0,0,0,0,[1]
1635,0,1,0,0,1,0,9,0,0,0,0,0,[1]
1992,0,2,1,1,0,1,1,0,0,0,0,1,[0]
3075,0,1,2,1,0,1,8,0,0,0,0,0,[1]
4686,0,1,0,0,0,0,8,0,0,0,0,0,[1]
5146,1,1,1,0,1,0,10,0,0,0,0,0,[1]
1942,0,1,0,0,0,0,6,0,0,0,0,0,[1]
875,1,2,1,0,0,0,1,0,0,0,0,1,[0]
6858,1,2,1,5,0,0,6,0,0,0,0,0,[1]
4305,0,1,0,0,0,0,5,0,0,0,0,0,[1]
2024,0,1,1,0,0,0,5,0,0,0,0,0,[1]
6212,0,1,1,1,0,1,5,0,0,0,0,0,[1]
5723,0,1,0,0,0,1,9,0,0,0,0,0,[1]
1401,0,1,0,0,0,0,8,0,0,0,0,0,[1]
5436,0,1,0,0,0,0,4,0,0,0,0,0,[1]
4157,0,2,1,5,0,1,5,0,0,0,0,1,[0]
3211,0,2,0,0,0,1,6,0,0,0,0,1,[0]
4190,0,1,1,0,0,1,5,0,0,0,0,0,[1]
2535,0,1,0,0,0,0,5,0,0,0,0,0,[1]
435,0,1,0,0,0,1,6,0,0,0,0,1,[0]
829,0,1,0,0,0,0,4,0,0,0,0,0,[1]
5135,0,1,3,0,1,0,8,0,0,0,0,1,[0]
3896,0,1,0,0,0,0,6,0,0,0,0,0,[1]
6274,0,1,0,0,0,1,6,0,0,0,0,1,[0]
3176,0,1,0,0,0,0,7,0,0,0,0,0,[1]
1770,0,1,0,0,0,0,3,0,0,0,0,1,[0]
5597,0,1,0,0,0,0,7,0,0,0,0,0,[1]
1334,1,1,1,0,0,0,4,0,0,0,0,1,[0]
177,0,3,0,1,0,0,1,0,0,0,0,1,[0]
1747,1,1,3,0,0,0,4,0,0,0,0,0,[1]
4272,1,1,1,1,0,0,9,0,0,0,0,1,[0]
5310,0,1,0,0,0,0,4,0,0,0,0,0,[1]
3301,0,1,0,0,0,0,10,0,0,0,0,0,[1]
4224,0,1,1,0,0,0,1,0,0,0,0,1,[0]
5896,0,1,1,5,0,0,6,0,0,0,0,1,[0]
3530,0,2,2,0,0,1,1,9,0,0,0,1,[0]
5685,0,2,1,0,0,0,1,0,0,0,0,1,[0]
3229,0,1,1,0,1,0,9,0,0,0,0,0,[1]
332,0,1,0,0,0,0,6,0,0,0,0,0,[1]
6848,0,3,0,5,0,1,9,1,0,0,0,1,[0]
5905,0,1,2,0,0,0,9,0,0,0,0,0,[1]
5733,0,1,1,0,0,0,8,0,0,0,0,0,[1]
5182,0,1,3,0,0,0,3,0,0,0,0,1,[0]
739,0,1,3,1,0,0,2,0,0,0,0,1,[0]
228,0,1,1,0,0,0,2,0,0,0,0,1,[0]
7,0,2,3,1,0,0,4,0,0,0,0,0,[1]
3379,0,1,0,0,1,0,7,0,0,0,0,0,[1]
5160,0,1,1,0,0,1,7,0,0,0,0,1,[0]
5476,0,1,2,1,1,0,6,0,0,0,0,0,[1]
370,0,1,0,0,0,0,5,0,0,0,0,0,[1]
5134,0,1,1,0,0,1,2,0,0,0,0,1,[0]
5679,0,1,1,0,0,0,5,0,0,0,0,0,[1]
1932,1,2,0,0,0,0,2,0,0,0,0,1,[0]
4044,0,1,0,0,1,0,7,0,0,0,0,0,[1]
949,0,1,0,1,0,0,4,0,0,0,0,0,[1]
2576,0,1,1,4,0,0,9,0,0,0,0,1,[0]
5419,0,1,1,0,0,0,6,0,0,0,0,1,[0]
138,1,1,0,0,0,0,3,0,0,0,0,1,[0]
251,0,1,0,0,0,0,4,0,0,0,0,0,[1]
1090,1,1,0,0,1,0,9,0,0,0,0,0,[1]
