StatusExistingAcc,DurationMonth_C,CreditHistory,Purpose,CreditAmount_C,SavingsAccount,EmploymentLength,InstallmentRate,MarriedNSex,Debtors,ResidenceLength,Property,Age_C,InstallmentPlans,Housing,ExistingCredit,Job,NumPeopleLiable,Telephone,ForeignWorker,score
12,2,33,0,3,62,75,2,93,101,4,123,2,143,152,4,174,1,192,201,0.790280217
11,2,34,9,2,61,75,4,93,101,4,123,2,142,152,4,174,2,192,201,0.761418313
11,1,34,0,2,61,75,1,92,101,4,121,1,141,151,3,173,1,192,201,0.744449197
12,1,34,2,2,61,75,1,93,101,4,123,1,143,151,3,173,1,192,201,0.731606027
11,1,34,0,3,61,75,2,93,101,4,124,2,143,153,3,174,1,192,201,0.72302068
11,3,33,9,3,61,75,3,93,101,4,124,3,143,152,2,173,1,192,201,0.72145307
14,1,34,3,1,65,75,4,93,101,4,121,3,143,152,4,173,1,191,201,0.712601111
11,2,30,1,3,61,75,3,93,101,4,124,1,143,153,2,173,2,191,201,0.711459991
14,2,32,5,3,65,75,4,93,101,4,122,2,143,152,4,173,2,192,201,0.710031333
11,1,34,2,3,61,75,1,92,101,4,122,1,143,152,2,173,1,191,201,0.700277015
11,1,34,0,1,61,75,1,92,101,4,124,2,143,152,2,173,1,192,201,0.696901829
12,1,34,3,1,61,75,2,93,101,4,121,2,143,152,3,172,1,191,201,0.694348159
14,2,34,1,3,65,75,1,93,101,4,123,3,143,152,2,173,1,191,201,0.693609141
14,3,32,0,3,61,75,2,93,101,4,122,2,143,152,1,174,1,192,201,0.693068539
13,1,34,0,1,61,75,1,93,101,4,121,2,143,152,2,173,2,191,202,0.691957378
14,1,34,1,2,61,75,1,93,101,4,123,2,143,152,1,174,1,192,201,0.689963428
14,1,32,3,2,62,75,2,93,101,4,123,1,143,152,2,173,1,191,201,0.686877437
14,1,34,6,2,61,75,2,92,101,4,124,3,141,153,3,172,1,191,201,0.686238379
11,1,34,1,3,61,75,2,92,101,4,124,2,143,153,2,174,2,192,201,0.681490236
11,1,34,3,1,64,75,4,92,101,4,122,3,143,151,2,174,1,192,201,0.672584081
12,2,33,0,2,61,75,4,93,101,4,124,3,141,153,2,173,1,192,201,0.671984466
11,2,34,1,3,61,75,3,93,101,4,124,2,143,153,3,174,2,192,201,0.670373801
12,2,30,9,3,61,75,2,92,101,4,124,2,143,153,2,174,1,192,201,0.670258184
11,1,33,2,2,61,75,1,92,101,4,122,1,143,152,2,172,1,191,201,0.669780358
14,1,34,3,1,61,75,4,93,101,4,121,3,143,152,3,173,1,191,201,0.668269955
14,1,31,0,3,61,75,2,93,101,4,124,2,141,152,2,174,2,192,201,0.664675126
12,3,31,10,3,62,75,3,92,101,4,124,3,141,153,2,174,1,192,201,0.663366
12,2,32,3,2,65,75,2,92,101,4,123,1,143,152,1,173,1,191,201,0.663230962
14,1,30,2,2,61,75,2,93,101,4,122,1,143,152,2,173,1,191,201,0.662869959
11,2,34,1,3,61,75,4,93,101,4,124,2,143,153,2,173,1,192,201,0.662783246
11,2,34,1,3,62,74,1,94,101,4,123,1,143,151,2,173,1,191,201,0.66152139
14,1,32,6,1,61,75,4,93,101,4,122,2,141,152,3,173,2,192,201,0.66134977
13,1,34,0,1,62,75,2,91,101,4,123,1,143,152,2,173,2,192,201,0.661154365
11,1,34,10,1,61,75,3,93,101,4,124,3,141,153,2,174,2,192,201,0.66050206
11,2,30,9,3,61,75,2,93,101,4,123,1,143,151,2,173,1,191,201,0.66044109
14,3,34,0,3,65,75,2,93,101,4,124,3,141,153,1,174,1,192,201,0.658365245
12,1,32,9,1,61,75,2,92,101,4,122,2,143,152,1,173,2,191,201,0.657064398
14,1,32,2,2,61,75,4,93,101,4,122,2,141,152,3,173,2,192,201,0.656994847
12,2,34,0,2,65,75,4,93,101,4,121,2,143,152,2,173,1,191,201,0.656019024
14,1,34,2,1,61,75,4,93,101,4,121,2,143,152,3,173,1,192,201,0.655801338
14,1,33,0,1,65,75,4,94,101,4,123,3,143,152,2,173,1,192,201,0.654590065
11,2,32,1,3,61,75,2,93,101,4,124,2,143,153,1,173,2,191,201,0.654033957
14,1,32,2,1,61,75,1,93,101,4,123,1,143,152,1,173,1,191,201,0.653960793
11,2,32,0,2,61,74,2,93,101,4,124,2,141,153,1,174,2,192,201,0.653749881
14,2,34,1,2,65,75,4,93,101,3,123,2,143,152,2,173,2,192,201,0.652919935
11,2,32,3,2,61,75,1,93,103,3,122,2,143,152,1,173,2,191,201,0.652528221
14,1,34,3,2,65,75,1,93,102,4,121,2,143,152,1,173,1,192,201,0.651747502
12,2,30,9,1,61,75,4,93,101,4,124,3,143,153,1,174,1,192,201,0.651513105
11,2,32,6,1,65,75,4,93,101,4,124,2,143,152,1,174,1,192,201,0.651267418
14,1,34,3,1,61,75,2,93,101,4,121,3,143,152,2,172,1,192,201,0.650915749
11,1,30,2,3,61,75,3,93,101,4,124,1,141,151,2,173,2,191,201,0.650863811
14,2,34,0,3,61,75,4,93,101,4,123,1,143,152,2,174,1,192,201,0.650310263
12,2,32,3,2,61,74,4,93,101,4,121,1,143,152,2,173,1,191,201,0.649756714
14,2,34,1,3,65,75,2,93,101,4,124,2,143,153,2,173,1,191,201,0.649524576
14,1,34,0,1,64,75,4,92,101,4,121,2,143,152,2,173,1,192,201,0.648754997
11,1,32,1,2,65,75,2,92,101,4,121,1,143,151,1,173,1,191,201,0.648647509
11,1,34,0,1,61,75,4,93,101,4,121,3,143,152,2,173,1,191,201,0.647876727
14,2,32,3,2,65,75,2,92,101,4,121,2,143,152,1,172,1,192,201,0.647751023
14,1,34,6,1,61,75,4,93,101,4,124,3,143,153,2,173,2,191,201,0.64558154
12,1,34,6,1,61,75,2,92,101,3,123,1,143,152,2,174,1,192,201,0.644284306
11,2,34,2,3,63,73,1,92,101,4,123,1,143,152,2,173,1,191,201,0.642729342
12,1,34,9,1,61,75,4,91,101,4,121,1,143,152,2,173,1,192,201,0.642121447
12,1,30,9,3,61,73,1,93,101,4,121,2,143,152,3,172,1,192,201,0.641770831
11,2,34,1,3,61,75,4,92,101,4,124,3,142,153,2,172,1,191,201,0.64145198
11,2,32,2,2,64,75,4,92,101,4,122,3,143,151,2,173,1,192,201,0.641267564
14,1,33,0,2,61,75,4,93,101,4,124,3,143,153,2,173,1,192,201,0.641128462
11,3,32,9,3,61,75,4,93,102,4,124,2,143,151,1,173,1,191,201,0.639214452
14,1,34,3,2,62,75,4,93,101,4,122,3,141,152,2,173,1,191,201,0.639173203
14,2,32,0,1,63,75,4,93,101,4,122,2,143,152,1,173,1,191,201,0.638944678
11,1,34,5,1,62,75,3,93,103,4,121,2,143,152,2,173,2,191,202,0.638712841
14,2,33,3,3,65,75,3,93,101,3,123,1,141,152,2,173,2,191,201,0.637994447
14,1,34,3,2,65,75,4,93,101,4,122,3,143,152,2,173,1,191,201,0.637115574
11,1,34,1,1,61,75,4,93,101,4,124,3,143,153,2,174,1,191,201,0.636732441
14,1,34,5,3,61,75,3,93,101,4,124,2,143,153,2,173,1,191,201,0.636562778
13,2,33,9,1,61,75,4,93,101,4,121,3,143,152,1,174,1,192,201,0.6355579
12,1,34,3,1,61,75,3,92,103,4,121,2,141,151,2,172,1,192,201,0.634890691
13,1,32,0,1,62,75,1,92,101,4,124,2,143,153,1,172,2,191,201,0.634188255
14,1,34,1,2,64,75,3,93,101,4,124,1,143,151,2,173,1,192,201,0.633835833
12,2,33,1,3,61,75,1,93,101,2,123,1,143,152,2,174,1,192,201,0.632330247
14,1,34,0,3,65,75,1,92,101,4,123,3,143,152,1,173,1,192,201,0.632172327
14,2,33,2,3,63,74,2,92,101,4,123,2,143,152,2,173,1,192,201,0.631666199
11,1,34,1,2,61,75,4,93,101,4,122,3,143,152,2,173,1,192,201,0.631659274
14,2,34,9,3,65,75,4,93,101,4,121,2,143,152,2,173,1,191,201,0.630227906
12,1,33,0,2,61,73,1,91,101,4,122,2,143,152,2,173,1,191,201,0.629634464
14,1,34,3,1,64,75,4,93,101,4,123,2,143,152,2,173,1,191,201,0.629319226
14,1,32,0,3,63,75,1,92,101,4,124,2,143,153,1,173,1,191,201,0.629316215
11,1,34,0,2,61,75,2,93,103,4,122,2,141,151,1,173,1,192,201,0.628673996
11,1,34,0,1,61,75,4,93,101,4,123,3,143,152,2,172,1,191,201,0.626400036
14,3,32,3,3,62,74,2,92,101,4,121,1,143,152,1,173,1,192,201,0.625573703
12,1,32,3,3,65,75,2,92,101,4,123,2,143,152,1,173,1,192,201,0.625389136
13,1,34,2,2,65,75,4,93,102,4,124,1,143,151,2,173,1,191,201,0.624902881
11,2,32,0,3,61,75,4,93,101,4,124,2,141,153,1,174,1,191,201,0.624868105
13,1,32,3,1,62,75,2,91,101,4,121,2,143,152,1,173,1,191,201,0.624867352
14,2,32,3,2,63,75,4,93,101,4,123,2,143,152,1,173,1,191,201,0.624715303
12,2,34,3,2,61,75,4,93,101,4,121,2,143,152,1,173,1,191,201,0.624326299
14,1,34,3,1,63,75,4,93,101,4,122,2,143,152,2,173,2,192,201,0.623754535
13,1,32,2,1,65,75,3,92,101,4,121,3,143,152,1,174,1,192,201,0.622272735
11,2,32,1,3,61,74,4,93,101,4,124,2,142,153,3,173,2,192,201,0.622183462
11,1,34,2,1,61,75,4,93,101,4,123,2,143,152,2,173,2,192,201,0.622175935
12,1,34,3,1,65,75,4,93,103,4,121,3,143,152,2,173,1,192,201,0.621571954
12,1,32,8,1,65,75,4,93,101,4,122,2,143,152,2,173,1,191,201,0.62137956
11,2,31,2,2,61,75,4,93,101,4,123,1,141,152,1,173,1,191,201,0.620139382
12,1,34,0,1,61,75,3,93,103,3,121,1,141,152,2,173,1,191,201,0.619199991
14,1,34,3,1,65,75,4,93,101,4,123,2,143,152,2,173,1,191,201,0.619106955
12,1,30,1,3,62,75,3,94,101,4,123,1,141,152,2,173,1,192,201,0.619056974
14,1,34,0,1,61,75,3,93,101,4,121,1,143,152,2,172,2,191,202,0.618776512
14,1,34,3,1,61,75,4,93,101,4,123,2,143,152,2,173,1,192,201,0.618582762
11,1,32,3,1,65,74,2,94,101,4,123,1,143,151,2,172,1,191,201,0.617943404
11,2,31,9,3,61,74,2,92,103,4,123,2,143,151,1,173,1,191,201,0.61791465
13,1,34,9,1,64,73,2,91,101,4,121,2,143,152,2,173,1,192,201,0.617870089
13,2,34,3,2,65,75,4,93,101,4,122,2,142,152,2,172,1,191,201,0.617663694
14,1,32,2,2,63,75,3,93,101,4,122,3,143,152,1,173,1,191,201,0.617404307
12,2,33,6,3,61,75,4,93,101,4,124,3,143,153,1,173,1,191,201,0.617366973
14,1,34,3,2,62,75,3,93,101,4,121,2,143,152,1,173,2,192,201,0.61702554
13,1,32,2,2,61,75,3,91,101,4,124,3,143,153,1,173,1,191,201,0.616820801
14,1,34,3,1,63,75,4,93,101,3,122,1,141,152,2,174,1,192,201,0.615819235
14,3,33,3,3,61,74,2,93,101,4,123,1,143,152,2,173,1,192,201,0.615689918
13,1,34,0,1,61,75,4,93,101,4,124,3,143,153,2,173,1,192,201,0.615631206
13,2,34,1,3,61,75,4,93,101,4,124,3,143,153,1,173,1,191,201,0.615569483
11,1,32,1,3,65,75,1,93,101,4,122,3,143,153,1,173,2,192,201,0.615135917
14,1,32,3,1,62,75,2,93,101,4,124,2,141,153,1,173,2,192,201,0.614407287
14,1,34,3,3,61,75,3,93,101,4,123,1,143,152,2,173,1,192,201,0.614383501
14,1,32,3,2,63,75,3,93,101,4,123,2,143,152,1,173,1,191,201,0.613570265
14,1,33,5,1,64,75,4,93,101,4,124,3,143,153,2,173,2,191,201,0.613179755
14,2,32,3,1,65,75,4,93,101,4,123,3,143,152,1,173,1,192,201,0.612721801
14,1,33,0,2,61,75,4,93,101,4,123,2,143,152,2,172,2,191,201,0.612692747
11,1,32,0,3,61,75,1,91,101,4,122,2,143,152,1,174,1,192,202,0.612430199
12,1,30,2,2,61,73,1,92,101,4,123,1,141,152,2,173,1,192,201,0.612305398
14,2,34,0,2,61,74,4,93,101,4,123,2,143,152,2,173,1,192,201,0.612062421
14,1,32,1,2,61,75,4,93,101,4,123,2,143,152,1,174,1,192,201,0.611341468
11,1,34,0,3,61,75,3,93,102,4,122,2,143,151,2,173,1,192,201,0.610528382
14,1,34,2,2,61,75,2,93,101,4,122,2,142,152,1,173,1,191,201,0.61050279
11,1,34,3,1,63,75,4,93,101,4,123,3,143,152,2,173,1,191,201,0.609222267
11,1,32,2,1,65,75,2,91,101,4,122,2,143,152,1,172,1,192,201,0.608427246
14,1,32,9,3,64,73,2,93,101,3,122,3,143,152,3,174,1,192,201,0.607180144
12,1,31,1,3,61,75,2,92,101,4,124,3,141,153,1,174,2,192,201,0.607144615
14,2,32,3,3,65,74,2,94,101,4,122,1,143,151,1,173,1,192,201,0.606811764
11,1,34,0,2,61,74,1,93,101,4,121,2,143,152,2,172,1,191,202,0.606624939
14,1,34,3,1,65,75,4,93,101,4,124,2,143,153,2,173,1,191,201,0.605516487
14,1,32,1,2,65,75,4,93,101,4,121,2,143,152,1,174,1,192,201,0.605119504
14,1,32,1,3,65,75,3,93,101,4,123,2,143,152,1,174,2,192,201,0.605055974
14,1,34,1,3,65,74,3,93,101,4,122,2,143,152,2,173,1,192,201,0.605048297
14,1,32,6,2,65,75,1,93,101,4,121,3,143,152,1,172,1,191,201,0.604918076
14,2,34,1,3,61,75,2,93,101,2,122,2,143,152,2,173,2,192,201,0.60394963
14,1,30,0,3,65,73,1,92,101,4,122,1,141,152,2,173,1,192,201,0.60250652
14,2,33,9,3,61,74,3,93,101,4,123,1,143,152,2,173,1,191,201,0.602251499
11,1,34,3,1,61,74,4,92,101,3,121,3,143,152,4,172,1,192,201,0.601901184
13,2,34,3,2,61,75,4,93,101,4,122,2,143,152,1,173,1,191,201,0.600949297
11,1,34,3,1,65,75,4,93,101,4,121,3,143,152,2,173,1,192,201,0.600715353
12,1,32,5,1,61,75,4,93,101,4,123,2,143,152,2,172,1,191,201,0.600660404
11,1,32,0,1,61,74,4,92,101,4,123,1,143,151,2,173,1,191,201,0.600656641
11,2,32,2,3,61,74,2,93,103,4,122,2,143,153,1,173,2,191,201,0.5994821
11,1,32,3,1,61,75,4,92,101,4,123,3,143,152,1,173,1,191,201,0.59900849
12,1,34,1,3,64,75,2,92,101,4,124,1,143,151,1,173,1,191,201,0.598015505
12,1,33,9,1,62,75,1,91,101,2,123,1,141,152,2,173,2,191,201,0.597849004
14,1,34,0,1,64,75,4,93,101,4,121,3,143,152,1,173,1,192,201,0.595558635
12,1,32,3,1,61,75,4,92,101,4,123,1,143,152,1,173,1,192,201,0.595282237
12,1,32,0,2,62,74,2,93,101,3,123,2,141,152,2,173,1,192,201,0.594970009
13,1,32,6,1,61,75,4,93,101,4,123,2,143,151,1,174,1,192,201,0.594548939
11,2,32,0,2,61,74,4,93,101,4,124,2,143,153,1,173,2,191,201,0.594328694
11,2,32,1,3,65,75,3,93,101,4,124,2,143,153,1,173,1,191,201,0.593932765
11,1,32,2,2,61,74,1,92,101,4,123,1,143,151,1,172,1,191,201,0.593623398
12,1,34,2,2,61,75,3,92,101,4,122,2,143,152,1,173,1,192,201,0.593034321
14,1,34,0,1,61,75,4,93,101,4,121,3,143,152,2,172,1,191,201,0.592995029
14,1,34,1,2,65,74,4,93,101,4,123,2,143,152,2,173,2,192,201,0.592927736
11,2,30,2,3,61,73,3,93,101,4,124,3,143,153,2,173,2,191,201,0.592701017
11,1,34,3,1,61,74,1,92,101,4,123,1,143,152,1,173,1,191,201,0.592648628
14,1,32,2,2,65,74,1,92,101,4,121,1,141,151,1,172,1,191,201,0.591672353
14,1,33,3,1,65,75,3,93,101,4,124,2,143,153,1,173,1,191,201,0.591253993
11,1,34,0,1,61,75,4,94,101,3,123,1,143,152,2,173,1,192,201,0.590810793
11,1,34,2,2,61,75,3,93,101,3,122,3,143,152,2,173,1,191,201,0.590602139
14,1,32,2,2,61,74,2,92,101,4,122,1,143,151,1,173,1,192,201,0.590261008
12,1,34,0,1,61,75,4,93,101,4,123,2,141,152,1,173,2,192,201,0.589952996
11,2,32,2,2,61,75,2,93,101,2,122,2,141,152,1,173,2,191,201,0.589479687
14,1,34,3,2,61,75,4,94,102,3,121,2,143,152,2,173,1,191,201,0.588689634
11,2,32,4,2,61,73,3,93,101,4,123,3,143,152,1,173,1,191,201,0.587833343
14,1,32,0,2,63,75,2,93,101,4,124,3,143,153,1,172,1,191,201,0.587474297
11,1,34,0,1,61,75,4,93,101,4,121,2,143,152,2,172,1,191,201,0.587415284
12,1,32,1,2,65,75,4,93,101,4,124,2,141,153,1,173,1,192,201,0.587164327
14,1,31,3,1,63,75,2,93,101,4,122,2,141,152,1,172,2,191,201,0.587015741
12,1,32,3,1,61,75,4,93,101,4,123,1,143,152,2,172,1,191,201,0.586558089
14,1,32,0,1,61,75,4,93,101,4,123,2,143,152,1,174,1,192,201,0.586555981
13,1,32,3,2,65,75,2,93,101,3,123,2,143,152,1,174,1,191,201,0.586550863
12,1,33,1,3,65,74,3,93,101,4,122,2,141,151,2,174,2,192,201,0.586495764
12,1,32,6,1,61,74,4,92,101,4,122,3,143,152,2,174,1,192,201,0.585360364
12,1,34,9,2,61,74,2,93,101,3,122,1,143,152,2,173,1,191,201,0.585328901
14,1,34,2,3,65,75,2,93,101,4,122,2,143,151,1,173,1,192,201,0.585217499
11,1,32,1,2,65,75,4,93,101,4,124,2,141,153,1,173,2,192,201,0.585075988
14,1,34,6,1,65,75,4,92,101,4,122,2,143,151,2,172,1,191,201,0.584899701
14,2,34,3,2,65,75,3,93,101,2,123,2,143,152,2,173,2,192,201,0.584831204
14,1,34,1,3,65,73,2,93,101,4,122,2,143,152,2,174,2,192,201,0.584136747
14,1,32,0,2,65,75,4,92,101,4,124,3,143,153,1,174,1,192,201,0.584006978
12,1,32,2,2,62,75,4,93,101,4,124,1,143,153,1,173,1,191,201,0.584001107
12,1,32,2,2,61,74,2,92,101,4,121,2,143,151,1,173,1,191,201,0.583785227
14,1,32,9,1,61,74,2,93,101,4,123,2,143,152,1,173,1,192,201,0.582305083
11,1,30,0,1,61,75,4,93,101,3,123,1,143,151,2,173,2,191,201,0.581069422
12,1,34,8,1,65,74,1,92,101,3,122,2,143,152,2,172,1,191,201,0.579885698
14,2,34,9,3,65,75,4,91,101,2,123,2,141,152,2,174,2,191,201,0.57972823
12,1,32,0,2,62,73,2,92,101,4,123,1,143,151,2,173,1,192,201,0.579364968
11,1,32,1,2,61,75,3,93,101,4,124,2,143,153,1,173,1,192,201,0.578932005
13,1,32,9,2,61,74,2,93,101,4,122,1,143,151,1,173,1,192,201,0.578791698
12,1,32,3,1,61,75,3,94,103,3,121,2,141,152,2,172,1,191,201,0.578514849
14,2,34,3,3,65,74,2,93,101,3,122,2,143,152,2,173,1,191,201,0.578320497
14,1,34,3,1,61,75,2,93,101,2,124,1,143,152,2,173,1,191,201,0.578292195
11,1,31,10,1,65,75,4,93,101,3,123,2,142,152,1,174,1,192,201,0.578260731
11,1,31,1,2,61,73,1,92,103,4,123,1,141,151,1,173,1,191,202,0.578237698
11,1,32,2,2,61,73,1,92,101,4,121,1,141,151,1,173,1,191,201,0.578129307
12,2,32,3,2,61,74,4,93,101,4,123,1,143,151,1,173,1,191,201,0.577957988
14,1,34,2,2,61,74,2,92,102,3,123,1,141,152,2,173,1,191,201,0.577757766
14,1,32,1,1,65,75,4,93,101,4,124,2,141,153,1,173,2,191,201,0.577486486
14,1,32,3,2,62,75,3,93,102,4,123,2,143,152,1,173,1,192,201,0.577204066
14,1,32,0,1,62,75,4,94,101,4,121,2,143,151,1,172,1,191,201,0.577124429
14,1,32,0,2,61,75,4,92,102,4,124,3,143,153,1,173,1,192,201,0.576958078
14,2,34,2,3,63,73,4,93,101,4,121,2,143,152,2,173,1,192,201,0.576776523
14,1,34,3,1,61,75,4,93,101,4,121,3,143,152,1,173,1,191,201,0.576260158
11,1,32,2,1,61,75,4,92,101,4,122,1,143,151,1,173,1,191,201,0.575912102
11,1,34,0,1,61,75,4,93,101,3,122,2,143,152,2,173,1,191,201,0.57551286
14,1,32,3,2,63,75,3,93,101,2,123,2,141,152,2,173,1,192,201,0.575376468
14,1,34,2,1,65,75,4,93,101,4,122,3,143,152,1,173,1,191,201,0.575234355
11,1,34,0,2,61,73,1,93,101,3,121,2,143,151,3,173,2,191,201,0.575051294
12,2,34,3,3,61,74,2,93,103,2,121,1,143,152,2,173,1,191,201,0.574951333
14,2,32,1,3,65,74,2,92,101,4,122,1,142,151,1,172,1,191,201,0.574832253
12,2,34,2,3,61,73,2,92,101,3,123,1,143,152,1,174,1,192,201,0.574650698
14,1,32,3,1,61,75,4,93,101,4,123,2,143,152,1,173,1,191,201,0.574356084
11,1,32,10,1,61,75,4,92,103,4,121,3,143,152,1,172,1,192,201,0.574196658
12,1,32,9,1,63,75,1,94,101,2,121,2,143,152,1,173,1,192,201,0.573624442
12,2,34,1,3,61,73,3,93,101,4,123,1,143,152,2,173,1,192,201,0.57337183
12,1,32,2,1,62,72,4,92,101,4,123,1,141,151,4,173,1,191,201,0.572851251
12,2,33,0,2,62,75,4,93,101,3,124,1,143,153,1,173,1,191,201,0.572440267
14,1,34,5,1,65,74,4,92,101,4,121,1,143,152,2,173,1,191,201,0.572390588
14,2,34,6,3,61,73,1,93,101,3,124,1,141,153,1,173,1,192,201,0.572022358
12,2,30,9,2,62,74,4,93,101,4,124,1,143,153,1,172,2,191,201,0.571963496
12,2,33,9,3,62,74,1,93,101,3,122,1,143,152,2,172,2,192,201,0.570600173
12,1,32,0,1,61,75,1,91,101,1,121,2,143,151,2,173,1,191,201,0.570066798
14,1,32,6,1,63,75,4,93,101,4,124,2,143,153,1,173,1,192,201,0.569672374
12,1,33,0,2,65,75,4,93,101,4,123,2,143,152,1,173,2,191,201,0.569325521
12,1,32,0,1,64,75,4,93,101,4,121,3,143,152,1,173,1,192,201,0.569094286
12,2,31,9,3,61,75,4,92,101,3,124,3,143,151,1,173,1,191,201,0.568889848
12,2,32,3,3,64,74,1,93,102,2,124,1,141,152,2,173,1,192,201,0.568874493
14,1,32,9,1,64,75,4,92,101,4,121,2,141,152,1,172,1,191,201,0.567862088
11,1,32,3,2,61,75,4,93,101,4,121,3,141,151,1,172,1,191,201,0.56775761
14,1,33,2,1,62,74,4,93,101,3,121,1,143,152,2,174,1,191,201,0.567667585
11,1,34,0,1,64,74,3,92,101,4,121,2,143,152,2,172,1,192,201,0.567104854
12,1,32,1,3,61,73,1,92,101,4,123,1,143,151,2,174,1,191,201,0.566846521
11,2,32,2,3,65,75,4,93,101,4,122,1,143,152,1,173,1,191,201,0.56682951
14,1,34,0,3,61,74,1,93,101,3,124,2,143,152,2,174,2,192,201,0.566726086
14,2,34,1,3,64,75,4,93,101,2,123,2,143,152,2,174,1,192,201,0.566530982
12,1,32,9,1,62,74,2,92,101,4,121,1,143,151,1,172,1,191,201,0.566225378
12,2,32,2,2,62,73,2,92,102,4,123,1,143,151,1,173,1,191,201,0.565601074
12,3,32,3,3,62,73,2,94,101,2,123,1,143,152,1,173,1,191,201,0.565438487
12,1,34,0,1,61,74,2,93,101,3,121,2,143,152,2,172,2,191,201,0.565027654
14,1,32,1,2,62,74,3,92,101,4,123,1,143,152,1,173,1,191,201,0.564207945
14,1,34,3,1,61,75,2,94,101,2,121,1,143,151,2,173,1,191,201,0.563862297
11,1,31,2,2,61,74,3,93,101,4,123,1,141,152,1,173,1,191,201,0.563552779
11,2,32,3,3,61,74,1,94,103,1,121,1,143,152,2,173,1,192,201,0.562921701
12,1,34,6,1,64,75,4,93,101,3,124,1,143,153,2,173,2,191,201,0.562749479
14,1,34,2,3,61,75,4,93,101,4,123,1,143,152,1,173,1,192,201,0.562697993
12,1,32,3,1,65,75,4,93,101,4,122,2,143,152,1,173,1,191,201,0.56240353
13,1,34,3,1,65,73,3,93,101,4,124,2,143,153,2,173,1,192,201,0.562279482
14,2,34,3,3,61,74,4,92,101,4,123,1,143,151,1,174,1,192,201,0.562204963
12,1,32,3,1,61,75,4,92,101,4,121,1,143,152,1,173,1,191,201,0.562032892
11,1,32,3,2,61,75,3,93,101,4,121,3,143,152,1,172,1,191,201,0.561168019
11,1,31,0,1,61,74,4,93,101,4,124,1,143,153,2,172,2,191,201,0.560984958
11,2,32,3,1,61,73,4,93,101,4,124,1,143,153,1,173,1,192,201,0.56096343
11,2,32,2,2,61,74,4,92,101,4,121,1,143,151,1,173,1,191,201,0.560692452
11,1,31,0,2,62,74,2,93,101,3,123,1,141,152,1,173,1,191,201,0.560609653
12,2,33,9,2,62,75,4,93,101,2,122,2,142,152,2,173,1,191,201,0.559699467
14,1,32,3,1,65,75,4,93,101,2,123,1,143,152,2,173,1,191,201,0.558679986
14,2,32,9,3,62,74,2,93,101,2,123,1,143,152,2,173,1,192,201,0.558461698
14,1,34,3,2,64,75,2,93,101,2,123,1,143,152,1,173,1,191,201,0.558019702
14,1,32,9,2,64,75,1,91,101,2,121,1,143,152,1,173,1,192,201,0.557923053
11,2,33,3,3,61,74,3,93,101,2,122,1,141,152,2,173,2,192,201,0.557914924
14,1,32,1,2,64,73,2,92,101,4,123,1,143,151,1,173,1,192,201,0.557763778
14,1,32,3,1,61,73,1,93,101,4,122,2,143,152,1,173,1,192,202,0.557418732
14,2,32,9,3,65,75,3,93,101,2,122,2,143,152,2,173,1,191,201,0.556900562
12,3,32,6,3,61,73,4,93,101,4,124,2,143,153,1,173,1,191,201,0.556520289
14,2,33,3,3,61,73,4,92,101,4,121,1,143,152,2,173,1,191,201,0.556143027
11,1,32,0,1,65,74,4,92,101,4,124,1,143,151,1,173,1,191,201,0.555752216
14,1,32,0,2,63,74,1,92,101,2,123,1,141,152,1,174,1,191,201,0.555475366
12,1,32,3,1,61,75,4,93,101,4,123,1,143,152,1,173,2,191,201,0.555237658
11,1,34,2,2,61,73,1,91,101,4,121,2,143,151,1,174,1,192,201,0.554784672
14,2,34,1,3,62,73,2,92,101,4,123,1,141,151,2,172,1,191,201,0.554683507
12,1,32,2,2,65,75,1,92,101,2,122,1,141,152,1,173,1,192,201,0.554312116
14,3,32,0,3,65,73,4,93,101,4,124,1,143,153,1,173,2,192,201,0.554073655
11,1,31,6,1,61,75,4,92,101,4,124,2,143,153,1,173,1,191,201,0.553906853
11,1,32,2,2,65,73,2,94,101,4,123,1,143,152,1,173,1,191,201,0.553740653
14,1,31,9,1,61,74,4,93,101,4,123,3,141,152,1,173,1,192,201,0.552947289
14,1,34,2,1,63,74,3,92,101,4,123,2,143,151,1,173,1,192,201,0.552730506
14,1,34,2,1,61,74,4,93,101,3,122,2,143,152,2,173,1,191,201,0.552681128
14,1,34,1,2,61,75,4,92,101,2,123,2,143,151,2,174,1,192,201,0.552565962
14,1,34,0,2,61,73,4,93,101,4,123,2,143,152,3,173,1,192,201,0.552532993
14,1,32,4,1,63,73,1,91,101,4,121,3,143,152,1,173,1,191,201,0.552473679
14,2,33,0,3,61,75,2,93,101,2,123,2,143,152,2,173,2,192,201,0.55242701
11,1,32,3,1,61,75,4,93,101,4,121,3,142,152,1,172,1,191,201,0.552072781
14,1,32,6,1,61,75,4,93,101,4,123,2,141,152,1,172,2,191,201,0.551970412
14,2,34,3,2,61,75,4,93,101,2,123,1,143,152,2,173,1,191,201,0.55177064
14,1,32,5,1,63,74,2,94,101,4,121,1,143,151,1,172,1,191,201,0.5516624
14,1,31,3,1,62,75,4,93,101,4,123,1,141,152,1,172,2,191,201,0.55147693
14,1,32,9,2,61,74,1,93,101,4,121,3,143,152,1,172,1,191,201,0.551393529
14,1,32,0,1,65,74,4,92,101,4,122,1,143,151,1,173,1,191,201,0.550300733
14,1,34,3,1,61,74,1,92,101,2,123,1,143,151,2,173,1,192,201,0.550262495
12,1,32,0,1,61,75,4,93,101,4,123,2,141,152,1,172,2,191,201,0.550240365
11,1,33,0,3,61,73,3,93,101,4,124,3,143,153,2,173,2,191,201,0.550060466
11,1,34,2,1,61,73,2,91,101,3,122,1,143,152,2,173,1,191,201,0.549805746
11,2,34,1,3,61,74,4,93,101,4,123,1,143,152,2,173,1,192,201,0.549678386
12,2,32,3,2,62,73,4,93,103,4,122,1,143,151,1,173,1,191,201,0.548822396
12,1,33,0,1,65,73,4,92,101,4,123,2,143,151,2,173,1,192,201,0.548791083
11,2,33,9,2,61,74,2,93,101,1,123,1,143,152,2,173,1,192,201,0.548772415
12,2,33,9,3,61,73,2,91,101,2,121,1,142,152,2,174,1,192,201,0.548380852
12,2,32,0,3,65,74,1,92,101,2,123,1,143,152,1,173,1,191,201,0.547689104
12,1,32,2,3,65,73,1,92,101,4,122,2,143,152,1,172,1,192,201,0.54762151
11,1,32,3,2,61,73,2,92,101,4,123,1,143,152,1,173,1,191,201,0.546943311
12,1,32,0,2,61,74,3,93,101,4,122,1,143,151,1,173,2,192,201,0.54658833
12,1,33,10,2,61,73,2,93,101,3,123,1,141,152,2,173,1,192,201,0.546553705
12,1,33,3,3,61,74,2,93,101,4,122,3,143,152,1,173,1,191,201,0.546513961
14,1,34,9,1,65,75,4,93,101,4,124,3,143,151,1,172,1,191,201,0.546391268
11,1,32,0,1,61,73,2,92,101,4,123,1,143,151,1,173,1,191,201,0.545424327
14,1,32,0,3,65,73,2,93,101,4,123,3,143,151,2,173,1,191,201,0.545294258
11,1,32,3,1,61,74,3,93,101,4,121,3,143,152,1,173,1,191,201,0.544911576
14,1,34,1,2,61,74,4,93,101,3,123,2,143,152,2,173,1,192,201,0.544890801
14,2,34,2,3,61,72,2,92,101,4,122,1,143,151,2,173,1,192,201,0.544283508
14,1,34,0,2,62,74,4,94,101,3,122,1,143,152,2,173,1,192,201,0.543693077
14,1,32,3,2,63,75,3,91,101,2,123,1,143,152,1,174,1,192,201,0.543542082
14,1,32,3,2,64,74,2,91,101,4,121,3,143,152,1,172,1,191,201,0.543519801
14,1,33,2,3,62,73,2,93,101,3,122,2,143,152,2,173,1,191,201,0.541916964
11,1,32,3,1,61,73,2,93,101,4,121,1,143,151,1,172,2,191,201,0.540813932
14,1,34,2,2,61,74,2,93,101,2,122,1,143,152,2,172,1,191,201,0.540394216
13,1,32,0,1,61,75,3,92,101,2,123,1,143,152,1,174,1,191,201,0.5401681
12,1,34,9,2,65,74,4,93,101,3,124,1,143,152,2,173,2,192,201,0.539987297
14,1,34,0,2,61,74,2,93,101,2,122,1,141,152,2,173,1,191,201,0.539587152
11,2,32,1,3,61,74,4,93,101,3,122,1,143,152,1,173,2,191,201,0.539043991
14,1,30,3,1,61,75,4,94,101,4,123,2,143,152,1,172,1,191,201,0.538553972
11,1,32,2,1,61,73,2,92,101,4,123,1,143,151,1,173,1,191,201,0.538455065
14,1,33,9,2,65,73,4,93,101,4,121,1,143,152,2,173,2,192,201,0.538421042
14,2,32,3,2,63,75,4,93,101,2,123,1,141,152,1,174,1,191,201,0.538183936
14,1,34,0,2,65,72,2,91,101,4,121,2,143,152,2,173,1,192,201,0.537790867
14,1,32,2,2,61,75,4,93,101,2,121,3,143,152,2,173,1,191,201,0.537757747
14,1,32,2,2,63,75,4,93,101,3,124,1,143,151,1,173,1,192,201,0.537561138
11,1,32,0,1,61,74,2,91,101,3,123,2,143,152,1,173,1,191,201,0.537533739
12,1,33,3,1,62,74,3,92,101,2,122,1,143,151,2,173,1,192,201,0.537504834
14,2,32,1,2,63,73,4,93,101,4,123,1,143,152,1,173,1,191,201,0.537136003
14,1,32,2,2,63,73,2,92,101,4,123,1,143,151,1,173,1,191,201,0.537050494
14,2,32,6,1,61,73,4,93,101,4,124,2,142,153,1,173,1,192,201,0.536605788
12,1,32,3,1,61,75,4,93,101,3,123,2,143,152,1,173,2,191,201,0.536072864
12,1,34,9,2,63,73,2,93,101,4,123,1,141,152,1,173,1,191,201,0.535975613
12,1,32,2,2,65,74,2,93,101,3,123,2,143,152,1,173,1,192,201,0.535500498
11,1,32,2,2,65,74,4,93,101,4,123,2,143,152,1,173,1,192,201,0.535318641
11,1,32,0,3,61,74,2,93,102,3,122,1,143,152,1,173,1,192,201,0.535099149
11,2,34,2,3,65,74,4,93,101,4,122,1,143,152,2,174,1,192,201,0.534563966
14,2,33,9,2,61,73,2,92,101,2,123,1,143,152,2,173,1,192,201,0.534227803
11,1,32,3,1,61,73,4,92,101,4,123,1,141,151,2,173,1,191,201,0.533224882
12,1,32,9,1,62,74,3,93,101,4,121,2,143,152,1,172,1,191,201,0.533211182
12,1,34,9,1,65,73,4,94,101,4,121,1,141,152,2,173,1,191,201,0.533173697
14,1,32,2,1,61,73,4,93,101,4,124,2,141,153,2,173,1,191,201,0.532180712
14,1,32,0,1,61,73,2,92,101,4,123,3,143,152,1,173,1,192,201,0.532143678
14,1,32,3,1,63,75,4,93,101,3,122,2,142,152,1,173,1,192,201,0.531865474
12,1,33,2,3,61,75,4,91,101,3,124,2,143,152,1,174,1,192,201,0.531758437
11,2,32,3,2,61,73,4,91,101,4,123,1,143,151,1,173,1,191,201,0.531661337
14,1,32,4,1,63,74,4,93,101,3,122,2,143,152,2,173,1,192,201,0.531363863
11,1,34,2,2,61,73,4,92,101,4,121,1,143,151,2,173,1,191,201,0.530747537
14,2,32,3,2,65,73,4,92,101,4,123,1,143,152,1,173,1,191,201,0.530719536
12,1,32,9,3,61,75,1,93,102,1,121,1,141,152,1,174,1,192,201,0.530304789
12,1,33,3,1,61,73,4,94,102,4,121,1,143,151,2,173,1,191,201,0.53008635
11,1,32,0,3,61,75,1,93,101,4,124,3,141,152,1,174,1,192,201,0.529960044
11,1,31,3,1,61,74,4,93,103,4,123,1,141,151,1,172,1,191,201,0.529824555
14,1,34,3,1,61,73,4,93,101,4,124,2,143,153,2,173,1,192,201,0.529224338
14,1,34,0,3,61,73,1,93,101,4,122,2,143,152,2,172,1,191,201,0.529113689
14,1,34,0,1,62,74,4,92,101,3,123,3,143,152,2,173,1,192,201,0.529093365
12,2,32,1,3,61,72,1,94,101,4,123,1,143,151,1,174,1,192,201,0.52878731
14,1,33,1,3,61,74,3,93,101,3,123,2,143,152,2,172,1,192,201,0.528759911
12,1,31,0,1,62,74,2,93,101,3,124,1,143,152,1,173,1,191,201,0.528660402
11,2,32,9,3,61,72,3,92,101,4,122,1,143,151,1,173,1,191,201,0.528453856
14,1,32,3,2,65,75,4,93,101,3,122,2,143,152,1,173,1,192,201,0.528349981
12,2,32,3,2,62,73,4,92,102,4,124,3,143,153,1,173,1,191,201,0.527883898
12,1,34,3,1,61,75,4,93,101,2,122,2,143,152,2,172,1,191,201,0.527807874
12,1,33,9,2,65,75,4,93,101,2,122,2,143,152,2,173,1,191,201,0.527645739
14,1,32,0,2,64,74,2,92,101,3,123,1,143,151,1,173,1,191,201,0.527171828
14,2,34,1,3,61,74,3,93,101,2,123,2,143,152,2,174,1,192,201,0.527033779
12,1,31,6,1,61,74,4,92,101,4,124,1,141,153,1,172,1,191,201,0.5268456
11,1,32,8,1,61,74,4,94,101,4,122,1,143,151,1,173,1,191,201,0.526841234
13,1,34,0,1,63,74,4,94,101,2,121,1,143,152,3,173,1,192,201,0.526462466
12,2,34,0,2,61,72,4,91,101,4,123,1,143,152,2,173,1,191,201,0.526358591
14,1,32,3,1,62,73,4,93,101,4,123,1,143,151,1,174,1,192,201,0.526190434
14,1,32,2,1,61,74,3,92,101,4,121,1,143,152,1,172,1,191,201,0.526055547
11,1,32,3,2,61,73,4,93,101,4,124,3,143,153,2,173,1,191,201,0.525874744
12,1,34,6,3,61,72,2,92,101,4,124,1,143,153,2,173,1,192,201,0.525619724
11,1,32,2,3,61,75,4,93,101,4,124,3,143,153,1,174,1,192,201,0.525328723
11,1,30,0,1,61,73,4,93,101,4,123,2,141,152,2,173,1,191,201,0.524998581
12,1,32,3,1,61,73,4,92,103,4,121,2,143,152,2,173,1,192,201,0.524896212
12,1,32,3,1,61,74,4,93,103,3,121,1,143,152,2,173,1,191,202,0.524783605
11,1,30,5,1,61,74,4,93,101,3,121,1,143,152,2,173,1,191,201,0.52473242
12,1,32,1,2,61,73,1,94,101,3,123,1,143,151,1,173,1,192,201,0.524042329
14,2,32,0,2,65,73,4,93,101,4,121,2,143,152,1,173,1,191,201,0.523707219
11,1,32,1,2,61,73,3,93,103,4,124,3,141,152,1,173,2,192,201,0.523469962
14,1,34,3,1,65,75,4,92,101,2,121,2,143,152,2,173,1,192,201,0.523381141
11,2,32,1,2,61,73,4,91,101,4,122,2,143,152,1,174,1,192,201,0.522582809
14,1,32,1,1,63,73,2,93,101,4,122,3,143,151,1,173,1,191,201,0.522510097
11,1,34,1,1,61,75,4,93,101,3,121,3,143,152,1,173,1,191,201,0.521651095
11,2,32,3,3,65,74,4,92,101,3,123,1,143,152,1,174,1,192,201,0.52145855
12,2,32,0,3,65,73,1,93,101,4,124,2,143,153,1,173,1,192,201,0.521424377
12,1,32,0,1,61,74,2,94,101,3,123,1,141,152,1,172,1,191,201,0.521310716
14,2,34,3,2,65,75,4,93,101,2,123,3,143,152,1,173,1,192,201,0.521014898
12,1,33,9,3,62,74,4,93,101,4,123,2,143,151,1,174,1,192,201,0.520841623
11,1,30,2,2,61,72,1,92,101,4,122,1,143,151,1,173,1,191,201,0.520612947
14,1,32,3,2,61,73,2,93,101,4,123,3,143,152,1,173,1,192,201,0.520079722
11,1,34,0,1,61,74,4,93,102,3,122,2,143,152,2,173,1,192,201,0.519977051
11,2,32,2,2,61,75,4,93,101,2,123,2,143,152,1,173,2,191,201,0.519950254
12,1,34,0,1,64,73,4,92,101,4,123,2,143,152,2,173,1,191,201,0.519805733
12,2,33,9,3,65,73,4,93,101,4,124,2,143,153,1,173,2,192,201,0.519665426
12,1,34,0,2,63,74,3,91,101,3,123,2,143,152,1,174,1,192,201,0.519606262
12,3,33,3,3,65,73,2,93,101,2,124,1,143,153,1,174,1,191,201,0.519398512
12,2,32,6,3,62,73,1,93,101,4,124,2,143,153,1,173,2,192,201,0.519141535
14,1,33,2,1,64,74,3,92,101,2,122,1,143,152,2,173,1,191,201,0.518951549
14,2,32,3,2,61,75,4,93,101,2,123,1,143,152,1,173,1,191,201,0.518424947
14,1,32,3,2,63,75,3,93,101,2,123,1,143,152,1,173,2,192,201,0.51829006
14,1,34,6,1,63,75,4,93,101,2,123,3,143,152,2,173,1,192,201,0.518285243
12,2,30,9,3,62,73,4,92,101,4,123,1,143,151,2,172,1,191,201,0.518252575
11,2,30,9,3,65,72,2,93,101,3,123,1,141,152,3,173,1,191,201,0.518193712
11,2,32,2,2,61,73,1,93,103,2,122,2,143,152,1,173,2,191,201,0.518169023
12,1,34,2,2,64,74,3,93,101,2,123,1,143,152,2,173,1,192,201,0.517094444
14,1,32,0,3,61,73,1,93,101,4,122,2,143,152,1,172,2,191,201,0.516480678
12,2,32,6,2,61,74,3,93,101,1,123,1,143,152,2,173,2,191,201,0.516454333
13,1,31,3,1,64,73,3,92,101,3,121,2,143,151,2,173,1,191,201,0.516384179
12,1,34,3,2,65,74,4,93,103,2,121,2,141,152,3,173,1,192,201,0.516356479
11,2,34,2,2,61,73,3,94,101,2,122,2,143,152,2,173,1,192,201,0.515686561
14,1,34,2,1,61,72,2,92,101,4,122,1,143,151,2,172,1,191,201,0.515444938
14,1,32,4,1,61,72,1,92,101,4,121,1,143,151,1,173,1,192,201,0.515214155
11,1,32,2,2,61,72,1,92,101,4,123,1,143,151,1,173,1,191,201,0.515125936
13,1,31,3,1,65,74,4,93,101,4,123,2,141,152,1,172,1,191,201,0.514442619
11,1,34,0,1,61,74,4,92,101,3,122,2,143,152,2,173,1,191,202,0.513424795
12,1,33,5,1,64,73,3,94,101,3,122,3,142,152,2,173,1,191,201,0.513300747
11,1,32,0,1,65,75,4,92,101,2,123,1,141,152,1,173,1,191,201,0.513028263
14,2,34,1,3,65,74,2,93,101,1,124,2,143,153,2,173,1,192,201,0.51288344
13,1,32,0,1,61,74,4,93,101,3,124,2,141,153,1,173,2,191,201,0.51270068
12,1,32,2,3,61,74,3,91,101,3,123,2,143,152,1,173,1,192,201,0.511871486
14,1,32,0,2,65,75,4,93,101,3,123,3,143,152,1,173,1,192,201,0.511608637
11,1,32,2,2,61,75,4,93,101,2,122,2,143,151,1,174,1,192,201,0.511408264
14,1,32,2,2,61,73,3,93,101,4,121,2,143,152,1,173,1,192,201,0.51124101
11,1,31,0,1,61,71,1,92,102,4,124,1,143,151,2,171,1,191,201,0.510182388
12,1,34,3,1,62,72,4,93,101,4,124,2,141,152,2,173,2,191,201,0.509946938
13,2,32,3,3,61,75,4,93,101,2,123,1,143,152,1,173,1,191,201,0.509436896
11,1,34,5,1,61,71,2,92,101,4,124,3,143,153,3,171,2,191,201,0.509301106
12,1,32,9,2,62,75,4,91,101,2,123,3,141,151,2,172,1,191,201,0.509117293
14,1,32,3,1,62,74,4,94,101,3,122,1,143,152,1,173,1,192,201,0.508974427
14,1,34,2,2,61,72,1,92,101,3,121,1,143,151,2,173,1,191,201,0.508634499
11,1,32,0,1,65,73,4,92,101,4,121,1,143,151,1,173,1,191,201,0.508360209
13,1,32,3,1,62,75,4,92,101,2,124,2,143,153,1,173,1,192,201,0.508298787
11,2,30,2,3,61,73,2,91,103,2,121,1,143,152,2,173,1,191,201,0.507398838
13,1,32,3,1,61,73,3,94,101,4,121,1,143,151,1,173,1,191,201,0.507293759
14,1,34,2,1,65,73,1,94,101,2,122,1,143,152,2,173,1,191,201,0.507159775
14,1,32,1,3,65,73,1,93,101,3,123,1,143,152,1,173,1,191,201,0.506975209
14,1,34,6,2,61,74,2,93,101,3,121,2,143,152,1,172,2,191,201,0.506866366
14,1,32,0,1,64,74,4,92,101,3,123,1,143,152,1,173,2,192,201,0.506783717
11,1,32,0,2,62,74,4,93,101,3,123,1,143,152,1,174,2,192,201,0.506212103
12,2,32,0,3,62,74,3,93,101,2,122,1,143,152,1,173,1,191,201,0.505400222
14,1,32,1,2,62,72,1,92,101,4,123,1,143,152,1,173,1,192,201,0.505259615
12,2,33,6,3,62,74,2,93,101,3,124,1,143,151,1,173,1,192,201,0.505063607
12,2,31,9,2,62,74,4,93,101,2,123,1,143,152,1,173,1,191,201,0.505041929
14,2,34,3,2,65,75,4,93,101,1,121,2,143,152,1,173,1,192,201,0.504919085
14,1,34,3,1,65,75,4,92,101,3,122,1,141,152,1,172,2,191,201,0.504660301
14,2,31,9,2,61,73,1,92,101,1,121,1,142,152,1,173,1,191,201,0.504601739
14,1,34,3,1,61,74,4,94,103,2,123,1,143,152,2,173,1,192,201,0.503446468
12,2,34,9,3,61,74,2,92,101,1,121,2,141,152,2,172,1,191,201,0.502939889
12,1,32,2,1,64,72,1,92,101,4,121,1,143,151,1,172,1,191,201,0.502756226
12,2,33,10,3,62,71,2,93,101,4,124,1,143,153,1,174,1,192,201,0.502689987
12,1,32,0,2,61,73,3,92,101,4,122,1,143,151,1,172,1,192,201,0.502322962
14,1,34,0,2,61,73,4,92,101,4,123,2,143,152,1,173,1,192,201,0.501695948
14,2,32,6,3,65,73,2,93,101,4,124,2,143,153,1,172,2,192,201,0.501290835
13,1,34,6,1,61,73,2,92,101,4,122,3,143,152,1,172,1,191,201,0.501189068
14,1,34,3,3,61,72,3,94,101,3,124,2,143,153,3,173,1,192,201,0.501163626
14,1,32,1,2,65,72,1,92,101,4,121,1,143,151,1,173,1,191,201,0.500905595
12,2,32,3,2,65,74,4,93,101,1,123,2,143,152,2,173,2,192,201,0.500814064
14,1,34,0,3,65,75,4,93,101,4,124,1,143,153,1,174,1,192,201,0.500661564
13,1,32,2,2,61,72,2,92,101,4,123,1,143,152,1,173,1,191,201,0.499520594
14,2,32,1,3,61,73,2,93,101,2,124,1,143,153,1,174,1,192,201,0.499504486
11,2,32,2,2,61,72,2,91,101,4,122,1,143,152,1,172,1,191,201,0.49924254
14,2,32,1,3,62,75,4,93,101,2,123,2,143,152,1,174,1,192,201,0.498775554
11,1,32,0,2,64,73,1,93,101,3,122,1,143,152,1,173,2,191,201,0.498699831
14,1,32,9,1,62,73,3,92,101,4,122,1,143,151,1,172,1,191,201,0.497679597
14,1,32,9,1,61,74,3,92,101,2,123,1,143,152,2,173,1,191,201,0.497529806
11,1,31,2,2,63,73,4,93,101,4,121,1,142,152,1,173,1,192,201,0.49697671
12,1,32,2,1,61,73,3,92,101,4,121,1,143,152,1,173,1,191,201,0.496964064
14,1,34,3,2,61,73,2,92,101,2,123,1,143,152,2,173,1,191,201,0.496873437
14,1,32,1,3,61,74,3,93,101,3,123,2,143,152,1,174,1,192,201,0.496667042
14,1,34,3,2,65,73,1,93,101,2,121,1,143,152,2,173,2,191,201,0.496398622
12,2,32,3,3,61,73,2,92,101,2,121,1,143,152,1,173,1,191,201,0.496130655
12,2,33,3,1,62,72,4,93,101,3,124,1,142,152,2,174,1,191,201,0.49591041
14,1,34,0,1,61,72,4,92,101,4,123,2,143,152,2,174,1,191,201,0.495823094
14,1,34,0,1,61,73,4,92,101,3,121,2,143,152,2,173,1,191,201,0.495455618
14,1,34,3,1,64,73,4,93,101,3,121,2,143,152,2,173,1,191,201,0.494216946
14,1,34,3,1,65,73,4,93,101,3,122,1,143,152,2,173,1,192,201,0.494012206
11,1,31,3,1,61,72,3,93,102,4,124,2,141,153,1,174,1,192,201,0.493871448
11,1,31,2,2,63,73,4,93,101,4,121,1,142,152,1,173,1,192,201,0.493444958
11,1,34,1,3,61,71,2,93,101,4,124,3,143,153,2,174,1,192,201,0.493437281
12,1,32,6,1,65,73,4,93,101,4,124,3,143,153,1,173,1,191,201,0.493295619
11,1,34,3,1,61,73,4,93,101,4,121,1,143,152,2,172,1,191,201,0.492961563
14,1,32,3,1,61,74,4,93,101,2,123,1,143,151,2,174,2,192,201,0.492724005
14,1,34,0,1,62,73,4,92,101,4,123,3,143,152,2,172,1,191,201,0.49269751
11,2,30,9,3,61,71,2,93,101,4,122,3,142,152,2,173,1,192,201,0.491922662
11,1,32,0,1,62,75,3,93,101,2,122,2,143,152,1,173,1,192,201,0.491840164
12,1,32,10,3,61,73,2,93,102,3,123,1,141,152,2,174,1,192,201,0.491702116
14,1,34,3,1,65,75,4,93,101,2,122,2,143,151,2,172,1,192,201,0.491666287
14,1,34,0,1,61,74,2,93,101,1,121,2,143,152,3,172,2,191,201,0.491540432
14,1,34,3,1,61,74,2,93,101,1,121,2,143,152,3,172,2,191,201,0.490629343
11,1,34,0,2,61,73,4,93,101,4,122,2,141,152,2,172,1,191,202,0.490594718
13,1,34,0,1,63,71,2,93,101,4,124,3,141,153,3,171,1,191,201,0.489916519
11,2,32,0,1,61,72,4,92,101,4,123,1,143,152,1,173,1,192,201,0.48985871
14,1,32,1,3,65,73,2,91,101,4,124,2,143,153,1,173,1,192,201,0.489442307
14,2,32,0,2,61,73,3,92,101,3,121,1,143,151,1,173,1,191,201,0.488790152
11,1,32,2,1,61,73,2,92,102,3,122,1,143,152,1,173,1,191,201,0.488483345
14,1,32,1,3,65,72,1,92,101,4,123,1,143,151,1,173,1,191,201,0.488217184
14,1,34,9,3,62,73,3,93,101,3,122,1,143,152,2,172,1,192,201,0.487776242
14,2,33,9,3,62,73,2,93,101,2,122,1,143,152,2,172,1,191,201,0.487326719
14,1,34,6,1,65,73,3,92,101,2,123,1,143,152,2,173,1,192,201,0.487164583
14,2,33,3,3,61,73,4,93,101,2,123,1,143,152,2,174,1,192,201,0.486283452
12,2,32,6,2,65,73,2,94,101,2,123,1,143,152,1,173,1,191,201,0.486229708
14,1,32,3,1,61,75,4,93,101,1,121,2,143,152,1,174,1,192,201,0.486056432
12,1,34,10,3,61,73,2,93,102,3,123,2,143,152,2,174,2,192,201,0.48545757
13,1,34,0,1,65,74,4,93,101,2,121,2,141,152,2,172,2,191,201,0.485380793
11,1,32,1,2,61,74,2,93,101,1,124,1,143,153,1,174,1,192,201,0.48485359
11,2,34,2,3,61,73,3,93,103,2,122,1,143,152,2,173,1,191,201,0.48474023
14,1,32,3,2,61,75,4,92,101,2,123,3,141,151,1,174,1,192,201,0.484501619
11,1,34,0,2,61,72,1,93,101,3,121,2,143,151,2,172,2,191,202,0.484406174
11,1,32,2,1,61,75,2,92,101,1,122,2,141,152,1,173,1,192,201,0.484269932
14,2,31,1,3,65,72,3,93,103,4,121,2,141,151,2,173,2,192,201,0.48425277
13,2,32,3,2,61,73,2,93,101,2,121,1,143,152,1,173,1,192,201,0.484161842
14,1,34,2,2,64,73,4,93,101,4,121,3,143,152,1,173,1,192,201,0.483730083
14,2,32,3,3,65,74,4,93,101,3,123,2,142,152,1,173,1,192,201,0.483416351
12,1,34,3,1,61,72,4,93,103,4,121,1,143,152,2,173,1,191,201,0.483270323
11,1,34,2,1,61,73,4,92,101,3,122,1,143,151,2,173,1,191,201,0.483101715
14,1,33,9,2,61,73,1,93,101,2,124,1,143,153,1,173,1,191,201,0.482849705
14,1,33,3,1,61,73,4,94,101,3,121,1,141,152,2,173,1,191,201,0.482641051
14,1,32,1,2,61,74,2,93,101,2,123,1,143,152,1,173,1,191,201,0.482267402
13,1,33,0,2,61,73,2,92,101,2,123,2,142,152,2,173,1,192,201,0.482064771
14,2,30,5,2,61,73,4,93,101,2,123,1,143,152,2,173,1,191,201,0.481966014
12,1,33,5,3,61,73,2,93,101,4,121,2,143,152,1,172,2,192,201,0.481228803
12,1,32,3,1,61,73,2,92,103,3,121,3,143,152,1,173,1,191,201,0.48094292
12,1,34,0,2,61,72,1,93,101,3,121,2,141,152,2,172,2,191,201,0.480838895
11,2,34,6,3,61,73,3,92,101,2,124,1,143,152,2,174,1,192,201,0.480417674
14,1,32,1,2,65,72,2,94,101,4,123,1,143,151,1,173,1,192,201,0.480037853
11,1,32,3,1,61,73,3,92,101,2,121,1,143,152,2,173,1,192,201,0.479898449
14,2,34,3,3,61,74,4,92,101,2,123,1,143,152,2,173,1,191,201,0.479733454
11,1,32,2,3,61,73,4,93,101,4,122,1,143,152,1,173,1,191,201,0.479717195
14,1,32,0,1,61,73,2,94,101,2,122,1,143,152,1,174,1,192,201,0.479596007
12,1,32,9,2,62,73,4,93,101,4,123,1,143,152,1,173,1,191,201,0.479137903
11,1,32,2,3,61,73,2,93,102,3,123,2,143,152,1,173,1,191,201,0.478968994
14,1,30,9,3,61,73,2,93,101,2,123,2,142,152,2,173,2,191,201,0.47884615
14,1,32,0,2,65,74,4,93,101,3,122,1,143,152,1,173,1,191,202,0.478728425
14,1,33,9,1,62,73,1,93,101,2,121,1,143,152,2,172,1,191,201,0.478560268
11,1,34,2,2,65,72,2,92,102,3,121,1,143,151,2,173,1,191,202,0.477770065
14,1,34,0,1,63,73,4,93,101,4,121,2,143,152,1,173,1,192,201,0.477657759
14,1,32,3,1,65,75,4,93,101,2,123,2,143,152,1,173,1,191,201,0.477512334
11,1,32,6,1,65,73,4,92,101,4,122,1,141,151,1,173,1,192,201,0.477278992
11,1,34,2,1,61,71,4,93,101,4,124,2,143,153,3,174,1,192,201,0.4772397
14,1,32,0,1,61,73,2,93,103,2,121,1,143,152,1,173,1,192,201,0.477127244
14,1,34,3,1,65,73,1,93,101,2,121,1,143,152,2,172,2,191,201,0.476973539
14,1,34,3,1,63,73,2,94,101,2,122,2,143,152,2,172,1,191,201,0.476547501
12,2,32,1,3,61,73,2,93,101,2,123,2,143,151,1,174,1,192,201,0.476348482
12,1,32,3,1,61,74,3,94,103,3,121,1,141,152,1,172,1,191,201,0.475944725
14,1,32,3,1,61,72,3,94,101,4,121,2,143,152,1,173,1,192,201,0.475396295
12,3,33,3,3,65,73,1,93,101,1,121,1,143,152,1,172,1,191,201,0.475185082
12,1,34,4,1,61,74,4,93,101,3,122,1,143,152,1,173,1,191,201,0.474985913
14,1,32,8,1,65,74,4,92,101,3,122,2,143,152,1,173,1,192,201,0.474939545
14,1,34,0,1,61,73,3,93,101,2,122,1,141,152,2,173,1,191,201,0.474812788
13,1,34,3,2,65,73,3,93,101,2,123,1,143,152,2,173,1,192,201,0.474665255
11,1,32,2,1,61,73,2,93,103,3,122,2,143,152,1,172,2,191,201,0.474563638
14,1,33,1,1,61,73,4,94,101,4,121,2,143,151,1,173,1,191,201,0.474177193
14,2,33,9,3,65,72,4,93,101,4,123,1,143,151,2,173,1,192,201,0.473535878
14,1,32,2,2,62,72,2,92,101,4,122,1,143,151,1,173,1,191,201,0.473304041
12,1,32,3,2,63,72,1,94,101,3,121,1,143,151,1,173,1,191,201,0.47308786
14,2,34,3,3,61,73,2,92,101,2,123,1,142,152,2,173,1,191,201,0.472803935
14,1,32,2,3,61,72,1,92,101,4,122,1,143,152,1,173,1,191,201,0.472456481
11,1,32,0,2,61,71,1,92,101,4,123,1,143,151,1,173,1,191,201,0.472066272
14,2,32,1,3,61,73,1,92,101,2,122,1,141,152,1,173,1,191,201,0.471969623
13,1,32,2,1,61,73,2,93,101,2,121,1,143,152,1,173,1,191,201,0.471681181
12,1,32,2,1,61,73,1,92,101,2,123,1,143,152,1,173,1,191,202,0.471538165
14,2,33,1,3,65,74,3,93,101,2,123,1,142,152,1,174,2,192,201,0.471388675
12,1,32,3,1,61,73,4,92,103,4,121,1,143,152,1,172,2,191,201,0.471329662
12,2,34,1,3,62,71,3,93,101,4,123,1,143,152,1,173,1,191,201,0.470990789
13,1,32,3,1,63,73,3,92,101,3,123,3,143,152,1,172,1,191,201,0.470757296
11,1,32,3,1,61,73,2,93,101,2,121,1,143,151,1,174,2,192,201,0.470479091
13,1,34,3,1,65,74,4,93,101,2,122,1,143,152,2,173,1,192,201,0.470302203
11,1,32,0,1,61,73,4,92,103,4,122,1,143,152,1,173,1,192,201,0.470184779
12,1,32,0,1,61,72,3,92,101,4,123,1,143,152,1,172,1,192,201,0.469764311
11,1,34,0,2,61,73,1,93,101,2,121,2,143,152,2,172,2,191,201,0.469759794
12,1,32,3,1,61,75,4,94,103,2,121,1,143,152,1,172,1,191,201,0.469405114
11,1,32,0,3,62,73,3,93,101,4,123,2,143,152,1,172,2,192,201,0.468893266
12,1,32,1,3,65,71,1,91,101,4,121,3,143,152,1,174,1,192,201,0.468494325
12,2,34,2,3,61,74,2,93,101,2,122,2,143,152,1,173,1,191,201,0.468467679
11,1,34,0,2,61,73,2,93,101,2,121,2,143,151,2,173,2,191,201,0.468206034
11,2,34,2,3,61,72,4,92,102,4,124,1,143,151,2,172,1,192,201,0.468204981
11,1,32,0,2,65,74,2,93,102,2,121,1,143,152,1,172,1,191,202,0.467913528
12,1,30,0,2,62,72,3,92,101,3,123,1,143,152,2,173,1,191,201,0.467155542
14,1,32,3,2,61,74,2,94,101,2,121,1,143,151,1,173,1,191,201,0.46707184
14,1,32,2,1,65,74,4,93,101,2,123,1,142,152,1,173,1,192,201,0.466373318
11,1,32,9,1,61,73,4,92,101,4,122,1,143,152,1,172,1,191,201,0.466264475
14,1,32,3,2,65,73,4,93,101,4,124,2,143,153,1,173,1,192,201,0.466233312
12,1,34,2,3,61,72,2,92,101,4,123,1,141,152,1,172,1,191,201,0.466160901
11,1,33,6,3,65,73,1,92,101,2,123,1,143,151,2,173,1,192,201,0.465773552
11,1,33,3,1,61,72,4,94,101,4,121,2,142,152,1,173,1,191,201,0.465400806
14,1,34,1,2,65,71,2,93,101,4,124,2,143,152,1,174,1,192,201,0.465172131
12,1,32,1,3,63,72,3,92,101,4,123,1,143,151,1,173,1,191,201,0.464786589
12,2,30,9,3,61,73,2,92,101,1,123,1,143,152,2,173,1,191,201,0.46459299
11,1,32,3,2,61,72,4,92,101,4,122,1,143,151,1,174,1,192,201,0.464253815
11,1,32,0,1,61,72,4,92,101,4,122,1,143,151,1,173,1,191,201,0.463527443
11,1,34,3,1,61,74,4,94,101,1,122,1,143,152,2,174,1,192,201,0.463477914
12,1,32,3,2,61,72,2,92,103,4,122,1,143,152,1,172,1,191,201,0.463039531
14,1,34,0,1,64,73,2,92,101,2,121,2,141,152,2,172,1,191,201,0.462836297
14,1,32,0,1,61,73,3,94,101,2,121,1,143,152,2,173,1,192,201,0.462788575
14,2,34,3,3,61,74,3,93,102,2,123,2,143,152,1,173,1,191,201,0.462356214
11,1,34,0,2,61,73,2,93,101,2,121,2,143,151,2,173,2,191,201,0.462355913
14,1,32,2,2,61,72,2,93,101,3,122,1,141,152,2,172,1,191,201,0.462297653
14,1,34,9,1,61,73,3,92,101,2,121,1,143,152,2,173,1,191,201,0.46192867
12,2,32,1,3,61,72,2,93,101,3,123,1,143,152,2,173,1,191,201,0.46182329
11,1,34,9,1,62,74,4,93,101,1,121,1,143,152,2,173,1,192,201,0.461735975
12,1,34,2,1,61,74,4,93,101,3,123,2,143,151,1,173,1,192,201,0.461710683
11,1,32,3,2,63,73,2,93,101,3,121,2,143,151,1,173,2,191,201,0.461554118
12,1,32,0,3,62,73,2,93,101,2,123,1,143,152,2,173,1,192,201,0.461433081
13,1,32,0,2,62,73,1,92,101,1,123,1,141,152,1,174,1,192,201,0.461008699
14,1,34,3,1,62,73,1,92,101,1,122,1,143,152,2,173,1,191,201,0.460484356
11,1,31,3,1,61,73,4,92,101,4,121,1,141,152,1,172,1,191,201,0.459899193
13,1,34,0,1,61,73,1,93,101,1,121,3,143,152,3,171,2,191,202,0.459849664
14,1,32,1,1,64,74,3,93,101,2,122,3,143,152,1,173,1,191,202,0.459594643
11,1,32,6,1,61,73,4,93,101,4,123,2,143,151,1,172,2,191,201,0.459305449
14,1,32,1,3,65,71,2,92,101,4,122,1,143,151,1,174,1,192,201,0.459025739
14,1,34,3,1,61,73,1,92,101,1,123,1,143,152,2,173,1,192,201,0.458999997
11,2,34,6,3,61,73,4,93,101,3,124,1,141,152,1,173,1,192,201,0.458257817
14,2,33,1,3,64,73,2,93,101,2,123,1,143,152,2,173,1,191,201,0.457935955
14,1,34,2,1,64,74,3,92,101,2,122,2,143,152,1,173,1,191,202,0.457762228
12,1,34,0,1,61,71,2,93,101,3,123,3,143,153,3,171,1,192,201,0.457471076
11,2,32,3,2,61,73,3,93,101,2,123,1,143,152,1,174,1,191,201,0.45687387
11,2,32,3,3,61,73,3,92,101,2,123,1,143,152,1,173,1,192,201,0.456861676
11,1,32,3,1,63,75,3,94,101,1,121,2,143,152,1,173,1,191,201,0.456861375
12,1,34,2,3,61,75,2,93,101,1,124,2,143,152,1,173,1,192,201,0.456365786
12,2,30,0,3,63,72,1,92,101,1,123,1,143,152,2,173,1,191,201,0.455986416
11,2,32,2,3,61,74,4,93,101,2,122,1,143,152,1,173,1,191,201,0.455697975
12,1,34,1,1,62,72,3,93,101,4,122,2,143,152,1,173,1,191,201,0.455591992
12,2,30,9,3,65,73,2,93,101,2,123,2,141,152,1,174,1,192,201,0.455374758
12,1,32,0,1,61,73,4,94,101,4,121,1,143,151,1,172,1,191,201,0.455274195
14,1,32,2,1,61,73,1,94,101,2,122,1,143,151,1,173,1,191,201,0.455069004
14,2,32,9,2,65,73,4,91,101,2,121,2,141,152,1,173,1,191,201,0.454967839
14,1,32,1,2,62,73,1,93,102,2,121,1,143,152,1,173,2,191,201,0.454936526
14,1,34,5,2,61,73,4,91,101,2,121,1,143,152,2,173,1,192,201,0.45481579
14,1,32,2,1,63,73,4,92,101,4,123,1,143,151,1,172,1,191,201,0.454811424
11,1,32,0,2,61,71,1,93,101,4,124,1,143,153,1,173,1,191,201,0.454363858
12,3,32,0,3,61,74,4,93,101,2,124,1,143,152,1,174,1,192,201,0.454040641
12,1,31,0,1,62,73,2,94,101,2,122,1,143,151,1,173,1,191,201,0.453824009
14,1,32,3,2,61,73,1,93,101,2,121,1,143,152,1,173,2,191,201,0.453746328
14,3,30,1,3,65,73,2,93,101,2,122,2,143,152,1,172,2,191,201,0.453614904
14,2,34,0,3,63,73,2,93,101,2,124,2,141,153,1,173,1,191,201,0.45338111
14,1,32,0,2,61,73,2,93,103,3,122,1,143,151,1,173,1,191,201,0.452637726
14,1,32,3,2,61,74,4,93,101,2,123,1,143,152,1,173,1,192,201,0.452502237
11,1,32,0,2,61,75,4,93,102,1,121,2,143,152,1,173,1,191,201,0.452307734
14,1,34,3,2,61,73,2,92,101,1,123,1,143,152,2,173,1,191,201,0.452061144
11,1,32,3,1,61,72,3,92,101,4,122,1,143,151,1,173,1,191,201,0.451867846
14,1,34,0,2,63,73,1,94,101,2,123,1,143,152,1,173,1,191,201,0.451854598
14,1,34,9,1,61,73,4,92,103,2,121,1,143,152,2,174,1,192,201,0.451852942
14,1,34,3,1,62,71,4,92,101,4,121,3,143,152,3,172,1,191,201,0.4517581
14,1,33,9,2,63,73,4,93,101,2,123,2,143,152,2,173,2,192,201,0.451570673
11,1,34,0,1,61,72,2,93,101,4,121,2,143,152,1,172,2,191,202,0.451463035
14,1,33,3,2,61,71,2,94,101,3,121,1,143,152,2,173,1,191,201,0.451221713
14,2,32,2,2,61,73,4,92,101,2,123,1,143,152,1,174,1,192,201,0.451175798
14,1,34,1,2,61,74,3,93,101,1,123,1,143,152,2,173,1,191,201,0.451063041
14,1,34,0,1,61,75,4,93,101,1,121,2,143,152,2,172,2,191,201,0.451003275
11,1,32,3,2,61,72,4,92,101,4,121,2,143,152,1,173,1,192,201,0.450915508
12,1,33,9,3,65,73,4,93,101,2,122,2,141,152,2,174,1,192,201,0.450902712
11,1,32,2,3,61,73,2,93,101,2,123,1,142,152,1,173,1,191,201,0.45023475
12,1,31,3,1,61,73,4,93,101,4,121,1,142,152,1,172,1,191,201,0.45010724
11,1,32,2,2,61,73,2,93,101,2,123,1,143,152,1,173,1,191,201,0.449768065
12,1,32,0,3,61,74,3,93,101,3,121,1,143,151,1,172,1,191,201,0.449647781
11,1,32,0,1,61,72,2,93,101,3,121,2,143,152,1,173,1,191,201,0.449145718
11,1,34,2,1,61,72,4,92,101,4,122,1,143,151,1,173,1,191,201,0.448729014
12,2,33,0,3,61,73,2,92,101,2,122,3,143,151,1,173,1,191,201,0.44813798
11,1,34,0,3,65,72,1,93,101,3,121,2,143,152,2,172,2,191,201,0.448125786
14,1,32,0,1,65,75,4,93,102,2,122,2,143,152,1,172,1,191,202,0.447660606
14,1,32,9,1,61,73,2,94,101,2,121,1,143,152,1,173,1,192,202,0.447540623
14,1,32,0,1,65,73,4,93,103,4,122,1,143,152,1,172,1,191,201,0.447435393
13,1,32,6,1,61,72,4,92,101,4,122,1,143,151,1,173,1,192,201,0.447246762
14,1,32,3,1,62,71,2,92,101,4,121,3,143,152,1,173,1,191,201,0.446867693
14,1,32,0,2,65,72,2,93,101,3,122,2,143,152,1,174,2,192,201,0.445705648
11,1,32,3,1,61,73,4,94,101,3,121,1,141,152,1,173,1,191,201,0.445698873
14,1,33,1,2,61,73,3,93,101,2,121,1,142,152,2,172,1,191,201,0.444788236
14,1,32,0,2,62,73,1,93,103,2,121,1,143,151,1,173,2,191,202,0.444737804
14,1,34,3,1,61,74,2,93,101,1,121,2,143,152,2,172,2,191,201,0.44453743
14,1,32,3,1,61,74,3,93,101,1,123,1,141,152,1,173,2,191,201,0.444491815
14,1,32,0,1,63,73,2,92,101,2,122,1,143,152,1,173,1,191,201,0.444367165
14,1,34,2,2,61,72,4,92,101,4,122,1,143,152,1,173,1,192,201,0.444253355
11,2,34,5,2,61,71,4,93,102,4,123,3,143,152,2,171,1,191,201,0.443875189
11,1,31,2,1,61,73,4,93,101,3,123,2,141,152,1,173,1,191,201,0.443569586
14,1,32,3,2,61,72,4,92,101,4,122,1,143,152,1,173,1,192,201,0.443319684
13,1,32,2,2,61,73,1,92,101,2,123,2,143,152,1,172,1,191,201,0.443264133
14,1,32,8,1,61,72,4,94,101,3,123,1,143,152,2,172,1,191,201,0.443035608
12,1,32,0,3,61,74,2,93,101,2,123,1,143,152,1,173,1,191,201,0.442846977
14,1,32,2,2,63,73,1,93,101,2,123,1,143,152,1,173,1,192,201,0.442661808
13,1,34,1,2,63,73,2,93,101,2,123,2,143,152,1,173,1,192,201,0.442604301
11,1,32,3,2,61,73,2,92,101,2,121,1,143,152,1,173,1,191,201,0.442315558
11,1,34,0,2,61,73,4,94,103,2,122,1,141,151,2,173,1,191,202,0.442059935
14,1,31,0,1,65,73,1,93,103,2,121,1,142,152,1,172,2,191,201,0.441876122
11,2,32,6,3,61,74,4,93,101,1,124,3,143,153,1,174,1,192,201,0.441759601
11,1,31,2,2,63,72,4,93,101,4,124,1,143,153,1,173,2,192,201,0.441599874
11,1,32,2,1,61,73,2,93,101,2,121,1,143,152,1,173,1,191,201,0.441592949
14,1,32,3,1,61,74,3,93,101,2,122,3,143,152,1,173,2,191,201,0.441315648
14,1,34,3,1,61,73,4,93,101,2,123,1,143,152,2,173,1,191,201,0.441041057
14,1,34,2,1,61,73,4,92,101,2,124,1,143,152,2,173,1,191,201,0.440867028
13,1,32,4,1,61,73,2,93,101,2,123,2,143,152,1,173,1,192,201,0.44054336
14,1,34,6,1,62,73,4,92,101,2,121,1,143,152,2,173,1,191,201,0.440385891
11,2,32,1,3,61,73,2,93,101,2,122,1,143,152,1,173,2,191,201,0.439979123
12,2,32,2,3,61,72,1,92,101,2,123,1,143,152,1,173,1,192,201,0.439586806
14,1,32,5,1,61,72,4,92,101,4,121,1,143,152,1,173,1,191,201,0.439577171
14,1,32,3,1,61,71,3,92,102,4,121,1,143,151,1,173,1,191,201,0.439531105
14,1,32,9,1,61,74,4,93,101,1,123,1,142,152,2,173,1,192,201,0.439505513
14,1,32,2,1,61,72,1,92,101,3,121,1,143,151,1,172,2,191,201,0.438267292
11,1,34,0,2,61,73,3,92,102,2,121,1,143,152,2,173,1,191,201,0.438240345
11,2,33,6,3,61,73,4,93,101,3,122,1,142,152,1,173,1,192,201,0.438213247
11,2,32,3,2,61,72,4,93,101,3,123,1,143,152,1,173,1,191,201,0.438029885
14,1,33,1,2,61,72,1,92,101,2,122,2,143,152,2,172,1,191,201,0.43772383
12,1,32,3,2,63,71,1,92,101,4,124,1,143,151,1,171,1,191,201,0.437412958
14,1,34,3,1,61,73,4,93,101,2,122,1,143,152,2,173,1,191,201,0.437337385
14,1,34,9,3,61,73,3,93,101,2,121,3,143,152,1,174,1,192,201,0.43730291
11,1,32,2,2,61,73,2,91,101,2,121,1,143,151,1,172,1,191,201,0.437205659
14,1,34,6,1,61,73,4,93,101,2,123,1,143,152,2,173,1,191,201,0.435875607
11,1,32,2,1,61,73,1,93,101,2,121,2,141,152,1,172,1,192,201,0.435826078
14,1,32,3,1,61,73,4,93,101,2,121,1,141,152,2,173,1,191,201,0.435814185
14,1,34,6,1,62,73,4,92,101,3,123,1,143,152,1,173,1,191,201,0.435576628
12,1,32,5,2,61,71,2,92,101,4,123,3,143,152,1,173,1,192,201,0.435333951
11,1,32,0,1,61,74,4,93,101,2,121,1,143,152,1,173,1,191,201,0.435281863
12,2,34,3,2,63,73,4,93,101,2,122,1,143,152,2,172,1,191,201,0.435038435
11,1,32,6,1,61,72,4,92,101,4,122,3,143,152,1,173,1,191,201,0.434913333
14,1,34,0,2,61,74,1,92,101,1,121,2,143,152,1,173,2,191,201,0.433074594
12,1,34,2,1,61,72,2,93,101,2,121,1,143,152,2,172,1,191,201,0.431978788
12,2,32,0,3,61,75,4,93,101,2,124,3,143,153,1,174,1,192,201,0.431909839
14,1,34,2,2,65,73,2,94,101,1,123,1,143,152,2,173,1,191,202,0.431903366
12,1,32,3,1,61,73,4,93,101,3,121,1,143,152,1,173,1,191,201,0.430155254
14,1,32,2,1,61,72,2,92,102,2,123,1,143,151,2,173,1,191,201,0.430078477
14,1,34,3,1,61,73,4,92,101,2,122,2,143,152,2,173,1,191,201,0.429835801
13,2,30,9,3,61,72,2,91,101,1,122,1,143,152,2,173,1,191,201,0.429743066
12,1,32,2,2,65,74,2,93,101,1,123,1,143,152,1,173,1,192,201,0.429566629
11,2,32,0,3,61,74,2,93,101,1,123,1,143,152,1,173,1,192,201,0.42931221
11,1,34,0,2,61,73,3,93,101,2,121,2,143,151,2,172,2,191,202,0.429080825
12,3,32,0,3,62,72,4,92,101,2,122,1,143,152,1,174,1,191,201,0.428775824
12,1,32,3,2,61,74,2,92,101,1,121,1,143,152,1,173,1,191,201,0.428561299
14,1,34,2,2,61,72,3,91,101,2,123,2,143,152,2,174,1,192,201,0.428523814
14,2,34,0,3,61,73,4,92,101,2,121,1,142,152,2,173,1,192,201,0.42830387
11,1,32,0,1,61,72,3,93,101,4,121,2,143,152,1,172,2,192,201,0.427610918
11,1,31,0,1,65,73,4,93,101,2,122,2,143,152,2,172,2,191,201,0.427559432
12,1,32,3,1,61,73,1,92,101,1,123,1,143,152,1,173,1,192,201,0.4270104
11,1,32,0,1,61,72,1,92,101,2,123,1,143,152,1,172,1,191,201,0.426220498
12,3,30,9,3,61,72,3,93,101,4,124,3,143,151,1,173,1,192,201,0.425742221
12,1,32,0,2,65,73,1,92,101,2,121,1,143,152,1,172,1,191,201,0.425392508
14,1,34,3,2,61,73,4,93,101,2,121,2,143,152,2,172,1,191,201,0.425151639
12,2,32,10,3,65,71,3,93,101,4,124,2,141,153,1,171,1,192,201,0.424446342
11,1,32,2,2,61,71,3,92,101,4,124,3,143,153,1,174,1,191,201,0.424412771
12,1,32,9,1,64,72,3,94,101,3,121,2,141,152,1,173,1,192,201,0.424380404
12,2,32,0,2,61,73,4,92,103,2,124,1,141,152,1,173,1,191,201,0.42377823
11,1,32,4,1,61,73,4,94,101,3,121,2,143,152,1,172,1,192,201,0.42375339
13,1,32,3,3,61,74,4,93,101,2,123,1,141,152,1,173,1,191,201,0.423142635
12,2,30,10,3,61,73,1,92,101,2,122,1,141,152,1,174,1,192,202,0.422708618
14,1,34,6,2,65,74,4,92,101,2,123,3,143,152,1,173,1,191,201,0.422454952
11,1,32,6,1,61,72,4,92,101,4,122,1,143,152,1,173,1,191,201,0.422049689
11,1,34,0,2,61,73,4,93,101,2,122,1,143,152,2,173,1,191,201,0.421339124
12,1,30,8,1,61,73,2,93,101,2,121,1,143,152,1,172,1,192,201,0.420865664
14,1,32,3,1,61,73,4,93,101,2,124,1,143,153,1,174,1,192,201,0.420805146
13,1,32,2,2,61,73,2,93,101,2,121,2,143,152,1,173,1,192,201,0.420478316
14,1,32,0,1,61,71,1,92,101,4,121,3,143,152,1,171,1,192,201,0.41975661
14,1,32,3,1,61,74,4,93,101,2,123,1,143,152,1,173,1,191,201,0.419713555
13,1,32,3,2,61,72,2,92,101,3,121,1,143,152,1,172,1,191,201,0.419686306
11,1,32,2,2,61,72,4,92,101,4,121,1,143,151,1,172,1,192,201,0.419521311
13,2,32,3,3,61,73,4,93,101,2,123,1,143,152,1,173,1,191,201,0.419105961
12,1,32,3,2,61,73,2,93,103,2,121,2,143,152,1,173,1,191,201,0.418505292
14,1,33,0,1,61,73,4,93,101,2,123,1,143,152,2,172,1,191,201,0.417057816
12,1,32,1,3,61,75,4,92,101,2,124,2,143,153,1,174,1,192,201,0.416880175
14,2,34,3,2,61,73,4,92,101,2,123,1,143,152,1,173,1,192,201,0.41680686
14,1,32,9,1,61,74,4,93,101,1,121,1,143,152,1,173,1,192,201,0.41649373
14,1,34,1,3,64,73,4,93,101,2,121,1,143,152,2,173,1,191,201,0.416468137
11,1,31,8,1,61,75,4,94,101,1,123,2,141,152,1,172,1,191,201,0.416325573
13,1,32,3,1,61,73,2,92,101,2,123,2,143,151,1,172,1,192,201,0.416044056
14,1,32,3,1,63,74,4,92,101,1,123,1,143,152,1,173,1,191,201,0.415285769
11,1,32,0,1,65,73,4,92,101,2,122,2,143,152,1,173,1,191,201,0.415234584
14,1,32,3,3,65,72,1,92,101,1,123,2,143,152,2,173,1,192,201,0.4150452
12,2,34,3,3,61,72,4,93,101,2,122,1,143,152,2,172,1,191,201,0.41498694
14,1,32,3,1,61,73,4,94,101,2,122,1,143,152,1,173,1,191,201,0.414907001
14,1,32,3,1,61,73,3,93,101,2,123,1,143,152,1,173,1,191,201,0.414628797
14,1,32,0,1,62,72,4,94,101,3,121,1,143,152,1,173,1,192,201,0.414282546
14,1,32,3,1,61,72,4,92,101,3,123,2,142,152,1,173,1,192,201,0.413678566
12,1,30,2,2,61,72,4,92,101,3,122,1,143,151,2,173,1,191,201,0.412658182
11,1,30,9,2,61,74,3,93,101,1,122,1,141,152,1,173,1,192,201,0.412188185
12,1,32,3,1,63,73,4,93,101,3,121,3,143,152,1,172,1,191,201,0.411954391
14,1,32,6,3,62,73,3,93,101,2,122,2,143,152,1,174,1,192,201,0.411686122
14,1,32,6,1,61,72,1,92,101,2,124,3,143,152,1,173,1,191,201,0.410891403
14,2,33,9,3,61,72,1,91,101,1,123,1,143,152,2,173,1,191,201,0.410727009
12,1,33,3,3,61,72,1,93,101,2,123,1,143,152,1,173,1,191,201,0.410336198
12,2,31,2,2,64,73,4,93,101,2,123,1,142,152,1,173,2,192,201,0.409999282
11,1,32,3,1,61,72,4,91,101,3,122,1,143,152,1,173,1,191,201,0.409532597
12,2,30,9,3,61,73,2,93,101,2,123,1,143,152,1,173,1,192,201,0.409423603
12,1,32,3,2,61,72,1,94,101,1,122,1,143,152,1,173,1,192,201,0.408498664
11,1,32,0,1,61,73,4,94,101,3,121,1,143,152,1,172,1,191,201,0.407839133
12,1,34,2,3,61,71,4,93,101,4,122,2,142,152,2,174,1,192,201,0.407236055
12,1,34,9,2,61,71,3,94,101,3,123,2,143,152,3,171,2,192,201,0.407213022
14,1,32,2,2,61,73,2,93,101,2,121,1,141,151,1,172,1,191,201,0.40720414
11,2,32,0,3,61,73,3,93,101,2,123,2,143,152,1,172,1,191,201,0.407058414
12,2,31,1,3,61,71,1,93,101,2,124,3,141,153,1,174,1,192,201,0.406845546
14,1,34,0,1,61,73,3,93,101,1,121,1,143,152,2,173,1,191,201,0.406809867
14,2,32,9,3,61,71,3,93,101,2,123,1,141,151,1,174,1,192,201,0.406687776
11,1,33,0,1,61,73,4,93,101,2,121,2,143,152,2,172,2,191,201,0.406037428
14,1,32,3,2,62,74,3,93,101,1,124,2,143,152,1,173,1,191,201,0.405630509
12,1,32,3,2,61,73,2,93,101,2,121,2,143,152,1,172,2,191,201,0.405409962
11,1,32,0,1,61,73,4,93,101,3,123,1,143,152,1,172,1,191,201,0.404892996
12,1,32,3,1,63,73,4,92,101,3,121,3,143,152,1,172,1,191,201,0.403500769
14,1,33,9,3,61,72,2,93,101,2,123,1,141,152,2,173,1,192,201,0.402858099
14,1,34,2,2,61,71,2,93,101,3,123,1,143,152,1,174,1,191,201,0.402461718
12,1,32,0,1,65,73,4,92,101,2,122,1,143,152,1,173,1,191,201,0.402289044
11,1,33,6,2,61,72,2,93,101,1,122,1,143,152,2,173,1,191,201,0.401718786
14,1,34,3,1,61,71,4,92,101,4,123,3,143,152,2,171,1,191,201,0.401715775
14,1,33,3,1,61,73,3,92,101,2,121,1,143,152,1,173,1,191,201,0.401591125
12,1,32,0,3,61,71,2,93,101,4,124,3,141,153,1,174,1,192,201,0.401527746
12,1,32,3,1,61,74,4,92,103,2,121,2,143,152,1,172,1,191,201,0.4010719
11,1,32,9,3,61,73,2,94,101,2,123,1,142,152,1,172,1,191,201,0.400895162
11,1,32,0,1,61,72,4,92,101,3,123,1,143,151,1,173,1,192,201,0.400507813
12,1,34,3,1,61,73,4,94,101,2,123,1,143,152,1,173,1,191,201,0.400210942
14,1,32,0,2,65,73,3,93,101,2,124,1,143,152,1,173,1,191,201,0.399353145
11,1,32,2,2,61,73,2,93,102,2,122,1,143,152,1,172,2,191,201,0.398549092
11,2,32,2,2,61,71,4,93,101,3,122,1,143,152,1,174,1,192,201,0.398419624
13,1,30,3,1,61,72,4,93,101,2,123,1,143,152,2,174,1,192,201,0.397901152
14,1,32,3,2,65,72,4,93,101,2,123,1,143,152,2,173,1,191,201,0.397586065
12,2,32,9,2,61,73,4,93,101,2,123,2,143,152,1,173,2,192,201,0.397502061
11,1,32,2,2,61,73,3,93,101,2,121,1,143,152,1,173,1,191,201,0.397473759
11,1,32,3,2,61,73,4,93,101,3,122,1,143,152,1,172,1,191,201,0.397131273
11,1,31,9,2,61,73,4,93,101,2,122,1,143,151,1,173,1,192,201,0.397012795
12,1,32,3,1,65,73,2,94,101,1,121,1,143,152,1,173,1,192,201,0.396852315
11,1,32,2,3,65,72,1,92,101,2,122,1,143,152,1,173,1,192,202,0.396843885
12,2,32,9,3,61,73,2,93,101,2,123,1,143,152,1,173,1,192,201,0.396617166
11,1,32,0,2,61,73,3,92,101,2,122,1,143,152,1,173,1,192,201,0.39522765
14,1,33,2,1,61,74,4,92,101,1,121,1,143,152,1,173,1,191,201,0.394447533
14,1,32,1,2,65,73,2,93,101,1,122,1,143,152,1,173,1,192,201,0.393879382
12,2,31,0,3,65,71,4,93,102,4,124,2,143,153,1,174,1,192,201,0.393717548
12,1,32,2,1,65,72,4,92,101,3,121,1,143,151,1,173,1,191,201,0.393260046
11,1,32,3,1,62,73,4,92,101,2,123,1,143,152,1,172,1,191,201,0.392992229
11,1,32,4,1,65,73,4,92,101,2,123,1,143,151,1,173,1,191,201,0.391695898
13,1,32,3,2,61,73,4,93,102,2,121,2,142,152,1,173,1,191,201,0.391458341
12,1,33,0,1,61,71,4,93,101,4,122,2,143,152,1,174,1,192,201,0.391003549
14,1,33,9,2,61,73,4,94,101,2,123,1,143,152,1,173,1,192,201,0.390751991
14,1,32,8,1,65,71,4,93,101,4,122,2,143,152,1,174,2,192,201,0.390706677
14,1,34,3,1,64,73,4,92,101,1,121,2,143,152,2,172,1,191,201,0.39059678
14,1,32,3,1,65,73,4,94,101,2,121,2,143,151,1,173,1,192,201,0.390559596
14,1,32,0,2,65,71,4,93,101,4,124,2,143,152,1,174,1,192,201,0.390528433
12,1,32,5,1,61,73,4,93,101,2,123,1,143,152,1,173,1,191,201,0.389998671
14,1,32,3,2,61,72,2,92,101,2,123,1,141,152,1,173,1,191,201,0.389819524
11,1,32,3,1,62,74,4,94,101,1,122,1,143,152,1,173,1,191,201,0.389640377
12,1,32,9,1,61,73,2,94,101,1,121,1,141,152,1,173,1,192,201,0.389596418
11,1,31,0,1,61,72,4,93,101,2,123,2,141,152,2,173,1,192,201,0.389404927
12,1,32,5,1,62,73,4,93,103,2,121,1,143,152,1,173,1,191,201,0.389249265
12,1,32,3,2,61,73,3,93,103,2,121,1,143,152,1,173,1,191,201,0.389145691
14,1,32,3,1,61,73,4,94,101,2,121,1,143,152,1,173,1,191,201,0.388596207
13,1,32,3,1,61,73,3,92,101,2,121,1,143,152,1,172,1,191,201,0.388457557
14,1,32,1,3,61,73,3,93,101,2,123,1,143,152,1,173,1,192,201,0.388082252
14,2,33,3,3,63,74,4,93,101,1,123,2,143,152,1,174,1,192,201,0.387780111
14,1,32,3,1,65,73,4,92,101,2,123,1,143,152,1,173,1,191,201,0.387470142
11,1,32,0,1,65,73,4,94,101,2,123,1,143,152,1,173,1,191,201,0.387326824
14,1,32,2,1,61,73,3,93,101,2,121,1,143,151,1,172,1,191,201,0.386193081
11,1,32,2,2,64,73,4,93,101,2,123,1,143,152,1,173,1,191,201,0.38573588
11,1,32,2,2,61,73,2,91,101,1,123,2,143,152,1,173,1,191,201,0.385663318
12,1,32,5,2,62,73,3,92,101,2,121,1,143,152,1,172,1,191,201,0.385566519
14,1,31,8,2,63,73,4,92,101,3,121,2,143,152,1,172,2,191,201,0.384509101
14,1,32,0,1,62,73,3,93,101,2,121,2,143,151,1,172,1,191,202,0.384304061
12,1,34,3,2,61,73,1,92,101,1,121,1,143,152,1,172,1,191,201,0.383219244
14,1,32,0,1,61,73,3,93,101,2,121,1,143,152,1,172,2,191,202,0.38299373
13,1,32,0,1,65,72,1,93,101,2,121,1,143,152,1,172,2,191,202,0.382614059
14,1,32,0,1,63,73,3,93,101,2,124,2,143,151,1,172,2,191,202,0.382471645
12,1,32,3,2,61,72,4,94,101,3,123,1,143,151,1,174,1,192,201,0.382261185
12,1,32,3,2,62,72,3,94,101,2,123,1,143,151,1,173,1,192,201,0.382215269
12,1,32,3,1,61,72,3,94,101,3,121,1,143,152,1,172,1,191,202,0.381836351
12,2,32,3,1,65,73,4,92,101,1,123,1,143,152,1,173,1,191,201,0.38171968
11,1,32,0,1,61,72,3,93,101,2,124,1,143,153,1,174,1,192,201,0.381527135
14,1,32,3,1,61,72,4,92,101,3,123,1,143,152,1,173,2,191,201,0.381256307
12,1,32,3,1,61,72,1,94,101,1,121,1,143,151,1,173,1,191,201,0.380836591
12,1,32,3,1,61,73,4,94,103,2,121,1,143,152,1,172,1,191,201,0.380834935
14,1,32,2,1,61,73,4,93,101,2,121,3,143,152,1,173,1,191,201,0.380427113
11,1,30,3,3,61,73,4,93,101,2,122,1,143,151,2,173,1,192,201,0.379592801
12,2,34,0,3,61,71,4,94,101,2,123,1,143,152,2,174,1,191,201,0.379035037
11,1,32,3,2,61,74,4,92,103,1,121,1,143,152,1,173,1,191,201,0.377034464
12,2,30,3,2,61,73,4,92,101,1,123,2,143,152,1,173,1,192,201,0.376750539
13,1,32,2,2,61,73,2,93,101,1,121,1,143,152,1,172,2,191,201,0.375885365
12,1,32,1,2,65,73,4,93,101,2,123,1,143,152,1,173,1,191,201,0.375779533
12,2,32,2,2,61,72,2,94,101,1,122,1,143,152,1,173,1,191,201,0.375551911
14,1,32,3,2,62,73,4,92,102,2,121,1,143,152,1,173,1,191,201,0.37531887
14,1,32,2,1,61,73,4,92,101,2,121,1,143,151,1,173,1,191,201,0.374123253
14,2,34,1,3,65,73,4,93,101,2,123,1,143,152,1,174,1,192,201,0.372300021
12,1,32,3,1,61,73,4,93,103,2,121,1,143,152,1,173,1,191,202,0.371121114
14,1,34,2,2,61,73,4,93,101,2,124,1,143,153,1,173,1,192,201,0.370525865
14,1,32,0,1,61,72,4,94,101,2,121,1,143,152,1,173,1,191,201,0.370074235
12,1,32,9,1,64,73,4,93,101,2,122,2,143,152,1,172,1,192,201,0.369830203
12,1,33,2,2,61,71,3,92,101,2,122,1,143,152,1,174,1,192,201,0.36948305
11,1,33,0,1,61,71,4,93,101,2,121,2,143,153,2,173,2,191,201,0.36921433
12,1,32,3,1,63,73,3,91,101,1,123,1,143,152,1,173,1,192,201,0.369181812
12,2,34,0,3,61,71,4,94,101,2,123,1,143,152,2,174,1,191,201,0.368951631
12,1,32,3,2,62,72,2,93,101,1,123,1,143,152,1,173,1,191,201,0.368717837
14,2,34,2,3,64,72,4,93,101,2,121,1,142,152,2,172,2,192,201,0.367991465
14,1,32,0,1,61,73,4,91,101,2,121,2,143,152,1,172,1,191,201,0.36673262
14,1,34,3,1,61,73,4,92,101,2,123,2,143,152,1,172,1,191,201,0.366556484
13,1,34,6,2,61,72,2,91,101,1,123,1,143,151,1,173,1,191,201,0.366416629
11,1,32,3,1,61,73,4,94,101,2,121,2,143,152,1,172,1,191,201,0.366108165
11,1,32,3,1,62,72,4,94,101,3,124,1,143,152,1,172,1,192,201,0.365842004
14,1,32,2,1,64,73,4,91,101,2,121,1,143,152,1,173,1,191,201,0.36432859
12,1,32,9,1,61,72,3,94,101,2,121,1,143,152,1,173,1,192,201,0.360807377
11,1,32,0,1,61,73,4,92,101,2,121,1,143,152,1,172,1,191,201,0.360713287
12,2,31,4,2,65,72,3,92,101,2,124,1,141,152,1,171,1,191,201,0.359342588
14,1,32,3,1,61,73,3,92,101,1,121,1,143,152,1,173,1,191,201,0.359317598
11,2,32,0,3,61,72,1,92,101,1,121,2,143,152,1,172,1,192,201,0.359282823
12,1,32,3,2,61,72,1,92,103,1,121,2,143,152,1,173,1,191,201,0.359018318
11,1,32,2,2,62,71,1,91,101,1,122,1,143,152,1,173,1,191,201,0.358711209
13,1,32,2,2,61,72,1,92,101,1,122,2,142,152,1,172,1,191,201,0.358487652
12,1,31,0,3,62,71,1,93,101,2,122,1,143,152,1,174,2,192,201,0.35788066
13,2,32,3,3,61,73,4,93,101,1,123,1,143,152,1,173,1,191,201,0.355826193
14,1,34,0,1,61,72,4,92,101,1,122,1,143,152,2,173,1,191,201,0.355644336
12,1,30,0,1,61,72,2,92,101,1,121,1,143,151,2,171,1,191,201,0.355538956
14,1,32,3,1,65,72,4,92,101,2,121,1,143,151,1,173,1,192,201,0.354917512
12,1,34,1,1,61,71,4,93,101,2,123,1,143,152,2,174,1,192,201,0.354243529
12,1,32,2,1,61,73,4,93,101,2,122,2,143,152,1,172,1,191,201,0.353608837
12,1,34,2,1,61,72,4,92,101,1,122,1,143,152,2,173,1,191,201,0.353187466
14,1,34,6,2,65,72,2,93,101,1,122,2,143,152,2,172,2,191,201,0.352293388
12,1,32,2,1,61,73,4,91,101,2,123,1,143,152,1,172,1,191,201,0.352241902
12,1,32,3,1,61,72,2,93,101,1,123,1,142,152,1,173,1,191,201,0.351906942
14,1,32,3,3,61,72,3,93,101,2,123,1,143,152,1,173,1,192,201,0.350423486
13,1,32,3,2,61,73,3,94,101,1,123,1,143,152,1,173,1,191,201,0.350161541
14,1,34,9,2,61,71,4,93,101,2,123,2,142,152,2,174,1,192,201,0.349821162
11,1,32,3,1,61,72,4,94,101,2,121,1,143,152,1,173,1,191,202,0.347456876
12,1,31,0,1,62,72,1,92,101,1,122,1,142,152,1,172,1,191,201,0.347337796
12,1,32,0,1,61,72,4,93,101,2,121,1,142,152,1,172,1,191,201,0.346849131
12,2,32,3,3,61,72,4,92,101,1,124,1,143,152,1,174,1,192,201,0.343349898
12,1,34,0,2,62,72,4,91,101,2,123,2,143,152,1,173,1,192,201,0.343161267
11,1,32,0,1,65,71,4,92,101,3,122,3,143,152,1,174,1,192,201,0.342802822
11,1,33,3,1,61,72,4,92,101,2,123,1,143,151,1,172,1,192,201,0.342621267
11,1,32,4,1,62,71,4,92,101,3,122,1,143,152,1,173,1,191,201,0.342442873
14,1,32,2,1,61,73,4,92,101,1,121,1,143,152,1,173,1,192,201,0.34221766
13,1,33,3,1,61,72,2,92,101,1,122,1,141,152,1,173,1,191,201,0.342124624
11,1,34,9,1,61,72,3,93,101,1,122,1,141,152,2,172,1,191,201,0.342120559
13,1,32,0,1,64,72,2,94,101,2,121,1,143,152,1,171,1,191,202,0.341858463
14,1,34,10,3,61,71,4,93,102,2,124,1,141,152,2,174,1,192,201,0.341479846
11,1,32,3,1,61,71,4,93,101,2,123,1,142,152,1,174,2,191,201,0.340942406
14,1,34,0,1,61,71,1,92,101,2,122,2,143,152,1,171,1,191,201,0.340549035
11,1,32,3,2,64,72,4,92,101,2,123,1,141,152,1,173,1,191,201,0.340286788
12,1,32,0,1,64,73,4,94,101,1,121,1,143,152,1,173,1,191,201,0.339719842
11,2,32,10,3,61,71,2,91,102,3,123,2,143,152,1,174,1,191,201,0.338635778
14,1,32,3,1,61,72,3,92,101,1,121,1,143,152,1,173,1,191,201,0.33606615
12,1,33,2,2,65,72,4,93,101,2,122,1,141,152,1,172,1,191,201,0.335721556
11,1,32,3,1,61,73,4,92,101,1,123,1,141,152,1,173,1,191,201,0.334693494
12,1,32,1,3,61,71,3,92,101,4,124,2,143,153,1,174,1,192,201,0.334384729
12,1,32,2,1,61,73,4,92,101,1,122,1,143,152,1,173,1,191,201,0.332422997
14,1,32,1,2,61,72,4,92,101,1,124,1,143,152,1,174,1,192,201,0.332179568
13,1,32,2,1,61,72,4,92,101,2,122,1,143,152,1,173,1,191,201,0.33150438
12,1,31,6,1,64,72,4,92,101,2,122,1,141,151,1,173,2,191,201,0.329179988
11,1,31,3,2,61,73,4,91,101,1,124,1,143,153,1,173,1,191,201,0.328029233
11,1,31,2,3,61,72,2,91,101,1,122,3,141,152,1,173,1,192,201,0.328015684
13,1,32,0,2,61,72,1,93,103,1,122,2,143,152,1,172,2,191,201,0.327386563
12,1,32,2,2,61,72,3,92,101,1,121,1,143,151,1,174,1,191,201,0.32689549
14,2,32,2,3,61,71,4,92,101,2,123,1,143,152,2,174,1,192,201,0.32660735
14,1,32,2,3,62,73,4,93,101,1,123,1,142,152,1,173,1,191,201,0.326444311
14,1,33,9,2,63,72,4,93,101,2,121,2,141,152,1,172,2,191,201,0.324985092
12,1,32,3,1,61,72,4,92,101,2,123,1,143,152,1,173,1,192,201,0.324724803
12,1,32,0,1,61,72,4,93,101,1,122,1,143,152,1,173,1,191,201,0.324053981
12,2,32,5,2,61,72,4,93,101,1,124,1,143,151,1,172,1,191,201,0.32151958
14,1,30,0,1,62,73,4,93,101,1,124,2,141,151,1,173,1,191,202,0.321287292
12,1,32,0,1,61,72,3,92,101,1,123,1,143,151,1,173,1,191,201,0.321267721
11,1,32,1,1,63,71,1,92,101,2,122,1,143,151,1,171,1,192,201,0.319772222
12,2,32,9,2,61,72,4,92,101,1,122,1,143,152,1,173,2,192,201,0.318677469
12,1,32,0,1,62,72,4,92,101,2,122,1,141,152,1,172,1,191,201,0.318214548
11,1,32,2,1,61,73,4,93,103,1,122,1,143,152,1,172,1,191,201,0.313577205
14,1,32,0,2,65,72,4,93,101,1,122,3,143,152,1,173,1,191,201,0.313264225
13,1,32,2,1,61,72,4,92,101,1,122,1,141,152,1,174,1,192,201,0.311683367
11,1,32,2,1,61,71,4,92,101,2,123,1,143,152,1,173,1,191,201,0.308354699
11,1,32,0,2,61,72,4,92,101,1,122,1,143,152,1,173,1,191,201,0.304378544
11,1,32,2,2,61,72,4,93,101,1,124,1,141,153,1,173,1,191,201,0.304112383
14,1,32,4,1,65,72,4,92,101,1,121,1,143,152,1,173,1,191,201,0.302777664
12,2,32,2,3,62,72,4,93,102,1,124,1,143,151,1,174,1,192,201,0.299955424
11,2,32,5,3,61,72,1,91,101,1,124,1,143,152,1,172,1,192,201,0.299708834
12,1,33,2,1,61,71,4,93,101,1,122,2,142,152,2,174,1,192,201,0.29960797
14,1,32,3,2,61,72,4,93,101,1,121,1,143,152,1,173,1,191,201,0.298936696
11,1,32,0,1,61,72,3,92,101,1,121,2,143,152,1,172,1,191,201,0.298226883
12,1,32,3,1,65,72,4,93,101,1,122,1,143,152,1,173,1,191,201,0.296942596
11,1,32,3,2,61,72,4,92,101,1,123,1,142,152,1,173,1,191,201,0.295476604
11,1,32,2,1,61,72,4,93,102,1,122,1,143,152,1,172,1,191,202,0.295208787
11,1,32,2,1,61,72,4,92,103,1,122,2,143,151,1,173,1,191,201,0.292837575
11,1,32,1,3,61,71,4,93,101,2,124,1,143,153,1,174,1,192,201,0.292255424
12,1,32,5,1,61,72,3,94,101,1,122,1,143,152,1,172,1,191,201,0.290205322
13,1,32,0,1,61,72,4,93,101,1,121,1,143,152,1,173,1,191,201,0.289901676
12,1,32,2,1,64,72,4,92,101,1,121,1,143,152,1,173,1,191,201,0.284637168
11,1,32,2,1,61,72,4,92,101,1,123,1,143,151,1,173,1,191,201,0.284496561
11,1,32,4,1,61,72,4,92,101,1,121,1,143,152,1,173,1,191,201,0.283589686
12,1,34,0,1,62,72,4,93,101,1,123,1,143,152,1,173,1,191,201,0.283094097
14,1,32,2,1,61,72,4,94,102,1,122,2,143,152,1,172,2,191,201,0.280983627
12,1,32,0,1,65,72,4,93,101,2,121,2,143,152,1,171,1,191,201,0.279451847
12,1,32,3,3,65,71,2,93,101,1,124,3,143,152,1,174,1,192,201,0.276063865
12,1,32,3,1,61,72,4,94,103,1,121,1,141,152,1,172,1,191,201,0.273862918
12,1,32,0,3,65,71,1,92,101,2,121,1,143,151,1,171,1,191,201,0.273537895
11,1,32,0,2,61,72,4,93,101,1,121,1,143,152,1,172,2,191,201,0.253859898
14,2,31,1,3,65,71,4,92,101,1,121,3,141,152,1,174,1,192,201,0.252884979
13,1,31,9,1,61,72,4,92,101,1,121,1,143,152,1,171,1,191,201,0.250770896
11,1,32,6,1,61,71,4,92,101,1,121,1,143,152,1,171,1,191,201,0.219231725
11,1,32,2,2,61,71,4,93,101,1,123,1,143,152,1,171,1,191,201,0.201593443
12,1,32,0,3,65,71,1,93,101,2,122,1,143,152,1,171,1,192,201,0.184613638
