school_C,sex_C,age_C,address_C,famsize_C,Pstatus_C,Medu_C,Fedu_C,Mjob_C,Fjob_C,reason_C,guardian_C,traveltime_C,studytime_C,failures_C,schoolsup_C,famsup_C,paid_C,activities_C,nursery_C,higher_C,internet_C,romantic_C,famrel_C,freetime_C,goout_C,Dalc_C,Walc_C,health_C,absences_C,G1_C,G2_C,G3_C,rank
0,0,0,0,1,0,4,3,1,2,1,0,1,4,0,1,1,1,0,0,0,0,1,4,2,2,1,1,2,0,3,3,3,1.0
0,0,0,0,0,1,3,2,2,4,0,0,1,2,0,1,0,0,1,0,0,0,1,4,2,2,1,1,1,0,3,3,3,2.0
0,0,0,0,0,1,4,4,0,0,2,0,1,1,0,1,1,1,0,0,0,0,1,5,5,3,1,1,4,0,3,3,3,3.0
0,0,0,0,0,0,4,2,0,4,2,0,1,1,0,1,1,1,1,0,0,0,1,3,5,2,1,1,3,0,3,3,3,4.0
0,1,0,0,1,0,2,2,3,3,3,0,1,3,0,1,0,0,1,0,0,0,1,4,3,3,1,2,2,0,3,3,3,5.0
1,1,0,1,0,0,4,4,4,4,1,0,2,3,0,1,1,1,1,0,0,0,1,5,4,4,1,1,1,0,3,3,3,6.0
0,0,0,0,0,0,4,3,0,2,0,0,1,3,0,1,0,1,0,0,0,0,1,5,4,3,1,1,4,0,2,3,3,7.0
0,0,0,0,1,0,4,4,2,0,2,1,1,2,0,1,0,1,0,0,0,0,1,4,3,3,1,1,5,0,3,3,3,8.0
0,1,0,0,1,0,4,3,2,4,1,0,1,1,0,1,1,0,0,0,0,0,1,4,5,5,1,3,1,0,3,3,3,9.0
0,0,0,0,1,1,3,4,2,4,2,0,1,2,0,1,0,0,0,0,0,0,1,5,4,4,1,1,1,0,3,3,3,10.0
0,0,0,0,1,0,3,3,2,4,0,1,1,3,0,1,0,1,0,0,0,0,1,5,3,3,1,1,5,0,3,3,3,11.0
0,0,0,1,1,0,4,4,0,0,2,0,1,1,0,1,1,0,0,0,0,0,1,3,5,5,2,5,4,0,3,3,3,12.0
0,1,0,0,1,0,4,4,2,0,0,0,2,1,1,1,0,1,1,0,0,0,1,4,2,4,2,3,2,0,3,3,3,13.0
0,0,0,0,1,0,2,1,4,4,2,0,3,1,0,1,1,1,1,0,0,0,1,4,3,3,1,1,4,0,3,3,3,14.0
0,1,0,0,1,0,4,3,2,4,0,1,1,2,0,1,0,0,1,0,0,0,0,3,1,2,1,3,2,0,3,3,3,15.0
0,1,0,1,0,0,3,1,2,4,1,0,2,4,0,1,0,0,1,0,0,1,1,3,1,2,1,1,3,0,3,3,3,16.0
0,1,0,0,1,0,3,2,1,1,1,1,1,4,0,1,0,0,0,1,0,0,1,5,2,2,1,2,5,0,3,3,3,17.0
0,0,1,0,1,1,3,2,2,4,2,2,1,1,0,1,1,1,0,0,0,1,1,5,5,3,1,1,5,0,3,3,3,18.0
0,0,0,0,1,0,4,4,2,2,1,0,2,2,0,1,0,1,0,0,0,0,1,4,3,1,1,1,5,0,3,3,3,19.0
0,0,0,0,1,0,4,4,2,0,3,1,1,3,0,1,0,1,0,0,0,0,0,4,4,3,1,1,4,0,3,3,3,20.0
0,1,0,0,1,0,2,4,2,2,1,1,1,2,0,1,0,1,0,0,0,1,1,5,4,2,2,3,5,0,3,3,3,21.0
0,1,0,0,1,0,2,3,2,0,3,0,1,2,0,0,1,1,1,0,0,0,1,2,3,1,1,1,3,0,3,3,3,22.0
0,0,0,1,0,1,3,4,4,4,1,0,2,2,0,1,0,0,0,0,0,0,1,4,2,5,3,4,1,0,3,3,3,23.0
0,1,0,0,0,0,3,3,2,2,0,0,1,4,0,1,0,1,1,0,0,0,1,5,3,3,1,1,1,0,3,2,3,24.0
0,0,0,0,1,1,2,2,4,4,0,2,1,3,0,1,0,1,1,0,0,0,0,4,5,2,1,1,3,0,2,3,3,25.0
0,0,0,0,0,0,4,2,0,4,2,0,1,2,0,1,1,1,0,0,0,0,1,4,5,1,1,3,5,0,2,2,3,26.0
0,0,0,1,1,0,4,3,0,3,2,0,1,2,0,1,0,1,0,0,0,0,0,4,5,2,1,1,5,0,3,3,3,27.0
0,1,0,0,1,0,4,2,2,4,2,0,1,2,0,1,0,1,1,0,0,0,1,4,2,3,1,1,5,0,2,3,3,28.0
0,1,0,1,0,0,3,1,4,4,1,1,2,4,0,1,0,1,1,1,0,0,1,4,4,2,2,3,3,0,3,3,3,29.0
0,1,0,0,0,0,4,4,1,1,3,0,1,3,0,1,0,0,0,0,0,0,0,5,4,5,1,1,4,0,2,2,3,30.0
0,0,0,0,1,0,4,4,0,0,2,1,1,2,0,1,0,1,0,0,0,0,1,5,4,4,1,2,5,0,2,2,3,31.0
0,1,0,0,1,0,4,2,1,2,0,1,1,2,0,1,1,0,1,0,0,0,0,4,2,3,1,1,3,0,2,2,3,32.0
0,0,0,0,1,0,1,0,4,4,1,0,2,2,0,1,0,0,0,0,0,0,0,4,3,2,1,1,3,0,2,2,3,33.0
0,0,0,0,1,0,4,4,2,0,0,0,1,1,0,1,1,1,1,0,0,0,1,5,2,3,1,2,5,0,3,2,3,34.0
0,1,0,0,1,0,4,3,1,4,0,0,1,2,0,1,0,1,0,0,0,0,1,4,3,5,1,5,2,0,3,3,3,35.0
0,0,0,0,0,0,4,4,0,0,0,0,1,1,0,1,0,0,1,0,0,0,0,1,4,2,2,2,1,0,3,2,3,36.0
0,0,0,0,1,0,3,3,4,2,1,0,1,1,0,1,1,1,0,1,0,0,1,4,3,5,3,5,5,0,2,2,3,37.0
0,0,0,1,1,0,4,3,0,2,2,0,1,3,0,1,1,1,1,0,0,0,0,5,3,2,1,2,4,0,3,2,3,38.0
1,1,0,0,0,0,1,1,3,2,2,1,2,3,0,1,1,1,1,0,0,0,1,5,3,2,1,1,4,0,3,3,3,39.0
1,0,0,0,0,0,3,1,2,2,2,0,2,1,0,1,1,1,1,1,0,0,1,2,4,5,3,4,2,0,2,3,3,40.0
0,1,0,0,1,0,4,2,1,2,0,0,1,3,0,1,0,0,0,0,0,0,0,3,2,2,1,1,5,0,2,2,2,41.0
0,0,0,0,0,0,4,3,2,4,1,0,1,2,0,1,0,0,0,0,0,0,1,5,4,2,1,2,5,0,2,2,2,42.0
0,0,0,0,1,0,3,4,4,4,0,0,1,2,0,1,0,0,0,0,0,0,1,5,5,1,1,1,5,0,2,2,2,43.0
0,0,0,0,1,0,4,3,0,4,1,0,1,2,0,1,1,1,1,0,0,0,1,4,4,1,1,1,1,0,2,2,2,44.0
0,0,0,0,1,0,4,4,1,1,3,1,1,1,0,1,0,0,1,0,0,0,1,5,4,2,1,1,5,0,2,2,2,45.0
0,0,0,0,1,0,4,2,1,2,3,0,1,1,0,1,1,0,1,0,0,0,1,2,2,4,2,4,1,0,2,3,2,46.0
0,0,0,0,1,0,3,2,4,4,0,0,1,1,0,1,0,0,1,1,0,0,1,5,4,3,1,1,5,0,2,2,2,47.0
0,0,0,1,1,1,4,4,4,0,1,0,2,3,0,1,0,1,0,0,0,0,0,2,4,3,1,1,5,0,2,3,2,48.0
0,1,0,0,1,1,4,3,2,2,1,0,1,2,0,1,0,0,0,0,0,0,1,4,3,2,1,1,1,0,2,2,2,49.0
0,0,0,0,1,0,4,4,0,1,1,0,1,2,0,1,0,1,0,0,0,1,1,3,2,2,1,1,5,0,2,2,2,50.0
0,1,0,0,0,0,4,3,0,2,2,0,3,2,0,1,0,1,0,0,0,0,1,5,4,3,1,2,1,0,3,2,2,51.0
0,0,0,0,1,0,3,1,4,4,1,1,2,4,0,1,0,0,1,0,0,0,1,4,3,2,1,1,5,0,2,2,2,52.0
0,0,0,0,0,0,2,2,2,2,0,0,2,2,0,1,1,0,0,0,0,0,1,5,3,3,1,3,4,0,2,2,2,53.0
0,0,0,1,1,0,4,3,2,4,1,0,2,1,0,0,0,1,0,1,0,0,1,3,3,3,1,1,4,0,2,2,2,54.0
0,1,0,0,1,0,1,2,3,2,2,0,1,2,0,1,1,1,1,1,0,0,1,3,2,3,1,2,1,0,3,2,2,55.0
0,0,0,0,1,0,2,2,2,2,0,1,1,4,0,1,0,0,0,0,0,0,1,5,5,4,1,2,5,0,3,2,2,56.0
0,1,0,0,1,0,4,4,0,0,2,0,2,1,0,1,1,1,0,0,0,0,1,4,3,2,1,1,5,0,3,3,2,57.0
0,0,0,1,1,0,2,2,3,4,2,0,3,1,0,1,1,1,1,1,0,1,1,4,2,2,1,2,3,0,3,2,2,58.0
0,0,0,0,0,0,2,1,4,4,2,0,1,2,0,1,1,0,0,0,0,0,0,4,2,3,1,2,5,0,2,2,2,59.0
0,1,0,0,0,0,2,4,2,2,2,1,1,2,0,1,1,1,0,0,0,0,0,4,3,2,1,1,5,0,2,2,2,60.0
0,1,0,0,0,0,3,2,4,4,1,0,2,2,0,1,1,0,1,0,0,0,1,4,4,4,1,3,1,0,2,2,2,61.0
0,1,0,0,1,0,3,2,4,4,2,0,1,2,0,1,1,1,0,1,0,0,1,5,3,4,1,3,3,0,3,2,2,62.0
0,0,0,0,1,0,0,2,4,4,3,0,1,1,0,1,1,0,1,1,0,0,1,4,3,2,2,4,5,0,2,2,2,63.0
0,0,0,0,0,1,4,4,0,0,1,0,1,2,0,1,0,0,0,0,0,0,1,5,4,3,1,1,2,0,2,2,2,64.0
0,1,0,0,1,0,4,3,1,2,1,0,1,3,0,1,0,0,1,0,0,0,1,4,2,2,1,2,3,0,2,2,2,65.0
0,1,0,0,1,0,3,1,2,2,2,1,1,3,0,1,0,1,1,1,0,0,1,3,4,3,2,3,5,0,2,2,2,66.0
0,1,0,0,0,0,0,2,3,3,0,1,2,3,0,1,1,1,1,0,0,0,1,3,3,3,2,3,2,0,3,2,2,67.0
0,1,0,0,1,0,3,4,2,4,2,0,1,3,0,1,1,1,1,0,0,0,1,4,4,5,1,3,5,0,3,2,2,68.0
0,0,0,0,0,0,3,4,2,4,0,0,1,2,0,1,1,1,0,0,0,0,0,4,3,3,1,3,5,0,3,2,2,69.0
0,1,0,0,1,0,4,3,1,4,1,0,1,3,0,1,0,0,0,0,0,0,0,4,4,3,1,3,4,0,2,2,2,70.0
1,1,0,0,0,0,4,4,3,3,2,0,1,2,0,1,0,0,0,0,0,0,0,2,3,4,1,1,1,0,3,2,2,71.0
1,1,1,0,1,0,4,2,1,4,2,2,2,3,2,1,0,0,1,1,0,0,0,5,4,3,1,1,3,0,2,2,2,72.0
1,1,0,0,1,0,3,3,4,4,0,0,1,2,0,1,1,0,1,0,0,0,0,4,1,3,1,2,1,0,2,2,2,73.0
0,0,0,0,0,0,4,4,1,2,2,1,1,1,0,1,0,0,0,0,0,0,1,4,3,3,1,3,5,0,2,2,2,74.0
0,1,0,0,1,0,4,4,1,4,0,0,1,1,0,1,0,1,1,0,0,0,1,4,4,4,1,2,2,0,2,2,2,75.0
0,1,0,0,1,0,4,4,2,2,1,0,1,3,0,1,0,0,0,0,0,0,1,3,2,3,1,2,2,0,2,2,2,76.0
0,0,0,0,1,0,4,2,0,4,0,0,1,2,0,1,0,0,1,0,0,1,1,4,3,3,2,2,5,0,2,2,2,77.0
0,0,0,0,1,0,3,1,4,4,1,0,1,1,0,1,1,1,0,0,0,1,1,5,3,2,2,2,5,0,2,2,2,78.0
0,1,0,0,1,0,4,2,4,4,1,0,1,3,0,1,0,1,0,0,0,0,1,5,3,3,1,3,1,0,2,2,2,79.0
0,0,0,0,0,0,2,2,2,1,1,0,1,4,0,1,0,1,0,0,0,0,1,4,3,4,1,1,4,0,2,2,2,80.0
0,1,0,0,1,0,4,4,4,4,1,0,1,1,0,1,1,1,0,1,0,0,1,5,3,4,1,2,1,0,2,2,2,81.0
0,0,0,0,1,0,4,4,2,4,2,0,1,1,0,1,0,1,0,1,0,0,1,5,3,3,1,1,5,0,1,2,2,82.0
0,0,0,0,1,0,4,4,4,0,1,1,2,2,0,1,0,1,0,0,0,1,1,4,4,3,1,1,2,0,2,2,2,83.0
0,0,0,0,0,0,2,1,3,4,2,0,1,1,1,1,1,1,0,0,0,1,0,4,4,4,3,5,5,0,2,2,2,84.0
0,1,0,0,1,0,4,4,1,1,1,0,1,2,0,1,0,0,1,0,0,0,0,4,4,2,1,1,3,0,2,2,2,85.0
0,0,0,0,1,0,2,3,4,4,0,1,2,1,0,1,1,1,1,0,0,0,1,5,3,3,1,1,3,0,2,2,2,86.0
0,1,0,0,1,1,2,2,4,4,1,0,1,2,0,0,0,0,1,0,0,0,1,3,3,4,1,1,4,0,2,2,2,87.0
0,1,0,0,1,0,4,4,0,2,0,0,1,3,0,1,0,1,0,1,0,0,1,5,3,2,1,1,5,0,2,2,2,88.0
0,1,0,0,0,0,4,3,1,4,1,1,1,2,0,1,1,1,0,0,0,0,0,3,2,3,1,2,3,0,2,2,2,89.0
0,0,0,0,1,0,2,1,4,4,0,0,1,2,0,1,1,1,0,0,0,0,1,5,2,4,1,2,4,0,2,2,2,90.0
0,1,0,0,1,0,2,3,4,2,1,1,1,4,0,1,0,0,0,0,0,0,0,4,5,5,1,3,2,0,2,2,2,91.0
0,0,0,1,1,0,1,2,3,3,0,0,1,2,0,1,0,0,0,1,0,1,0,3,5,2,2,2,1,0,2,2,2,92.0
0,0,0,0,1,0,2,1,2,2,1,0,1,3,0,1,1,0,0,0,0,0,1,4,2,4,1,3,2,0,2,2,2,93.0
0,0,0,1,0,0,3,2,2,4,1,0,2,3,0,1,0,0,0,0,0,0,1,5,4,2,1,1,4,0,2,2,2,94.0
0,1,0,0,1,0,4,3,4,4,1,1,1,4,0,1,0,0,1,0,0,0,1,4,3,3,1,1,3,0,2,2,2,95.0
0,1,0,0,1,0,4,2,4,4,1,0,2,3,0,1,0,0,1,0,0,0,1,4,3,3,1,1,3,0,2,2,2,96.0
0,1,0,0,1,0,4,4,0,0,2,0,2,3,0,1,0,0,1,1,0,0,0,4,3,3,1,2,4,0,2,2,2,97.0
0,1,0,1,1,0,2,4,3,4,2,1,1,3,0,1,0,1,1,0,0,0,0,4,4,3,1,1,5,0,2,2,2,98.0
0,1,0,0,1,0,3,2,4,2,3,0,1,3,0,1,1,1,1,0,0,0,0,5,4,3,2,3,1,0,2,2,2,99.0
1,0,0,0,1,0,4,4,0,0,0,1,1,2,0,1,1,0,0,1,0,0,1,3,2,4,1,4,2,0,2,2,2,100.0
0,1,0,1,1,0,2,2,3,4,1,0,1,1,0,0,0,0,0,0,0,1,1,4,3,1,1,1,2,0,2,2,2,101.0
0,1,0,0,0,0,2,2,2,2,2,0,3,2,0,1,0,0,1,0,0,0,1,4,3,3,2,3,4,0,2,2,2,102.0
0,1,0,0,0,0,4,2,1,4,3,0,1,2,0,1,0,0,1,0,0,0,1,4,3,3,1,1,5,0,2,2,2,103.0
0,1,0,0,0,1,3,3,4,4,3,0,1,1,0,1,1,0,1,0,0,0,1,5,3,4,4,4,1,0,1,2,2,104.0
0,0,0,1,1,0,4,4,4,4,0,1,4,4,0,1,0,0,0,0,0,0,0,1,3,5,3,5,1,0,1,2,2,105.0
0,1,0,0,1,0,2,2,3,4,0,0,1,2,1,0,1,1,0,0,0,0,1,3,1,2,1,1,5,0,1,2,2,106.0
0,0,0,0,1,0,3,3,4,2,0,1,2,1,0,1,1,1,0,0,0,0,1,5,4,2,1,1,5,0,2,2,2,107.0
0,0,0,0,1,0,3,4,4,4,1,1,1,1,0,1,1,1,1,0,0,0,1,3,4,3,1,2,4,0,2,2,2,108.0
0,1,0,0,0,0,2,4,4,1,2,1,2,2,0,1,0,0,0,0,0,0,0,4,2,2,1,2,5,0,2,2,2,109.0
0,0,0,0,1,0,4,4,1,4,2,0,1,1,0,1,0,1,0,0,0,0,1,3,4,4,1,4,5,0,2,2,2,110.0
0,1,0,0,0,0,1,1,3,3,2,0,1,1,0,1,1,1,1,0,0,0,1,3,4,4,3,3,1,0,2,2,2,111.0
0,0,0,1,0,0,1,2,4,4,1,0,1,1,0,1,1,1,1,0,0,1,1,2,2,2,3,3,5,0,3,2,2,112.0
0,1,0,0,1,0,2,3,2,2,2,0,1,2,0,1,1,1,1,0,0,0,1,4,3,3,1,1,2,0,2,2,2,113.0
0,1,0,0,1,0,4,3,0,4,3,0,1,2,0,1,1,0,0,0,0,0,0,1,3,2,1,1,1,0,2,2,2,114.0
0,0,0,0,0,0,4,4,2,4,0,0,1,2,0,1,0,0,1,0,0,0,0,5,3,5,4,5,3,0,2,2,2,115.0
0,0,0,0,1,0,2,2,4,4,0,0,2,2,0,1,0,0,1,0,0,0,1,3,3,3,5,5,4,0,2,2,2,116.0
0,0,0,0,1,0,4,4,1,4,1,1,1,2,0,1,0,0,0,0,0,0,1,4,2,4,2,4,1,0,2,2,2,117.0
0,0,0,0,0,0,2,2,4,4,0,1,1,2,0,1,1,0,0,1,0,0,0,4,4,2,5,5,4,0,2,2,2,118.0
0,0,0,0,1,0,2,3,4,4,2,1,2,1,0,1,1,1,1,0,0,0,1,5,2,2,1,1,2,0,2,2,2,119.0
0,1,0,0,0,0,4,2,0,2,1,0,1,4,0,1,0,0,0,0,0,0,1,4,2,3,1,1,4,0,2,2,2,120.0
0,1,0,0,0,0,2,1,2,3,1,0,1,2,1,1,1,1,1,0,0,0,0,5,4,3,1,1,5,0,2,2,2,121.0
0,0,1,0,1,0,3,3,4,4,0,2,1,2,1,1,0,1,0,0,0,0,0,4,4,4,1,1,3,0,2,2,2,122.0
0,1,1,0,1,0,2,1,3,4,3,2,3,2,0,1,0,1,1,0,1,0,0,3,4,1,1,1,2,0,2,2,2,123.0
0,1,1,0,1,0,1,1,3,1,0,2,1,3,2,1,1,1,1,1,0,0,0,4,1,2,1,1,3,0,2,2,2,124.0
0,1,0,0,1,1,4,3,2,2,2,0,1,2,0,1,0,0,1,0,0,0,0,5,2,2,1,2,5,0,2,2,2,125.0
0,1,1,1,1,1,3,1,2,3,0,2,1,3,1,1,1,0,1,0,0,1,1,5,4,3,1,2,5,0,2,2,2,126.0
1,0,0,1,1,0,3,2,4,4,2,0,2,1,1,1,0,1,1,1,0,0,1,2,5,5,5,5,5,0,2,2,2,127.0
1,0,0,0,1,0,3,3,1,4,2,0,2,2,0,1,0,0,1,0,0,0,1,4,5,4,2,3,3,0,2,2,2,128.0
1,1,0,1,1,0,4,4,0,2,3,1,2,2,0,1,0,0,0,0,0,0,1,4,3,3,1,2,5,0,2,2,2,129.0
1,1,0,1,0,1,1,4,3,4,2,0,3,2,0,1,1,1,1,0,0,1,0,4,3,4,1,4,5,0,2,2,2,130.0
1,0,0,0,0,0,4,4,0,2,3,0,2,3,0,1,1,0,1,0,0,0,0,4,2,2,2,2,5,0,2,2,2,131.0
0,1,0,0,1,0,2,1,2,4,1,1,3,3,0,1,0,1,0,0,0,0,1,5,2,2,1,1,4,0,1,2,2,132.0
0,0,0,0,0,0,2,2,4,4,1,0,2,2,0,1,0,1,0,0,0,0,1,5,4,4,2,4,5,0,2,2,2,133.0
0,0,0,0,1,0,4,4,1,2,0,0,1,2,0,1,0,0,1,1,0,0,1,5,4,2,3,4,5,0,1,2,2,134.0
0,0,0,0,0,0,3,3,4,4,2,0,1,2,0,1,1,1,0,1,0,0,1,5,3,2,1,1,2,0,1,1,2,135.0
0,0,0,0,0,0,4,4,0,4,0,2,1,1,0,1,0,1,1,1,0,0,0,5,4,3,2,4,5,0,2,2,2,136.0
0,0,0,0,1,1,4,4,4,2,1,0,1,4,0,1,0,1,0,1,0,0,0,1,3,3,5,5,3,0,2,2,2,137.0
0,0,0,0,1,0,2,3,4,2,2,1,1,1,0,0,0,0,0,1,0,0,0,3,2,2,1,3,3,0,1,2,2,138.0
0,0,0,0,1,0,3,4,2,2,0,1,1,1,0,0,1,1,1,0,0,0,1,5,5,5,3,2,5,0,2,2,2,139.0
0,1,0,0,0,0,2,2,4,4,2,1,1,1,0,1,0,1,1,0,0,0,0,3,4,4,1,3,5,0,1,2,2,140.0
0,0,0,0,0,0,1,1,2,4,2,0,1,2,1,1,1,1,1,0,0,1,0,4,4,4,1,3,5,0,2,2,2,141.0
0,1,0,0,1,0,4,4,4,0,2,0,1,1,0,0,0,1,1,0,0,1,0,4,2,1,1,1,4,0,2,2,2,142.0
0,0,0,0,1,0,3,3,4,2,2,1,1,2,1,1,0,0,1,0,0,0,0,4,5,5,4,4,5,0,1,2,2,143.0
0,0,0,0,1,0,3,2,2,2,2,0,2,1,1,1,0,1,0,1,1,1,1,4,5,2,1,1,2,0,2,2,2,144.0
0,0,0,0,1,0,3,3,2,4,0,0,1,2,0,1,1,0,0,0,0,0,0,4,2,3,1,2,3,0,2,2,2,145.0
0,1,0,0,1,0,3,2,4,4,1,0,1,2,0,1,0,0,1,0,0,0,1,1,2,2,1,2,1,0,2,2,2,146.0
0,0,0,0,0,0,2,3,2,2,1,1,1,2,0,1,0,0,1,1,0,0,1,5,3,3,1,3,3,0,2,2,2,147.0
0,1,0,0,1,1,2,1,4,4,2,0,2,3,0,1,1,1,0,0,0,0,0,3,2,3,1,2,3,0,2,1,2,148.0
0,1,0,0,1,0,2,1,4,4,0,0,1,1,0,1,1,1,1,0,0,0,0,4,5,2,1,1,5,0,2,2,2,149.0
0,0,0,0,0,0,4,3,1,4,2,0,2,2,0,1,1,1,0,0,0,0,0,2,5,5,1,4,5,0,2,2,2,150.0
0,0,0,1,0,1,4,4,0,4,2,0,2,2,0,1,0,0,1,0,0,0,1,3,3,3,2,3,4,0,1,2,2,151.0
0,0,0,0,1,0,4,4,2,2,2,0,1,1,0,1,1,1,0,0,0,0,1,5,3,2,1,2,5,0,2,2,2,152.0
0,0,0,1,1,0,2,1,4,4,2,0,1,1,0,1,1,1,1,1,0,0,1,4,4,2,2,4,5,0,1,2,2,153.0
0,0,0,1,1,0,3,2,4,4,2,0,1,3,0,1,1,1,0,1,0,1,1,5,3,2,1,1,3,0,2,2,2,154.0
0,1,0,0,0,0,2,2,2,4,2,0,2,2,0,0,0,0,1,0,0,0,0,4,4,4,2,3,5,0,2,2,2,155.0
0,1,0,1,0,0,1,1,3,4,1,0,2,4,0,1,0,0,0,0,0,1,1,5,2,2,1,1,3,0,2,2,2,156.0
0,1,0,0,1,0,1,1,2,0,1,0,1,3,0,1,0,0,1,0,0,0,1,4,3,3,1,1,3,0,2,2,2,157.0
0,1,0,0,1,0,2,4,2,3,1,2,1,2,1,1,0,0,0,0,0,0,1,4,4,3,1,1,3,0,2,2,2,158.0
0,0,1,1,1,0,3,3,4,2,1,1,1,2,1,1,1,1,0,0,0,1,0,4,5,3,1,2,5,0,2,2,2,159.0
1,0,0,1,0,0,1,1,3,4,3,0,2,2,1,1,1,1,0,1,1,1,1,4,4,3,2,3,5,0,2,2,2,160.0
1,1,0,1,1,0,1,2,4,2,2,1,2,2,0,1,1,1,1,1,0,1,1,3,2,2,1,2,3,0,2,2,2,161.0
1,0,0,1,0,0,1,2,3,2,3,1,3,1,0,1,0,0,0,0,1,0,0,4,3,3,2,3,3,0,2,2,2,162.0
0,0,0,0,0,0,2,2,4,4,0,0,1,2,0,1,1,1,1,0,0,0,1,4,4,4,1,1,3,0,2,2,2,163.0
0,0,0,0,1,0,4,3,0,4,2,0,2,2,0,1,0,0,1,0,0,0,1,5,4,3,1,2,3,0,1,1,2,164.0
0,0,0,0,1,0,2,2,4,4,0,0,1,1,0,1,0,0,1,0,0,0,1,4,2,2,1,2,5,0,2,2,2,165.0
0,0,0,0,0,1,3,4,2,4,0,0,1,2,0,0,0,1,0,0,0,0,1,5,3,3,1,1,5,0,2,2,2,166.0
0,0,0,0,1,0,4,4,0,0,0,0,1,2,0,1,0,0,0,0,0,0,0,4,4,5,5,5,5,0,1,2,2,167.0
0,1,0,1,1,0,3,4,2,1,2,0,1,3,0,0,0,0,0,0,0,0,1,4,3,2,1,1,5,0,2,2,2,168.0
0,1,0,0,0,0,2,2,4,4,0,0,2,2,1,1,0,1,0,1,0,0,0,3,3,3,1,2,3,0,1,1,2,169.0
0,0,0,0,1,0,2,2,2,2,2,1,1,1,0,0,0,1,1,0,0,0,1,5,4,1,1,1,1,0,1,1,2,170.0
0,1,0,0,0,1,3,3,4,2,0,0,1,2,0,1,0,1,1,0,0,0,1,2,3,5,1,4,3,0,2,2,2,171.0
0,1,0,0,1,0,4,4,2,2,2,0,1,1,0,0,0,0,1,0,0,0,1,3,3,4,2,3,5,0,1,1,2,172.0
0,1,0,1,1,0,4,4,1,0,3,0,1,2,0,1,0,1,0,0,0,1,1,2,4,4,2,3,4,0,1,2,2,173.0
0,1,0,0,1,0,1,1,2,2,2,1,4,1,0,0,0,1,0,1,0,0,0,5,5,5,5,5,5,0,1,1,2,174.0
0,1,0,0,1,0,3,3,4,2,0,0,1,2,0,0,0,0,0,0,0,0,1,4,3,3,2,4,5,1,2,2,2,175.0
0,1,0,0,1,0,2,2,4,4,1,0,1,4,0,1,1,0,1,0,0,0,0,5,2,3,1,3,3,0,2,2,2,176.0
0,0,0,0,1,0,2,3,4,4,0,0,1,3,0,0,1,0,1,1,0,0,1,5,3,2,1,2,5,0,2,1,2,177.0
0,1,0,0,1,1,3,3,4,1,1,1,1,4,0,0,1,1,1,0,0,1,1,4,3,3,1,1,4,0,1,2,2,178.0
0,1,0,0,0,1,3,4,4,4,0,0,1,2,0,0,1,1,0,0,0,0,0,5,3,2,1,1,1,0,1,1,2,179.0
0,1,0,0,1,1,3,4,2,4,2,1,1,1,0,1,1,1,1,0,0,0,1,3,2,1,1,4,5,0,2,2,2,180.0
0,1,0,0,1,0,4,4,0,2,2,0,1,3,0,1,0,0,0,0,0,0,1,4,2,2,1,1,5,0,1,2,2,181.0
0,1,0,0,1,0,1,1,4,2,2,1,1,2,0,1,0,0,1,0,0,0,1,4,4,2,1,2,5,0,1,2,2,182.0
0,1,0,0,1,0,1,2,3,4,2,0,1,2,0,1,0,0,1,1,0,0,1,4,3,2,1,1,5,0,1,2,2,183.0
0,1,0,0,1,0,2,2,2,4,1,0,2,2,0,1,1,0,0,1,0,0,1,3,4,4,1,4,5,0,2,2,2,184.0
0,0,0,0,1,0,4,3,4,4,2,0,1,2,0,1,0,1,0,0,0,0,0,5,2,3,1,1,2,0,1,1,2,185.0
0,0,0,0,1,0,3,3,2,2,3,0,1,2,0,1,0,1,0,0,0,0,0,4,3,4,2,3,4,0,2,2,2,186.0
0,0,0,0,1,0,1,2,2,2,3,0,1,1,0,1,0,0,0,0,0,0,0,3,3,3,1,2,3,0,2,2,2,187.0
0,1,0,1,1,0,2,2,2,2,1,0,2,4,0,1,0,0,0,1,0,0,1,5,3,5,1,1,5,0,1,1,2,188.0
0,0,0,1,1,0,2,2,4,4,2,1,2,2,0,1,0,0,0,0,0,0,1,4,5,2,1,1,1,0,2,2,2,189.0
0,1,0,1,1,0,2,1,3,2,2,0,3,2,0,1,1,1,0,0,0,1,1,2,1,1,1,1,3,0,2,2,2,190.0
0,0,1,0,0,1,4,3,2,3,1,0,1,2,0,1,0,1,1,0,0,0,1,4,3,1,1,1,1,0,2,2,2,191.0
0,1,0,1,1,0,4,4,0,4,1,0,2,2,0,1,1,0,0,0,0,0,1,4,3,4,2,2,4,0,2,1,2,192.0
0,1,0,0,0,0,1,1,4,4,0,0,2,2,0,1,0,0,1,1,0,1,1,4,4,3,1,1,3,0,2,2,2,193.0
0,1,0,0,1,0,2,2,4,4,2,0,1,2,0,1,0,1,1,1,0,0,1,5,4,5,1,2,5,0,1,1,2,194.0
0,0,0,0,1,0,1,1,4,4,1,1,1,2,0,1,1,0,1,1,0,0,1,4,3,3,1,2,4,0,2,1,2,195.0
0,0,0,0,1,0,4,2,0,4,0,0,1,2,0,1,0,0,0,0,0,0,0,4,3,2,1,4,5,0,2,2,2,196.0
0,0,0,0,1,0,3,3,1,4,0,0,1,1,0,1,0,0,1,0,0,0,1,4,4,3,1,3,5,0,2,2,2,197.0
0,1,0,0,0,1,4,4,1,4,0,0,1,2,0,1,0,1,1,0,0,0,0,4,2,4,1,1,4,0,2,1,2,198.0
0,0,1,0,1,0,1,2,4,2,2,2,1,2,1,1,1,1,1,1,0,0,1,4,5,2,2,2,4,0,2,2,2,199.0
0,1,1,0,0,0,3,2,2,4,1,2,2,2,1,1,0,0,1,1,0,0,0,4,2,2,1,2,1,0,2,1,2,200.0
0,1,1,1,1,0,2,3,4,4,1,2,1,3,1,1,1,1,1,0,0,0,0,4,1,2,1,1,3,1,2,2,2,201.0
0,1,0,0,1,0,4,4,0,4,2,0,1,2,0,1,0,0,1,0,0,0,1,4,4,4,3,3,5,0,2,2,2,202.0
0,1,0,1,0,0,2,2,2,2,2,0,1,3,0,1,0,0,0,0,0,0,1,3,3,2,2,2,3,0,2,2,2,203.0
0,0,0,0,1,0,4,4,4,4,2,0,1,3,0,1,1,1,0,0,0,0,1,4,3,3,2,2,3,0,1,2,2,204.0
0,1,1,0,1,0,2,1,2,2,0,2,1,3,1,1,1,0,0,0,0,0,0,4,3,4,1,3,3,0,2,2,2,205.0
1,0,0,1,1,0,4,3,2,4,0,0,2,2,0,1,0,0,0,1,0,0,0,4,5,5,1,3,2,0,2,2,2,206.0
1,1,0,0,0,1,3,2,2,4,1,0,2,2,0,1,1,1,1,0,0,1,0,1,2,3,1,2,5,0,2,2,2,207.0
1,1,0,1,1,0,4,4,4,0,3,1,3,2,0,1,0,0,1,1,0,0,0,3,2,2,4,2,5,0,2,2,2,208.0
1,1,0,0,1,0,2,2,4,3,0,0,1,3,0,1,1,1,0,0,0,1,0,3,4,3,1,1,3,0,2,2,2,209.0
0,1,0,0,0,0,1,1,3,4,3,0,1,2,3,0,1,0,1,0,0,0,1,4,3,2,2,3,3,0,1,1,1,210.0
0,1,0,0,1,0,3,3,4,4,0,1,1,2,0,1,0,0,1,0,0,1,1,4,3,2,1,2,5,0,1,1,1,211.0
0,1,0,0,1,0,3,3,4,4,1,0,3,2,0,0,0,1,0,0,0,1,1,5,3,2,1,1,4,0,1,1,1,212.0
0,0,0,0,0,0,4,3,1,4,0,1,1,1,0,1,1,0,0,0,0,0,1,3,1,3,1,3,5,0,1,1,1,213.0
0,0,0,0,0,1,4,2,1,1,3,1,2,1,1,1,1,1,1,0,0,1,1,5,5,5,3,4,5,0,2,2,1,214.0
0,1,0,0,1,1,2,1,4,4,3,0,1,2,0,1,1,0,0,0,0,0,0,5,3,4,1,1,2,0,1,1,1,215.0
0,1,0,0,0,0,4,3,2,2,1,1,1,2,0,0,1,1,0,0,0,0,0,4,4,4,2,4,2,0,1,1,1,216.0
0,0,0,0,1,0,4,2,4,4,2,0,1,4,0,1,1,1,1,0,0,0,1,3,3,3,1,1,3,0,1,1,1,217.0
0,0,0,0,1,0,4,3,0,4,0,0,1,2,0,1,0,0,0,0,0,0,1,4,3,3,2,3,5,0,1,1,1,218.0
0,0,0,0,1,0,4,0,0,4,2,0,2,4,0,1,1,1,0,0,0,0,1,3,4,3,1,1,1,0,2,2,1,219.0
0,0,0,0,1,0,2,1,4,4,0,0,2,1,3,0,0,1,0,0,1,0,1,4,5,1,1,1,3,0,1,1,1,220.0
0,1,0,0,1,0,1,1,4,4,0,1,1,2,0,1,0,1,0,1,0,0,1,4,3,2,2,3,4,0,1,1,1,221.0
0,0,0,0,1,0,2,2,2,4,1,1,2,2,1,1,1,0,0,1,0,0,1,4,4,2,1,1,3,0,2,1,1,222.0
0,1,0,0,1,0,4,2,0,2,0,0,2,2,0,1,0,0,0,0,0,0,1,5,3,3,1,1,1,0,2,1,1,223.0
0,1,0,1,1,0,1,1,3,4,0,0,2,4,1,0,0,0,0,0,0,0,1,3,1,2,1,1,1,0,1,1,1,224.0
0,1,0,0,1,0,2,1,4,4,2,0,1,2,0,1,0,0,1,0,0,1,0,4,3,5,1,1,5,0,1,1,1,225.0
0,1,0,1,1,0,3,3,2,4,1,1,1,3,1,0,0,1,0,0,0,0,1,4,1,2,1,1,2,0,1,1,1,226.0
0,0,0,0,0,1,2,1,2,4,2,0,4,1,3,1,1,1,1,0,0,0,1,4,5,5,2,5,5,0,1,1,1,227.0
0,1,0,1,1,0,3,3,2,2,1,2,2,3,2,1,0,0,0,0,0,0,0,4,2,1,2,3,3,0,1,1,1,228.0
0,1,0,1,1,0,1,1,3,4,2,0,3,1,3,1,0,1,0,1,0,1,1,5,2,5,1,5,4,0,1,1,1,229.0
0,0,0,0,1,0,1,3,3,2,2,1,1,1,0,1,1,1,1,0,1,0,1,5,3,3,1,4,2,0,1,1,1,230.0
0,0,0,0,1,0,2,2,4,4,2,1,1,2,0,1,1,1,1,0,1,0,1,4,3,5,2,4,4,0,1,1,1,231.0
0,0,0,0,0,0,4,4,0,4,1,0,1,2,0,1,0,0,0,0,0,0,1,4,4,4,1,3,5,0,2,2,1,232.0
0,0,0,1,1,0,1,2,3,4,0,0,1,2,0,1,1,1,1,0,0,1,1,3,1,3,1,5,3,0,1,1,1,233.0
0,0,0,1,1,0,3,3,2,2,1,0,1,1,0,1,0,1,0,0,0,0,1,4,3,2,3,4,5,0,1,1,1,234.0
0,0,0,1,0,0,3,3,0,4,0,1,3,1,0,1,0,0,0,0,0,0,1,3,3,4,3,5,3,0,1,1,1,235.0
0,1,0,0,0,0,4,4,0,0,1,0,1,2,0,1,0,0,1,0,0,0,1,4,5,2,1,2,3,0,1,1,1,236.0
0,1,0,0,1,0,2,3,4,4,1,0,1,2,0,0,0,0,0,0,0,1,1,4,4,3,1,3,4,0,1,1,1,237.0
0,1,0,0,1,0,1,1,4,4,2,0,1,2,0,1,0,0,1,1,0,1,1,4,4,4,1,3,1,0,1,1,1,238.0
0,1,0,0,1,0,1,1,3,4,0,0,2,1,0,1,0,0,1,0,0,1,1,4,3,2,1,4,5,0,1,1,1,239.0
0,1,0,1,0,0,4,4,2,4,3,0,1,1,0,1,0,0,1,0,0,1,1,5,2,1,1,2,3,0,1,1,1,240.0
0,1,0,0,1,0,2,2,3,3,2,0,1,3,0,1,0,0,0,0,0,0,1,4,3,3,1,1,4,0,1,1,1,241.0
0,0,0,0,1,0,3,2,3,4,1,0,2,3,0,1,1,1,0,0,0,0,0,5,3,3,1,3,2,0,2,1,1,242.0
0,0,0,0,1,0,3,3,3,4,1,2,3,2,0,0,0,1,1,1,0,0,1,5,3,3,1,3,2,0,1,1,1,243.0
0,0,0,0,1,0,3,1,2,4,3,0,1,2,0,1,1,0,0,0,0,0,0,5,4,4,3,4,5,0,1,1,1,244.0
0,0,0,0,1,0,4,2,1,4,1,1,1,2,0,1,0,0,0,0,0,0,0,5,4,5,1,3,5,0,1,1,1,245.0
0,1,0,0,1,0,2,4,3,1,1,0,2,2,0,1,0,0,1,0,0,0,0,4,3,3,1,1,1,0,1,1,1,246.0
0,0,0,0,0,0,4,3,0,2,2,0,2,1,0,1,1,0,0,0,0,0,1,4,2,3,1,2,1,0,1,2,1,247.0
0,0,0,0,0,1,3,2,0,2,0,0,1,1,1,1,1,1,1,0,0,0,1,4,4,4,3,4,3,0,2,1,1,248.0
0,1,0,0,1,0,1,1,4,4,0,0,2,2,0,0,1,1,0,0,0,0,1,5,4,4,1,1,4,0,1,1,1,249.0
0,0,0,0,0,0,4,4,4,0,0,1,2,1,0,1,1,0,1,0,0,0,1,4,1,1,2,2,5,0,2,2,1,250.0
0,1,1,0,0,0,1,1,3,4,1,2,1,2,1,0,0,1,0,1,0,0,1,4,4,3,1,3,3,0,2,1,1,251.0
0,1,0,1,1,0,3,4,3,2,2,1,1,3,0,1,0,0,0,1,0,0,1,4,3,4,2,5,5,0,2,2,1,252.0
0,0,0,1,1,0,2,2,2,4,2,0,4,1,0,1,0,1,1,0,0,0,1,4,4,5,5,5,4,0,2,1,1,253.0
0,1,0,1,1,1,3,2,4,4,0,0,1,2,0,1,0,0,1,0,0,0,1,4,3,3,2,3,2,0,1,1,1,254.0
0,1,0,0,1,0,2,3,3,4,2,0,1,3,0,1,0,1,1,0,0,0,1,4,3,3,1,2,3,0,2,1,1,255.0
1,0,0,0,0,0,1,1,4,2,0,1,2,1,0,1,1,1,1,1,0,0,0,3,3,2,1,2,3,0,1,1,1,256.0
1,1,0,0,1,0,3,3,2,2,3,0,2,2,0,1,0,1,1,0,0,0,0,4,3,2,1,3,3,0,2,2,1,257.0
1,0,0,1,1,0,1,3,3,4,2,0,2,2,0,1,0,0,1,0,0,1,1,3,3,4,2,4,3,0,1,1,1,258.0
1,1,0,0,1,0,2,3,3,2,2,1,2,1,0,1,0,0,1,0,0,0,0,5,2,3,1,2,4,0,2,1,1,259.0
1,1,0,1,1,0,1,1,4,4,0,0,4,3,0,1,1,1,1,0,0,0,1,4,3,2,1,2,4,0,1,1,1,260.0
1,1,0,1,0,0,4,4,0,2,2,0,1,2,0,1,1,0,0,0,0,0,1,5,4,3,3,4,2,0,1,1,1,261.0
1,1,0,1,1,0,3,1,3,4,1,0,1,2,0,1,0,0,0,1,0,0,1,4,5,4,2,3,1,0,1,1,1,262.0
1,0,0,0,1,0,2,3,4,2,0,1,2,2,0,1,1,1,0,0,0,0,1,4,4,3,1,1,3,0,2,2,1,263.0
1,1,0,1,1,0,2,2,3,4,3,0,2,3,0,1,1,0,1,0,0,1,1,5,3,3,1,3,4,0,1,1,1,264.0
1,0,0,1,0,0,3,2,2,4,2,0,3,1,0,1,1,1,1,1,0,0,1,4,4,1,3,4,5,0,2,2,1,265.0
0,1,0,0,1,0,4,4,0,1,1,0,1,2,0,1,0,0,1,0,0,0,1,3,3,3,1,2,2,0,1,1,1,266.0
0,1,0,0,0,0,2,2,4,3,2,1,2,2,1,0,1,1,0,0,0,0,1,4,3,3,2,2,5,0,1,1,1,267.0
0,0,0,0,0,0,1,2,4,3,0,1,1,2,0,0,0,1,0,0,0,0,1,4,3,2,1,1,5,0,1,1,1,268.0
0,1,0,0,0,0,1,2,4,2,1,1,1,2,0,0,1,1,0,0,0,0,1,4,4,3,1,1,1,0,1,1,1,269.0
0,1,0,0,1,0,4,3,0,1,0,0,1,3,0,0,0,0,0,0,0,0,1,3,4,4,2,4,4,0,1,1,1,270.0
0,0,0,1,1,0,2,1,1,2,1,0,1,2,0,1,1,1,0,0,0,0,0,5,4,2,1,1,5,0,1,1,1,271.0
0,1,1,0,1,0,0,1,3,4,2,2,1,2,3,1,0,1,1,1,1,1,1,3,4,2,1,1,5,0,1,1,1,272.0
0,0,0,0,0,0,2,2,2,2,1,1,2,1,2,1,0,1,0,0,0,0,1,2,3,3,2,2,2,0,1,1,1,273.0
0,1,0,0,0,0,3,3,4,4,1,0,2,2,0,1,0,0,0,0,0,0,1,4,4,5,1,1,4,0,1,2,1,274.0
0,0,0,0,0,0,4,3,0,4,2,0,2,2,0,1,1,0,0,0,0,0,1,4,4,4,4,4,4,0,1,1,1,275.0
0,0,0,1,1,0,4,2,0,2,3,0,1,1,0,1,0,1,0,0,0,0,0,4,3,3,3,4,3,0,1,1,1,276.0
0,1,0,0,1,1,3,3,1,4,1,0,1,2,0,1,0,1,1,1,0,0,0,3,3,3,1,3,3,0,1,1,1,277.0
0,1,0,0,1,0,1,1,3,2,2,0,1,2,0,1,1,1,0,0,0,0,1,5,3,3,1,1,3,0,1,1,1,278.0
0,1,0,0,1,0,3,4,3,2,0,0,1,3,1,1,0,0,1,0,0,0,0,4,4,3,3,4,5,0,1,1,1,279.0
0,0,0,0,0,0,2,1,3,4,2,0,4,2,0,0,0,0,0,0,0,0,0,4,3,2,4,5,3,0,1,1,1,280.0
0,0,0,0,1,0,4,4,0,0,1,0,1,2,0,0,0,1,0,0,0,0,0,4,5,5,1,3,2,0,2,1,1,281.0
0,1,0,0,1,0,3,3,4,4,0,0,1,3,0,1,1,1,0,1,0,1,1,3,2,3,1,1,4,0,1,1,1,282.0
0,1,1,0,1,0,3,3,4,2,0,2,1,2,2,1,0,0,0,0,0,0,1,4,3,5,3,3,5,0,1,1,1,283.0
0,1,0,1,1,1,3,2,4,2,0,0,2,2,0,1,1,1,1,1,1,0,0,4,1,1,1,1,5,2,1,1,1,284.0
0,0,0,0,1,0,4,4,0,2,0,0,2,1,0,1,1,0,0,0,0,0,1,3,2,4,1,4,3,0,1,1,1,285.0
0,1,0,0,1,0,4,3,4,4,2,0,1,3,0,1,0,0,0,0,0,0,0,4,3,4,1,1,5,0,1,1,1,286.0
0,1,0,0,1,0,2,2,4,4,2,0,1,2,0,1,0,1,1,0,0,1,0,4,2,2,1,1,3,0,2,1,1,287.0
0,1,0,0,1,0,4,4,0,2,2,0,1,3,0,1,0,0,0,0,0,0,1,5,4,4,1,3,4,0,1,1,1,288.0
0,0,0,0,1,0,4,3,0,4,2,0,1,3,0,1,0,0,1,0,0,0,0,5,4,5,2,3,5,0,1,1,1,289.0
1,1,0,0,1,0,3,3,2,2,2,1,1,2,0,1,0,1,1,0,0,1,0,5,3,4,1,1,5,0,1,1,1,290.0
1,1,1,0,0,0,3,2,2,2,0,2,2,2,2,1,1,1,0,0,0,1,0,3,2,2,1,1,3,0,1,1,1,291.0
1,0,1,0,0,1,2,2,2,2,2,2,1,2,2,1,0,0,1,0,0,1,1,5,5,4,4,5,4,0,1,1,1,292.0
1,0,1,0,0,0,1,1,4,3,2,1,1,1,0,1,1,1,1,0,0,0,1,3,2,3,3,3,5,0,1,1,1,293.0
0,1,0,1,1,0,2,4,2,1,2,0,1,3,0,0,0,0,0,0,0,0,1,4,3,2,1,1,5,0,1,1,1,294.0
0,1,0,0,1,0,2,2,2,2,0,0,1,1,2,1,0,0,1,1,0,0,1,1,2,2,1,3,5,0,1,1,1,295.0
0,1,0,1,0,0,2,2,1,2,1,0,2,2,0,0,0,0,1,0,0,0,1,4,1,3,1,3,4,0,1,1,1,296.0
0,1,0,0,1,0,4,4,2,2,1,1,2,2,2,1,1,0,1,0,0,0,0,4,4,4,2,3,5,0,1,1,1,297.0
0,1,0,0,1,0,3,3,4,4,0,0,1,3,0,1,0,0,1,0,0,0,0,4,3,3,1,3,4,0,1,1,1,298.0
0,1,0,0,1,0,4,3,4,3,2,0,1,3,0,0,0,0,1,0,0,0,1,5,3,5,1,1,3,0,1,1,1,299.0
0,1,0,0,1,0,2,2,4,4,2,0,1,4,0,0,0,0,1,0,0,0,1,5,1,2,1,1,3,0,1,1,1,300.0
0,0,0,1,1,0,1,3,4,4,2,1,3,2,1,1,0,1,0,0,0,0,1,5,2,4,1,4,5,0,1,1,1,301.0
0,1,0,0,1,0,2,2,4,4,0,0,1,2,0,1,1,0,1,0,0,0,0,5,4,4,1,1,5,0,1,1,1,302.0
0,0,0,1,1,0,2,3,3,2,2,0,1,2,0,0,1,0,0,0,0,1,1,4,4,4,1,1,1,0,2,1,1,303.0
0,0,0,0,1,0,4,3,0,4,0,0,1,2,0,1,0,0,0,0,0,0,1,3,4,3,2,3,3,0,1,1,1,304.0
0,1,0,0,0,0,3,3,4,4,1,0,1,2,0,1,0,1,0,0,0,0,0,5,3,3,2,3,1,1,1,1,1,305.0
0,0,0,0,1,0,1,2,3,2,3,2,2,2,0,1,1,0,0,1,0,0,1,4,4,4,4,5,5,0,1,1,1,306.0
0,1,1,0,1,0,3,3,4,4,1,2,1,4,0,1,0,0,0,0,0,0,1,4,3,3,1,2,3,0,1,1,1,307.0
0,0,0,0,1,0,2,2,2,4,0,0,1,2,1,1,0,0,0,0,0,0,1,4,4,4,2,4,5,0,1,1,1,308.0
0,0,0,0,0,0,3,3,2,1,0,1,1,2,1,1,0,0,1,0,0,0,1,3,2,4,2,4,4,0,1,1,1,309.0
0,1,0,0,1,0,2,3,3,4,0,1,2,1,0,1,0,0,1,0,0,1,1,3,3,3,1,4,3,0,1,1,1,310.0
0,0,1,0,1,0,3,1,2,2,3,0,1,1,3,1,1,1,1,1,1,0,0,5,4,5,5,5,1,0,1,1,1,311.0
0,0,0,0,1,0,3,2,2,4,2,0,2,1,1,1,1,1,1,0,1,0,1,4,4,5,2,4,5,0,1,1,1,312.0
0,0,0,0,1,0,2,1,2,2,3,0,1,1,1,1,1,1,1,1,1,0,1,3,2,5,2,5,5,0,1,1,1,313.0
0,0,0,1,1,0,2,1,4,4,2,0,2,1,0,1,1,1,0,1,0,1,1,3,3,2,1,3,3,0,1,1,1,314.0
0,0,0,0,0,0,1,1,1,4,2,0,2,1,1,1,0,1,0,0,0,0,1,4,4,4,1,2,5,0,1,1,1,315.0
0,0,0,0,1,0,4,3,0,4,2,0,1,2,0,1,0,0,1,1,0,0,1,4,3,2,1,1,3,0,1,1,1,316.0
0,1,0,0,1,0,4,4,1,1,1,1,1,2,1,0,0,1,0,0,0,0,0,2,4,4,1,1,4,0,1,1,1,317.0
0,0,0,0,0,1,4,1,2,4,0,0,2,1,0,1,1,0,0,0,0,0,0,4,5,4,2,4,5,0,1,1,1,318.0
0,1,0,0,0,0,4,3,4,4,0,2,2,2,0,1,0,0,1,0,0,0,0,4,4,5,1,2,2,0,1,1,1,319.0
0,0,1,0,1,0,4,4,0,2,1,2,2,1,1,1,0,0,1,0,0,0,0,4,3,4,1,1,4,1,1,1,1,320.0
0,0,0,0,0,0,2,2,4,4,2,0,1,4,0,1,0,1,0,0,0,0,1,4,5,5,2,4,5,0,1,1,1,321.0
1,0,1,1,1,0,1,1,4,2,0,2,3,2,3,1,1,1,1,0,0,0,1,5,4,4,3,3,2,0,1,1,1,322.0
1,0,0,0,0,0,1,3,3,2,2,0,1,1,1,1,1,1,1,0,1,0,0,4,3,3,2,3,3,0,1,1,1,323.0
1,0,1,1,1,0,1,1,4,4,0,2,3,1,1,1,0,1,1,0,0,0,1,4,4,4,3,3,5,0,1,1,1,324.0
1,1,0,0,0,0,3,1,0,2,2,0,1,2,0,1,0,0,1,0,0,0,1,4,3,4,1,1,1,0,1,1,1,325.0
0,1,0,0,1,0,4,4,2,0,3,1,1,2,1,0,0,1,0,1,0,0,1,4,4,4,1,1,3,0,1,1,1,326.0
0,0,0,0,0,1,4,4,0,1,1,0,1,2,0,1,0,1,1,0,0,1,1,4,1,3,3,5,5,0,1,1,1,327.0
0,0,0,1,1,0,3,2,4,4,2,0,2,2,2,0,0,1,1,0,0,0,0,4,4,4,1,4,3,0,0,1,1,328.0
0,0,0,1,0,0,1,1,4,2,2,0,4,2,3,1,1,1,0,0,1,1,0,5,3,5,1,5,5,0,0,1,1,329.0
0,1,0,0,1,1,3,1,2,4,2,0,1,2,3,1,0,0,1,0,0,0,1,2,3,3,2,2,4,0,1,1,1,330.0
0,1,0,1,1,0,4,3,0,4,1,0,2,3,0,1,0,0,0,0,0,0,0,4,4,2,1,1,4,0,1,1,1,331.0
0,1,0,1,1,0,3,1,4,4,1,0,1,2,1,1,1,1,0,0,0,0,0,5,3,3,1,1,4,0,1,1,1,332.0
1,0,0,1,1,0,2,1,4,4,3,0,2,1,0,1,1,1,0,1,0,0,0,4,4,3,1,3,5,0,1,1,1,333.0
1,0,1,1,1,0,1,1,4,4,2,2,1,1,3,1,1,1,1,1,0,1,1,5,5,3,3,3,3,0,1,1,1,334.0
0,1,0,0,1,1,4,4,3,0,2,0,2,2,0,0,1,1,1,0,0,1,1,4,3,4,1,1,3,0,0,1,1,335.0
0,1,0,0,1,0,1,1,3,4,2,1,1,2,0,1,0,1,1,1,0,0,1,5,3,3,1,1,3,0,0,0,1,336.0
0,1,0,0,1,1,4,4,4,0,0,0,2,2,0,0,0,1,1,0,0,1,1,4,1,4,1,1,1,0,1,0,1,337.0
0,1,0,0,1,0,2,3,4,4,3,1,2,1,0,1,0,1,0,0,0,1,1,3,5,1,1,1,5,0,1,1,1,338.0
0,1,0,0,0,1,4,3,4,4,2,0,1,2,0,0,0,0,0,0,0,0,0,5,2,2,1,1,5,0,1,1,1,339.0
0,1,0,0,1,0,3,1,2,4,2,0,1,4,0,0,0,0,1,0,0,0,1,4,3,3,1,2,5,0,1,1,1,340.0
0,1,0,0,0,0,3,2,2,4,1,0,1,2,0,1,0,0,1,0,0,0,1,4,4,4,1,1,5,0,1,1,1,341.0
0,1,0,0,0,0,2,2,3,4,2,0,1,2,0,1,0,1,1,0,0,1,1,4,3,4,1,2,2,0,1,1,1,342.0
0,1,0,0,0,0,3,1,4,4,0,1,1,2,0,0,0,1,1,0,0,1,1,3,3,3,2,3,2,0,1,1,1,343.0
0,1,0,0,1,0,3,2,2,4,0,0,2,2,0,0,0,0,1,0,0,0,1,4,3,5,1,1,2,0,1,1,1,344.0
0,0,0,0,1,0,3,3,4,4,1,1,1,2,0,1,1,1,0,1,0,0,1,4,3,4,1,4,4,0,1,0,1,345.0
0,1,0,1,1,0,2,2,4,4,1,0,1,1,0,1,0,1,1,0,0,0,1,5,3,2,1,2,3,0,1,1,1,346.0
0,1,0,1,1,0,2,1,3,2,1,0,2,2,0,1,0,1,0,0,0,0,1,4,2,5,1,2,5,0,1,1,1,347.0
0,0,0,0,0,0,1,1,4,4,0,0,2,2,0,1,0,0,1,0,0,0,1,3,4,2,1,1,5,0,1,1,1,348.0
1,1,0,1,1,0,4,4,0,3,1,0,3,1,0,1,0,0,0,0,0,0,0,4,4,3,2,2,5,0,1,0,1,349.0
0,0,0,0,1,0,3,2,2,2,2,0,1,1,3,1,0,1,0,0,0,0,1,5,5,5,2,4,5,0,1,0,0,350.0
0,1,0,1,1,0,1,1,4,4,1,0,1,2,2,0,0,1,1,1,0,0,0,3,3,4,2,4,5,0,1,1,0,351.0
0,1,0,0,1,0,3,4,3,4,2,0,1,2,0,1,0,1,1,0,0,0,1,2,4,3,1,2,3,0,0,0,0,352.0
0,0,0,0,1,0,4,4,2,2,3,0,1,1,0,0,0,0,0,0,0,0,1,4,5,5,5,5,4,0,1,1,0,353.0
0,0,0,1,0,0,3,3,4,2,2,0,1,2,1,1,0,1,1,0,0,0,0,4,3,3,1,3,5,0,0,0,0,354.0
1,1,0,1,1,0,1,2,4,4,2,0,1,1,0,1,1,1,0,0,0,0,1,3,5,5,1,3,1,0,1,0,0,355.0
1,0,0,1,1,0,4,2,4,4,0,1,2,1,1,1,1,0,1,0,0,1,1,5,4,3,4,3,3,0,1,0,0,356.0
0,1,0,0,1,0,4,3,4,4,1,0,1,2,2,1,1,0,1,0,0,0,0,3,4,5,2,4,1,0,1,1,0,357.0
0,0,0,1,1,0,2,2,2,4,1,0,1,1,2,1,0,1,0,0,0,0,1,3,3,3,1,2,4,0,1,0,0,358.0
0,1,0,1,1,0,3,4,2,0,2,1,2,3,2,1,0,1,1,0,0,0,0,4,2,2,2,2,5,0,2,0,0,359.0
0,1,0,0,1,0,1,1,3,4,2,0,3,1,0,1,0,1,0,1,0,0,0,4,3,3,1,2,4,0,1,0,0,360.0
0,0,0,1,1,0,3,4,3,0,2,0,4,2,0,1,0,1,1,0,0,1,0,5,3,3,1,1,5,0,1,0,0,361.0
0,1,0,0,1,0,4,4,2,3,2,0,1,3,0,1,0,1,0,0,0,0,0,4,3,3,1,1,5,0,2,0,0,362.0
0,0,0,1,1,0,3,4,3,4,2,0,3,2,0,1,1,1,1,0,0,1,1,5,4,5,2,4,5,0,1,0,0,363.0
0,1,0,0,1,1,3,3,4,4,2,2,2,1,2,1,0,1,0,1,0,0,0,4,3,2,1,1,5,0,0,0,0,364.0
0,0,0,0,1,0,4,3,0,2,2,1,2,4,0,0,0,1,1,0,0,0,1,2,2,2,1,1,3,0,1,1,0,365.0
0,0,0,0,1,0,2,1,4,4,0,0,1,1,3,1,0,1,1,0,0,0,1,5,4,5,1,2,5,0,0,0,0,366.0
0,1,0,0,1,0,3,2,1,2,0,1,1,2,3,1,0,1,1,0,0,0,1,3,3,2,1,1,3,0,1,1,0,367.0
0,0,0,0,1,0,4,4,0,0,2,0,1,1,0,1,0,1,1,0,1,0,0,3,3,2,2,1,5,0,1,1,0,368.0
0,0,0,0,0,0,1,1,4,4,2,0,1,1,3,1,1,1,1,0,1,0,0,2,3,5,2,5,4,0,1,0,0,369.0
0,0,1,0,1,0,3,2,2,3,0,0,1,1,3,1,0,1,1,0,1,0,0,4,5,4,1,1,4,0,0,0,0,370.0
0,0,0,1,0,0,2,1,3,4,2,0,2,1,2,1,1,1,0,0,1,0,0,3,3,2,2,2,5,0,1,1,0,371.0
0,0,0,0,0,0,1,2,4,4,2,0,2,1,1,1,1,1,0,0,0,1,1,4,4,4,2,4,5,0,1,0,0,372.0
0,1,0,0,1,0,2,2,4,4,0,0,1,2,0,1,0,0,1,1,0,0,1,5,1,5,1,1,4,0,1,1,0,373.0
0,0,0,0,1,0,3,4,4,4,2,1,3,1,2,1,0,1,0,1,0,0,1,3,4,5,2,4,2,0,1,0,0,374.0
0,1,0,0,1,0,1,3,3,2,0,0,1,2,3,1,1,1,0,1,0,0,0,4,3,5,1,1,3,0,1,1,0,375.0
0,1,0,0,1,0,1,1,3,4,1,0,1,3,1,1,0,1,0,0,0,1,0,4,3,4,1,1,5,0,1,0,0,376.0
0,0,0,0,1,0,2,2,4,2,1,1,1,2,1,1,1,1,1,0,1,0,1,5,5,4,3,5,2,0,1,1,0,377.0
0,0,0,0,0,0,4,3,0,4,2,0,1,1,0,1,1,1,0,1,0,0,1,5,4,5,1,1,3,0,1,0,0,378.0
0,1,0,0,1,0,2,1,4,4,2,2,2,3,0,1,0,0,1,1,0,0,0,4,4,4,1,1,3,0,1,0,0,379.0
0,1,0,0,0,0,2,2,2,2,2,1,1,4,0,1,1,0,0,0,0,0,0,3,4,1,1,1,2,0,1,1,0,380.0
0,1,0,0,1,0,2,2,3,2,0,0,1,3,0,1,0,0,0,0,0,0,0,4,3,3,1,1,3,0,1,1,0,381.0
0,1,0,1,1,0,2,1,4,4,1,0,2,2,0,1,0,1,1,0,1,0,0,4,3,5,1,2,3,0,1,0,0,382.0
0,1,1,0,1,0,4,4,1,4,1,2,2,2,0,1,0,0,0,0,0,0,1,2,3,4,2,3,2,0,1,1,0,383.0
0,1,1,0,0,0,1,2,2,2,0,2,1,2,1,1,1,1,0,1,0,1,0,4,2,4,2,2,3,0,1,1,0,384.0
0,1,0,0,1,0,2,1,2,4,2,0,2,2,0,1,0,0,0,0,0,0,1,5,3,3,1,2,1,0,1,1,0,385.0
0,1,0,0,1,0,3,3,2,2,0,0,1,2,0,1,1,1,0,0,0,0,1,5,3,4,1,1,4,0,1,0,0,386.0
0,1,0,0,0,0,2,2,4,4,0,2,1,2,0,1,1,1,0,1,0,0,0,4,3,3,1,1,2,0,1,1,0,387.0
0,1,0,1,1,0,2,2,3,4,2,0,2,4,0,1,1,1,0,0,0,1,1,4,4,4,1,1,4,0,1,1,0,388.0
0,1,0,0,1,0,3,2,4,4,0,0,1,2,0,1,0,0,1,0,0,0,0,4,3,2,2,3,2,0,1,1,0,389.0
0,0,0,0,1,0,4,4,0,2,0,1,1,2,1,1,0,1,0,0,0,0,1,4,3,3,2,2,2,0,1,1,0,390.0
0,1,0,0,1,1,2,2,3,3,0,1,1,2,1,1,0,1,1,0,0,0,0,3,3,1,1,2,4,0,1,1,0,391.0
1,1,0,1,1,0,1,1,4,2,1,0,3,1,1,1,0,0,1,0,0,0,0,5,2,1,1,2,1,0,1,1,0,392.0
1,0,1,1,1,0,1,1,4,2,3,0,2,1,1,1,1,1,1,0,0,1,1,4,3,2,1,3,5,0,1,0,0,393.0
1,1,1,1,1,0,2,3,2,4,2,0,1,3,1,1,1,1,0,1,0,0,1,5,4,2,1,2,5,0,1,0,0,394.0
1,1,0,0,1,0,1,1,4,4,2,0,2,2,1,1,1,1,0,0,0,1,1,1,1,1,1,1,5,0,1,0,0,395.0
