StatusExistingAcc,CreditHistory,Purpose,SavingsAccount,EmploymentLength,InstallmentRate,MarriedNSex,Debtors,ResidenceLength,Property,InstallmentPlans,Housing,ExistingCredit,Job,NumPeopleLiable,Telephone,ForeignWorker,CreditEval,DurationMonth_C,CreditAmount_C,Age_C,rank,prediction,truth
12,33,0,62,75,2,93,101,4,123,143,152,4,174,1,192,201,2,2,3,2,1,True,False
11,34,9,61,75,4,93,101,4,123,142,152,4,174,2,192,201,1,2,2,2,2,True,True
11,34,0,61,75,1,92,101,4,121,141,151,3,173,1,192,201,2,1,2,1,3,True,False
12,34,2,61,75,1,93,101,4,123,143,151,3,173,1,192,201,1,1,2,1,4,True,False
11,34,0,61,75,2,93,101,4,124,143,153,3,174,1,192,201,1,1,3,2,5,False,True
11,33,9,61,75,3,93,101,4,124,143,152,2,173,1,192,201,2,3,3,3,6,True,True
14,34,3,65,75,4,93,101,4,121,143,152,4,173,1,191,201,1,1,1,3,7,True,False
11,30,1,61,75,3,93,101,4,124,143,153,2,173,2,191,201,2,2,3,1,8,False,True
14,32,5,65,75,4,93,101,4,122,143,152,4,173,2,192,201,1,2,3,2,9,False,True
11,34,2,61,75,1,92,101,4,122,143,152,2,173,1,191,201,1,1,3,1,10,True,False
11,34,0,61,75,1,92,101,4,124,143,152,2,173,1,192,201,1,1,1,2,11,True,False
12,34,3,61,75,2,93,101,4,121,143,152,3,172,1,191,201,1,1,1,2,12,False,False
14,34,1,65,75,1,93,101,4,123,143,152,2,173,1,191,201,1,2,3,3,13,False,True
14,32,0,61,75,2,93,101,4,122,143,152,1,174,1,192,201,1,3,3,2,14,True,True
13,34,0,61,75,1,93,101,4,121,143,152,2,173,2,191,202,1,1,1,2,15,False,True
14,34,1,61,75,1,93,101,4,123,143,152,1,174,1,192,201,1,1,2,2,16,False,True
14,32,3,62,75,2,93,101,4,123,143,152,2,173,1,191,201,2,1,2,1,17,False,True
14,34,6,61,75,2,92,101,4,124,141,153,3,172,1,191,201,1,1,2,3,18,True,False
11,34,1,61,75,2,92,101,4,124,143,153,2,174,2,192,201,1,1,3,2,19,True,False
11,34,3,64,75,4,92,101,4,122,143,151,2,174,1,192,201,1,1,1,3,20,False,True
12,33,0,61,75,4,93,101,4,124,141,153,2,173,1,192,201,2,2,2,3,21,False,False
11,34,1,61,75,3,93,101,4,124,143,153,3,174,2,192,201,1,2,3,2,22,True,False
12,30,9,61,75,2,92,101,4,124,143,153,2,174,1,192,201,2,2,3,2,23,True,False
11,33,2,61,75,1,92,101,4,122,143,152,2,172,1,191,201,1,1,2,1,24,True,False
14,34,3,61,75,4,93,101,4,121,143,152,3,173,1,191,201,1,1,1,3,25,True,False
14,31,0,61,75,2,93,101,4,124,141,152,2,174,2,192,201,2,1,3,2,26,False,False
12,31,10,62,75,3,92,101,4,124,141,153,2,174,1,192,201,2,3,3,3,27,True,True
12,32,3,65,75,2,92,101,4,123,143,152,1,173,1,191,201,1,2,2,1,28,True,False
14,30,2,61,75,2,93,101,4,122,143,152,2,173,1,191,201,1,1,2,1,29,True,True
11,34,1,61,75,4,93,101,4,124,143,153,2,173,1,192,201,2,2,3,2,30,False,False
11,34,1,62,74,1,94,101,4,123,143,151,2,173,1,191,201,1,2,3,1,31,True,True
14,32,6,61,75,4,93,101,4,122,141,152,3,173,2,192,201,1,1,1,2,32,False,True
13,34,0,62,75,2,91,101,4,123,143,152,2,173,2,192,201,1,1,1,1,33,True,True
11,34,10,61,75,3,93,101,4,124,141,153,2,174,2,192,201,1,1,1,3,34,False,True
11,30,9,61,75,2,93,101,4,123,143,151,2,173,1,191,201,2,2,3,1,35,True,False
14,34,0,65,75,2,93,101,4,124,141,153,1,174,1,192,201,1,3,3,3,36,False,False
12,32,9,61,75,2,92,101,4,122,143,152,1,173,2,191,201,2,1,1,2,37,True,False
14,32,2,61,75,4,93,101,4,122,141,152,3,173,2,192,201,1,1,2,2,38,False,False
12,34,0,65,75,4,93,101,4,121,143,152,2,173,1,191,201,1,2,2,2,39,True,True
14,34,2,61,75,4,93,101,4,121,143,152,3,173,1,192,201,1,1,1,2,40,True,False
14,33,0,65,75,4,94,101,4,123,143,152,2,173,1,192,201,1,1,1,3,41,True,True
11,32,1,61,75,2,93,101,4,124,143,153,1,173,2,191,201,1,2,3,2,42,True,False
14,32,2,61,75,1,93,101,4,123,143,152,1,173,1,191,201,1,1,1,1,43,False,True
11,32,0,61,74,2,93,101,4,124,141,153,1,174,2,192,201,1,2,2,2,44,False,False
14,34,1,65,75,4,93,101,3,123,143,152,2,173,2,192,201,1,2,2,2,45,False,False
11,32,3,61,75,1,93,103,3,122,143,152,1,173,2,191,201,1,2,2,2,46,True,True
14,34,3,65,75,1,93,102,4,121,143,152,1,173,1,192,201,1,1,2,2,47,True,False
12,30,9,61,75,4,93,101,4,124,143,153,1,174,1,192,201,2,2,1,3,48,True,True
11,32,6,65,75,4,93,101,4,124,143,152,1,174,1,192,201,2,2,1,2,49,True,False
14,34,3,61,75,2,93,101,4,121,143,152,2,172,1,192,201,1,1,1,3,50,True,True
11,30,2,61,75,3,93,101,4,124,141,151,2,173,2,191,201,2,1,3,1,51,True,False
14,34,0,61,75,4,93,101,4,123,143,152,2,174,1,192,201,1,2,3,1,52,False,False
12,32,3,61,74,4,93,101,4,121,143,152,2,173,1,191,201,2,2,2,1,53,False,True
14,34,1,65,75,2,93,101,4,124,143,153,2,173,1,191,201,1,2,3,2,54,True,False
14,34,0,64,75,4,92,101,4,121,143,152,2,173,1,192,201,1,1,1,2,55,False,True
11,32,1,65,75,2,92,101,4,121,143,151,1,173,1,191,201,1,1,2,1,56,False,True
11,34,0,61,75,4,93,101,4,121,143,152,2,173,1,191,201,1,1,1,3,57,True,False
14,32,3,65,75,2,92,101,4,121,143,152,1,172,1,192,201,1,2,2,2,58,False,False
14,34,6,61,75,4,93,101,4,124,143,153,2,173,2,191,201,1,1,1,3,59,True,True
12,34,6,61,75,2,92,101,3,123,143,152,2,174,1,192,201,2,1,1,1,60,True,False
11,34,2,63,73,1,92,101,4,123,143,152,2,173,1,191,201,2,2,3,1,61,False,False
12,34,9,61,75,4,91,101,4,121,143,152,2,173,1,192,201,2,1,1,1,62,False,True
12,30,9,61,73,1,93,101,4,121,143,152,3,172,1,192,201,2,1,3,2,63,True,False
11,34,1,61,75,4,92,101,4,124,142,153,2,172,1,191,201,2,2,3,3,64,False,True
11,32,2,64,75,4,92,101,4,122,143,151,2,173,1,192,201,1,2,2,3,65,False,False
14,33,0,61,75,4,93,101,4,124,143,153,2,173,1,192,201,1,1,2,3,66,False,False
11,32,9,61,75,4,93,102,4,124,143,151,1,173,1,191,201,2,3,3,2,67,True,False
14,34,3,62,75,4,93,101,4,122,141,152,2,173,1,191,201,1,1,2,3,68,False,True
14,32,0,63,75,4,93,101,4,122,143,152,1,173,1,191,201,1,2,1,2,69,True,True
11,34,5,62,75,3,93,103,4,121,143,152,2,173,2,191,202,1,1,1,2,70,False,True
14,33,3,65,75,3,93,101,3,123,141,152,2,173,2,191,201,1,2,3,1,71,True,False
14,34,3,65,75,4,93,101,4,122,143,152,2,173,1,191,201,1,1,2,3,72,False,True
11,34,1,61,75,4,93,101,4,124,143,153,2,174,1,191,201,1,1,1,3,73,True,False
14,34,5,61,75,3,93,101,4,124,143,153,2,173,1,191,201,1,1,3,2,74,True,True
13,33,9,61,75,4,93,101,4,121,143,152,1,174,1,192,201,2,2,1,3,75,True,False
12,34,3,61,75,3,92,103,4,121,141,151,2,172,1,192,201,1,1,1,2,76,True,False
13,32,0,62,75,1,92,101,4,124,143,153,1,172,2,191,201,2,1,1,2,77,True,True
14,34,1,64,75,3,93,101,4,124,143,151,2,173,1,192,201,1,1,2,1,78,False,True
12,33,1,61,75,1,93,101,2,123,143,152,2,174,1,192,201,1,2,3,1,79,False,True
14,34,0,65,75,1,92,101,4,123,143,152,1,173,1,192,201,1,1,3,3,80,False,True
14,33,2,63,74,2,92,101,4,123,143,152,2,173,1,192,201,1,2,3,2,81,True,True
11,34,1,61,75,4,93,101,4,122,143,152,2,173,1,192,201,1,1,2,3,82,False,False
14,34,9,65,75,4,93,101,4,121,143,152,2,173,1,191,201,1,2,3,2,83,False,False
12,33,0,61,73,1,91,101,4,122,143,152,2,173,1,191,201,1,1,2,2,84,True,True
14,34,3,64,75,4,93,101,4,123,143,152,2,173,1,191,201,1,1,1,2,85,True,False
14,32,0,63,75,1,92,101,4,124,143,153,1,173,1,191,201,1,1,3,2,86,True,True
11,34,0,61,75,2,93,103,4,122,141,151,1,173,1,192,201,2,1,2,2,87,False,True
11,34,0,61,75,4,93,101,4,123,143,152,2,172,1,191,201,2,1,1,3,88,True,False
14,32,3,62,74,2,92,101,4,121,143,152,1,173,1,192,201,1,3,3,1,89,True,True
12,32,3,65,75,2,92,101,4,123,143,152,1,173,1,192,201,1,1,3,2,90,True,True
13,34,2,65,75,4,93,102,4,124,143,151,2,173,1,191,201,1,1,2,1,91,True,True
11,32,0,61,75,4,93,101,4,124,141,153,1,174,1,191,201,2,2,3,2,92,False,True
13,32,3,62,75,2,91,101,4,121,143,152,1,173,1,191,201,1,1,1,2,93,False,True
14,32,3,63,75,4,93,101,4,123,143,152,1,173,1,191,201,1,2,2,2,94,False,False
12,34,3,61,75,4,93,101,4,121,143,152,1,173,1,191,201,1,2,2,2,95,False,True
14,34,3,63,75,4,93,101,4,122,143,152,2,173,2,192,201,1,1,1,2,96,True,True
13,32,2,65,75,3,92,101,4,121,143,152,1,174,1,192,201,1,1,1,3,97,True,False
11,32,1,61,74,4,93,101,4,124,142,153,3,173,2,192,201,2,2,3,2,98,True,False
11,34,2,61,75,4,93,101,4,123,143,152,2,173,2,192,201,1,1,1,2,99,True,False
12,34,3,65,75,4,93,103,4,121,143,152,2,173,1,192,201,1,1,1,3,100,True,True
12,32,8,65,75,4,93,101,4,122,143,152,2,173,1,191,201,1,1,1,2,101,False,False
11,31,2,61,75,4,93,101,4,123,141,152,1,173,1,191,201,2,2,2,1,102,False,False
12,34,0,61,75,3,93,103,3,121,141,152,2,173,1,191,201,2,1,1,1,103,True,True
14,34,3,65,75,4,93,101,4,123,143,152,2,173,1,191,201,1,1,1,2,104,True,True
12,30,1,62,75,3,94,101,4,123,141,152,2,173,1,192,201,1,1,3,1,105,False,True
14,34,0,61,75,3,93,101,4,121,143,152,2,172,2,191,202,1,1,1,1,106,False,False
14,34,3,61,75,4,93,101,4,123,143,152,2,173,1,192,201,1,1,1,2,107,False,True
11,32,3,65,74,2,94,101,4,123,143,151,2,172,1,191,201,1,1,1,1,108,True,False
11,31,9,61,74,2,92,103,4,123,143,151,1,173,1,191,201,2,2,3,2,109,True,False
13,34,9,64,73,2,91,101,4,121,143,152,2,173,1,192,201,1,1,1,2,110,False,True
13,34,3,65,75,4,93,101,4,122,142,152,2,172,1,191,201,1,2,2,2,111,True,True
14,32,2,63,75,3,93,101,4,122,143,152,1,173,1,191,201,1,1,2,3,112,True,True
12,33,6,61,75,4,93,101,4,124,143,153,1,173,1,191,201,2,2,3,3,113,True,False
14,34,3,62,75,3,93,101,4,121,143,152,1,173,2,192,201,1,1,2,2,114,False,True
13,32,2,61,75,3,91,101,4,124,143,153,1,173,1,191,201,1,1,2,3,115,True,False
14,34,3,63,75,4,93,101,3,122,141,152,2,174,1,192,201,1,1,1,1,116,True,True
14,33,3,61,74,2,93,101,4,123,143,152,2,173,1,192,201,1,3,3,1,117,False,True
13,34,0,61,75,4,93,101,4,124,143,153,2,173,1,192,201,1,1,1,3,118,False,False
13,34,1,61,75,4,93,101,4,124,143,153,1,173,1,191,201,1,2,3,3,119,False,True
11,32,1,65,75,1,93,101,4,122,143,153,1,173,2,192,201,2,1,3,3,120,True,False
14,32,3,62,75,2,93,101,4,124,141,153,1,173,2,192,201,1,1,1,2,121,False,True
14,34,3,61,75,3,93,101,4,123,143,152,2,173,1,192,201,1,1,3,1,122,False,True
14,32,3,63,75,3,93,101,4,123,143,152,1,173,1,191,201,1,1,2,2,123,True,False
14,33,5,64,75,4,93,101,4,124,143,153,2,173,2,191,201,2,1,1,3,124,True,True
14,32,3,65,75,4,93,101,4,123,143,152,1,173,1,192,201,1,2,1,3,125,False,False
14,33,0,61,75,4,93,101,4,123,143,152,2,172,2,191,201,2,1,2,2,126,True,False
11,32,0,61,75,1,91,101,4,122,143,152,1,174,1,192,202,2,1,3,2,127,True,True
12,30,2,61,73,1,92,101,4,123,141,152,2,173,1,192,201,1,1,2,1,128,False,False
14,34,0,61,74,4,93,101,4,123,143,152,2,173,1,192,201,1,2,2,2,129,False,False
14,32,1,61,75,4,93,101,4,123,143,152,1,174,1,192,201,1,1,2,2,130,False,True
11,34,0,61,75,3,93,102,4,122,143,151,2,173,1,192,201,2,1,3,2,131,True,False
14,34,2,61,75,2,93,101,4,122,142,152,1,173,1,191,201,1,1,2,2,132,True,False
11,34,3,63,75,4,93,101,4,123,143,152,2,173,1,191,201,1,1,1,3,133,False,False
11,32,2,65,75,2,91,101,4,122,143,152,1,172,1,192,201,1,1,1,2,134,True,True
14,32,9,64,73,2,93,101,3,122,143,152,3,174,1,192,201,2,1,3,3,135,False,False
12,31,1,61,75,2,92,101,4,124,141,153,1,174,2,192,201,2,1,3,3,136,False,True
14,32,3,65,74,2,94,101,4,122,143,151,1,173,1,192,201,1,2,3,1,137,False,False
11,34,0,61,74,1,93,101,4,121,143,152,2,172,1,191,202,1,1,2,2,138,False,False
14,34,3,65,75,4,93,101,4,124,143,153,2,173,1,191,201,1,1,1,2,139,False,False
14,32,1,65,75,4,93,101,4,121,143,152,1,174,1,192,201,1,1,2,2,140,False,True
14,32,1,65,75,3,93,101,4,123,143,152,1,174,2,192,201,1,1,3,2,141,False,True
14,34,1,65,74,3,93,101,4,122,143,152,2,173,1,192,201,1,1,3,2,142,False,False
14,32,6,65,75,1,93,101,4,121,143,152,1,172,1,191,201,1,1,2,3,143,False,False
14,34,1,61,75,2,93,101,2,122,143,152,2,173,2,192,201,1,2,3,2,144,False,True
14,30,0,65,73,1,92,101,4,122,141,152,2,173,1,192,201,2,1,3,1,145,False,False
14,33,9,61,74,3,93,101,4,123,143,152,2,173,1,191,201,1,2,3,1,146,True,True
11,34,3,61,74,4,92,101,3,121,143,152,4,172,1,192,201,1,1,1,3,147,True,True
13,34,3,61,75,4,93,101,4,122,143,152,1,173,1,191,201,1,2,2,2,148,True,False
11,34,3,65,75,4,93,101,4,121,143,152,2,173,1,192,201,1,1,1,3,149,True,True
12,32,5,61,75,4,93,101,4,123,143,152,2,172,1,191,201,1,1,1,2,150,True,False
11,32,0,61,74,4,92,101,4,123,143,151,2,173,1,191,201,2,1,1,1,151,False,True
11,32,2,61,74,2,93,103,4,122,143,153,1,173,2,191,201,1,2,3,2,152,True,False
11,32,3,61,75,4,92,101,4,123,143,152,1,173,1,191,201,1,1,1,3,153,True,True
12,34,1,64,75,2,92,101,4,124,143,151,1,173,1,191,201,1,1,3,1,154,True,True
12,33,9,62,75,1,91,101,2,123,141,152,2,173,2,191,201,1,1,1,1,155,True,True
14,34,0,64,75,4,93,101,4,121,143,152,1,173,1,192,201,1,1,1,3,156,False,False
12,32,3,61,75,4,92,101,4,123,143,152,1,173,1,192,201,1,1,1,1,157,True,False
12,32,0,62,74,2,93,101,3,123,141,152,2,173,1,192,201,1,1,2,2,158,True,False
13,32,6,61,75,4,93,101,4,123,143,151,1,174,1,192,201,1,1,1,2,159,False,True
11,32,0,61,74,4,93,101,4,124,143,153,1,173,2,191,201,2,2,2,2,160,True,True
11,32,1,65,75,3,93,101,4,124,143,153,1,173,1,191,201,2,2,3,2,161,True,True
11,32,2,61,74,1,92,101,4,123,143,151,1,172,1,191,201,1,1,2,1,162,False,True
12,34,2,61,75,3,92,101,4,122,143,152,1,173,1,192,201,1,1,2,2,163,False,True
14,34,0,61,75,4,93,101,4,121,143,152,2,172,1,191,201,1,1,1,3,164,True,True
14,34,1,65,74,4,93,101,4,123,143,152,2,173,2,192,201,1,1,2,2,165,True,False
11,30,2,61,73,3,93,101,4,124,143,153,2,173,2,191,201,2,2,3,3,166,False,True
11,34,3,61,74,1,92,101,4,123,143,152,1,173,1,191,201,1,1,1,1,167,True,True
14,32,2,65,74,1,92,101,4,121,141,151,1,172,1,191,201,1,1,2,1,168,False,False
14,33,3,65,75,3,93,101,4,124,143,153,1,173,1,191,201,1,1,1,2,169,False,True
11,34,0,61,75,4,94,101,3,123,143,152,2,173,1,192,201,1,1,1,1,170,True,True
11,34,2,61,75,3,93,101,3,122,143,152,2,173,1,191,201,2,1,2,3,171,False,False
14,32,2,61,74,2,92,101,4,122,143,151,1,173,1,192,201,1,1,2,1,172,False,False
12,34,0,61,75,4,93,101,4,123,141,152,1,173,2,192,201,2,1,1,2,173,False,True
11,32,2,61,75,2,93,101,2,122,141,152,1,173,2,191,201,2,2,2,2,174,True,False
14,34,3,61,75,4,94,102,3,121,143,152,2,173,1,191,201,1,1,2,2,175,False,False
11,32,4,61,73,3,93,101,4,123,143,152,1,173,1,191,201,2,2,2,3,176,False,True
14,32,0,63,75,2,93,101,4,124,143,153,1,172,1,191,201,1,1,2,3,177,True,False
11,34,0,61,75,4,93,101,4,121,143,152,2,172,1,191,201,1,1,1,2,178,False,True
12,32,1,65,75,4,93,101,4,124,141,153,1,173,1,192,201,1,1,2,2,179,False,False
14,31,3,63,75,2,93,101,4,122,141,152,1,172,2,191,201,1,1,1,2,180,True,False
12,32,3,61,75,4,93,101,4,123,143,152,2,172,1,191,201,1,1,1,1,181,True,True
14,32,0,61,75,4,93,101,4,123,143,152,1,174,1,192,201,1,1,1,2,182,True,True
13,32,3,65,75,2,93,101,3,123,143,152,1,174,1,191,201,1,1,2,2,183,False,False
12,33,1,65,74,3,93,101,4,122,141,151,2,174,2,192,201,1,1,3,2,184,False,False
12,32,6,61,74,4,92,101,4,122,143,152,2,174,1,192,201,1,1,1,3,185,False,False
12,34,9,61,74,2,93,101,3,122,143,152,2,173,1,191,201,1,1,2,1,186,True,True
14,34,2,65,75,2,93,101,4,122,143,151,1,173,1,192,201,1,1,3,2,187,True,True
11,32,1,65,75,4,93,101,4,124,141,153,1,173,2,192,201,1,1,2,2,188,False,False
14,34,6,65,75,4,92,101,4,122,143,151,2,172,1,191,201,1,1,1,2,189,True,False
14,34,3,65,75,3,93,101,2,123,143,152,2,173,2,192,201,1,2,2,2,190,False,True
14,34,1,65,73,2,93,101,4,122,143,152,2,174,2,192,201,1,1,3,2,191,True,False
14,32,0,65,75,4,92,101,4,124,143,153,1,174,1,192,201,1,1,2,3,192,True,False
12,32,2,62,75,4,93,101,4,124,143,153,1,173,1,191,201,1,1,2,1,193,False,True
12,32,2,61,74,2,92,101,4,121,143,151,1,173,1,191,201,1,1,2,2,194,False,True
14,32,9,61,74,2,93,101,4,123,143,152,1,173,1,192,201,1,1,1,2,195,False,True
11,30,0,61,75,4,93,101,3,123,143,151,2,173,2,191,201,2,1,1,1,196,True,False
12,34,8,65,74,1,92,101,3,122,143,152,2,172,1,191,201,1,1,1,2,197,True,False
14,34,9,65,75,4,91,101,2,123,141,152,2,174,2,191,201,1,2,3,2,198,False,True
12,32,0,62,73,2,92,101,4,123,143,151,2,173,1,192,201,2,1,2,1,199,True,True
11,32,1,61,75,3,93,101,4,124,143,153,1,173,1,192,201,2,1,2,2,200,True,True
13,32,9,61,74,2,93,101,4,122,143,151,1,173,1,192,201,1,1,2,1,201,False,True
12,32,3,61,75,3,94,103,3,121,141,152,2,172,1,191,201,1,1,1,2,202,True,True
14,34,3,65,74,2,93,101,3,122,143,152,2,173,1,191,201,1,2,3,2,203,False,False
14,34,3,61,75,2,93,101,2,124,143,152,2,173,1,191,201,1,1,1,1,204,False,True
11,31,10,65,75,4,93,101,3,123,142,152,1,174,1,192,201,2,1,1,2,205,False,True
11,31,1,61,73,1,92,103,4,123,141,151,1,173,1,191,202,1,1,2,1,206,True,True
11,32,2,61,73,1,92,101,4,121,141,151,1,173,1,191,201,2,1,2,1,207,False,False
12,32,3,61,74,4,93,101,4,123,143,151,1,173,1,191,201,1,2,2,1,208,True,True
14,34,2,61,74,2,92,102,3,123,141,152,2,173,1,191,201,1,1,2,1,209,True,True
14,32,1,65,75,4,93,101,4,124,141,153,1,173,2,191,201,1,1,1,2,210,True,False
14,32,3,62,75,3,93,102,4,123,143,152,1,173,1,192,201,1,1,2,2,211,True,True
14,32,0,62,75,4,94,101,4,121,143,151,1,172,1,191,201,1,1,1,2,212,False,False
14,32,0,61,75,4,92,102,4,124,143,153,1,173,1,192,201,1,1,2,3,213,True,False
14,34,2,63,73,4,93,101,4,121,143,152,2,173,1,192,201,1,2,3,2,214,False,False
14,34,3,61,75,4,93,101,4,121,143,152,1,173,1,191,201,1,1,1,3,215,True,True
11,32,2,61,75,4,92,101,4,122,143,151,1,173,1,191,201,1,1,1,1,216,True,True
11,34,0,61,75,4,93,101,3,122,143,152,2,173,1,191,201,2,1,1,2,217,True,True
14,32,3,63,75,3,93,101,2,123,141,152,2,173,1,192,201,2,1,2,2,218,True,False
14,34,2,65,75,4,93,101,4,122,143,152,1,173,1,191,201,1,1,1,3,219,True,True
11,34,0,61,73,1,93,101,3,121,143,151,3,173,2,191,201,1,1,2,2,220,True,True
12,34,3,61,74,2,93,103,2,121,143,152,2,173,1,191,201,2,2,3,1,221,False,True
14,32,1,65,74,2,92,101,4,122,142,151,1,172,1,191,201,1,2,3,1,222,False,True
12,34,2,61,73,2,92,101,3,123,143,152,1,174,1,192,201,2,2,3,1,223,True,True
14,32,3,61,75,4,93,101,4,123,143,152,1,173,1,191,201,1,1,1,2,224,False,True
11,32,10,61,75,4,92,103,4,121,143,152,1,172,1,192,201,1,1,1,3,225,False,False
12,32,9,63,75,1,94,101,2,121,143,152,1,173,1,192,201,1,1,1,2,226,True,False
12,34,1,61,73,3,93,101,4,123,143,152,2,173,1,192,201,1,2,3,1,227,False,True
12,32,2,62,72,4,92,101,4,123,141,151,4,173,1,191,201,2,1,1,1,228,False,False
12,33,0,62,75,4,93,101,3,124,143,153,1,173,1,191,201,1,2,2,1,229,True,False
14,34,5,65,74,4,92,101,4,121,143,152,2,173,1,191,201,1,1,1,1,230,True,True
14,34,6,61,73,1,93,101,3,124,141,153,1,173,1,192,201,1,2,3,1,231,False,True
12,30,9,62,74,4,93,101,4,124,143,153,1,172,2,191,201,2,2,2,1,232,False,True
12,33,9,62,74,1,93,101,3,122,143,152,2,172,2,192,201,1,2,3,1,233,True,True
12,32,0,61,75,1,91,101,1,121,143,151,2,173,1,191,201,2,1,1,2,234,False,False
14,32,6,63,75,4,93,101,4,124,143,153,1,173,1,192,201,1,1,1,2,235,True,True
12,33,0,65,75,4,93,101,4,123,143,152,1,173,2,191,201,1,1,2,2,236,True,True
12,32,0,64,75,4,93,101,4,121,143,152,1,173,1,192,201,1,1,1,3,237,False,True
12,31,9,61,75,4,92,101,3,124,143,151,1,173,1,191,201,2,2,3,3,238,False,False
12,32,3,64,74,1,93,102,2,124,141,152,2,173,1,192,201,2,2,3,1,239,False,True
14,32,9,64,75,4,92,101,4,121,141,152,1,172,1,191,201,1,1,1,2,240,True,False
11,32,3,61,75,4,93,101,4,121,141,151,1,172,1,191,201,1,1,2,3,241,True,True
14,33,2,62,74,4,93,101,3,121,143,152,2,174,1,191,201,1,1,1,1,242,False,False
11,34,0,64,74,3,92,101,4,121,143,152,2,172,1,192,201,1,1,1,2,243,True,True
12,32,1,61,73,1,92,101,4,123,143,151,2,174,1,191,201,2,1,3,1,244,True,False
11,32,2,65,75,4,93,101,4,122,143,152,1,173,1,191,201,2,2,3,1,245,False,True
14,34,0,61,74,1,93,101,3,124,143,152,2,174,2,192,201,1,1,3,2,246,True,True
14,34,1,64,75,4,93,101,2,123,143,152,2,174,1,192,201,1,2,3,2,247,True,False
12,32,9,62,74,2,92,101,4,121,143,151,1,172,1,191,201,1,1,1,1,248,True,False
12,32,2,62,73,2,92,102,4,123,143,151,1,173,1,191,201,2,2,2,1,249,True,False
12,32,3,62,73,2,94,101,2,123,143,152,1,173,1,191,201,2,3,3,1,250,True,True
12,34,0,61,74,2,93,101,3,121,143,152,2,172,2,191,201,1,1,1,2,251,False,True
14,32,1,62,74,3,92,101,4,123,143,152,1,173,1,191,201,1,1,2,1,252,False,False
14,34,3,61,75,2,94,101,2,121,143,151,2,173,1,191,201,1,1,1,1,253,True,True
11,31,2,61,74,3,93,101,4,123,141,152,1,173,1,191,201,2,1,2,1,254,True,False
11,32,3,61,74,1,94,103,1,121,143,152,2,173,1,192,201,2,2,3,1,255,False,True
12,34,6,64,75,4,93,101,3,124,143,153,2,173,2,191,201,2,1,1,1,256,False,True
14,34,2,61,75,4,93,101,4,123,143,152,1,173,1,192,201,1,1,3,1,257,True,False
12,32,3,65,75,4,93,101,4,122,143,152,1,173,1,191,201,1,1,1,2,258,True,False
13,34,3,65,73,3,93,101,4,124,143,153,2,173,1,192,201,2,1,1,2,259,True,True
14,34,3,61,74,4,92,101,4,123,143,151,1,174,1,192,201,1,2,3,1,260,False,False
12,32,3,61,75,4,92,101,4,121,143,152,1,173,1,191,201,1,1,1,1,261,False,True
11,32,3,61,75,3,93,101,4,121,143,152,1,172,1,191,201,1,1,2,3,262,False,True
11,31,0,61,74,4,93,101,4,124,143,153,2,172,2,191,201,2,1,1,1,263,True,True
11,32,3,61,73,4,93,101,4,124,143,153,1,173,1,192,201,2,2,1,1,264,False,True
11,32,2,61,74,4,92,101,4,121,143,151,1,173,1,191,201,2,2,2,1,265,False,True
11,31,0,62,74,2,93,101,3,123,141,152,1,173,1,191,201,1,1,2,1,266,True,True
12,33,9,62,75,4,93,101,2,122,142,152,2,173,1,191,201,1,2,2,2,267,False,False
14,32,3,65,75,4,93,101,2,123,143,152,2,173,1,191,201,1,1,1,1,268,True,False
14,32,9,62,74,2,93,101,2,123,143,152,2,173,1,192,201,1,2,3,1,269,True,True
14,34,3,64,75,2,93,101,2,123,143,152,1,173,1,191,201,1,1,2,1,270,True,False
14,32,9,64,75,1,91,101,2,121,143,152,1,173,1,192,201,1,1,2,1,271,False,False
11,33,3,61,74,3,93,101,2,122,141,152,2,173,2,192,201,2,2,3,1,272,True,False
14,32,1,64,73,2,92,101,4,123,143,151,1,173,1,192,201,1,1,2,1,273,False,True
14,32,3,61,73,1,93,101,4,122,143,152,1,173,1,192,202,1,1,1,2,274,False,False
14,32,9,65,75,3,93,101,2,122,143,152,2,173,1,191,201,1,2,3,2,275,False,True
12,32,6,61,73,4,93,101,4,124,143,153,1,173,1,191,201,2,3,3,2,276,True,False
14,33,3,61,73,4,92,101,4,121,143,152,2,173,1,191,201,1,2,3,1,277,True,True
11,32,0,65,74,4,92,101,4,124,143,151,1,173,1,191,201,2,1,1,1,278,True,True
14,32,0,63,74,1,92,101,2,123,141,152,1,174,1,191,201,1,1,2,1,279,True,False
12,32,3,61,75,4,93,101,4,123,143,152,1,173,2,191,201,1,1,1,1,280,True,False
11,34,2,61,73,1,91,101,4,121,143,151,1,174,1,192,201,2,1,2,2,281,False,True
14,34,1,62,73,2,92,101,4,123,141,151,2,172,1,191,201,2,2,3,1,282,False,False
12,32,2,65,75,1,92,101,2,122,141,152,1,173,1,192,201,2,1,2,1,283,False,False
14,32,0,65,73,4,93,101,4,124,143,153,1,173,2,192,201,1,3,3,1,284,True,False
11,31,6,61,75,4,92,101,4,124,143,153,1,173,1,191,201,2,1,1,2,285,True,True
11,32,2,65,73,2,94,101,4,123,143,152,1,173,1,191,201,2,1,2,1,286,False,False
14,31,9,61,74,4,93,101,4,123,141,152,1,173,1,192,201,1,1,1,3,287,True,True
14,34,2,63,74,3,92,101,4,123,143,151,1,173,1,192,201,1,1,1,2,288,False,True
14,34,2,61,74,4,93,101,3,122,143,152,2,173,1,191,201,1,1,1,2,289,False,False
14,34,1,61,75,4,92,101,2,123,143,151,2,174,1,192,201,1,1,2,2,290,False,True
14,34,0,61,73,4,93,101,4,123,143,152,3,173,1,192,201,1,1,2,2,291,True,False
14,32,4,63,73,1,91,101,4,121,143,152,1,173,1,191,201,1,1,1,3,292,False,True
14,33,0,61,75,2,93,101,2,123,143,152,2,173,2,192,201,1,2,3,2,293,False,False
11,32,3,61,75,4,93,101,4,121,142,152,1,172,1,191,201,2,1,1,3,294,False,False
14,32,6,61,75,4,93,101,4,123,141,152,1,172,2,191,201,2,1,1,2,295,True,False
14,34,3,61,75,4,93,101,2,123,143,152,2,173,1,191,201,1,2,2,1,296,False,False
14,32,5,63,74,2,94,101,4,121,143,151,1,172,1,191,201,1,1,1,1,297,True,True
14,31,3,62,75,4,93,101,4,123,141,152,1,172,2,191,201,1,1,1,1,298,True,False
14,32,9,61,74,1,93,101,4,121,143,152,1,172,1,191,201,1,1,2,3,299,False,False
14,32,0,65,74,4,92,101,4,122,143,151,1,173,1,191,201,1,1,1,1,300,False,False
14,34,3,61,74,1,92,101,2,123,143,151,2,173,1,192,201,1,1,1,1,301,False,False
12,32,0,61,75,4,93,101,4,123,141,152,1,172,2,191,201,2,1,1,2,302,False,False
11,33,0,61,73,3,93,101,4,124,143,153,2,173,2,191,201,2,1,3,3,303,True,True
11,34,2,61,73,2,91,101,3,122,143,152,2,173,1,191,201,1,1,1,1,304,True,False
11,34,1,61,74,4,93,101,4,123,143,152,2,173,1,192,201,2,2,3,1,305,False,True
12,32,3,62,73,4,93,103,4,122,143,151,1,173,1,191,201,2,2,2,1,306,True,False
12,33,0,65,73,4,92,101,4,123,143,151,2,173,1,192,201,1,1,1,2,307,False,True
11,33,9,61,74,2,93,101,1,123,143,152,2,173,1,192,201,2,2,2,1,308,False,False
12,33,9,61,73,2,91,101,2,121,142,152,2,174,1,192,201,2,2,3,1,309,True,False
12,32,0,65,74,1,92,101,2,123,143,152,1,173,1,191,201,1,2,3,1,310,False,False
12,32,2,65,73,1,92,101,4,122,143,152,1,172,1,192,201,1,1,3,2,311,False,False
11,32,3,61,73,2,92,101,4,123,143,152,1,173,1,191,201,1,1,2,1,312,False,False
12,32,0,61,74,3,93,101,4,122,143,151,1,173,2,192,201,1,1,2,1,313,False,False
12,33,10,61,73,2,93,101,3,123,141,152,2,173,1,192,201,1,1,2,1,314,False,False
12,33,3,61,74,2,93,101,4,122,143,152,1,173,1,191,201,1,1,3,3,315,True,True
14,34,9,65,75,4,93,101,4,124,143,151,1,172,1,191,201,1,1,1,3,316,False,True
11,32,0,61,73,2,92,101,4,123,143,151,1,173,1,191,201,1,1,1,1,317,False,True
14,32,0,65,73,2,93,101,4,123,143,151,2,173,1,191,201,2,1,3,3,318,True,False
11,32,3,61,74,3,93,101,4,121,143,152,1,173,1,191,201,1,1,1,3,319,False,True
14,34,1,61,74,4,93,101,3,123,143,152,2,173,1,192,201,1,1,2,2,320,True,True
14,34,2,61,72,2,92,101,4,122,143,151,2,173,1,192,201,2,2,3,1,321,True,True
14,34,0,62,74,4,94,101,3,122,143,152,2,173,1,192,201,1,1,2,1,322,True,True
14,32,3,63,75,3,91,101,2,123,143,152,1,174,1,192,201,1,1,2,1,323,True,False
14,32,3,64,74,2,91,101,4,121,143,152,1,172,1,191,201,1,1,2,3,324,True,True
14,33,2,62,73,2,93,101,3,122,143,152,2,173,1,191,201,1,1,3,2,325,True,False
11,32,3,61,73,2,93,101,4,121,143,151,1,172,2,191,201,2,1,1,1,326,False,False
14,34,2,61,74,2,93,101,2,122,143,152,2,172,1,191,201,1,1,2,1,327,False,True
13,32,0,61,75,3,92,101,2,123,143,152,1,174,1,191,201,1,1,1,1,328,False,False
12,34,9,65,74,4,93,101,3,124,143,152,2,173,2,192,201,1,1,2,1,329,True,True
14,34,0,61,74,2,93,101,2,122,141,152,2,173,1,191,201,2,1,2,1,330,True,False
11,32,1,61,74,4,93,101,3,122,143,152,1,173,2,191,201,1,2,3,1,331,True,False
14,30,3,61,75,4,94,101,4,123,143,152,1,172,1,191,201,1,1,1,2,332,True,True
11,32,2,61,73,2,92,101,4,123,143,151,1,173,1,191,201,2,1,1,1,333,True,True
14,33,9,65,73,4,93,101,4,121,143,152,2,173,2,192,201,1,1,2,1,334,True,False
14,32,3,63,75,4,93,101,2,123,141,152,1,174,1,191,201,1,2,2,1,335,False,False
14,34,0,65,72,2,91,101,4,121,143,152,2,173,1,192,201,1,1,2,2,336,True,False
14,32,2,61,75,4,93,101,2,121,143,152,2,173,1,191,201,1,1,2,3,337,True,False
14,32,2,63,75,4,93,101,3,124,143,151,1,173,1,192,201,1,1,2,1,338,True,True
11,32,0,61,74,2,91,101,3,123,143,152,1,173,1,191,201,2,1,1,2,339,True,True
12,33,3,62,74,3,92,101,2,122,143,151,2,173,1,192,201,1,1,1,1,340,True,True
14,32,1,63,73,4,93,101,4,123,143,152,1,173,1,191,201,1,2,2,1,341,False,True
14,32,2,63,73,2,92,101,4,123,143,151,1,173,1,191,201,1,1,2,1,342,False,False
14,32,6,61,73,4,93,101,4,124,142,153,1,173,1,192,201,2,2,1,2,343,True,False
12,32,3,61,75,4,93,101,3,123,143,152,1,173,2,191,201,2,1,1,2,344,True,False
12,34,9,63,73,2,93,101,4,123,141,152,1,173,1,191,201,1,1,2,1,345,True,True
12,32,2,65,74,2,93,101,3,123,143,152,1,173,1,192,201,1,1,2,2,346,False,True
11,32,2,65,74,4,93,101,4,123,143,152,1,173,1,192,201,1,1,2,2,347,True,True
11,32,0,61,74,2,93,102,3,122,143,152,1,173,1,192,201,2,1,3,1,348,True,True
11,34,2,65,74,4,93,101,4,122,143,152,2,174,1,192,201,1,2,3,1,349,True,True
14,33,9,61,73,2,92,101,2,123,143,152,2,173,1,192,201,1,2,2,1,350,False,False
11,32,3,61,73,4,92,101,4,123,141,151,2,173,1,191,201,2,1,1,1,351,True,True
12,32,9,62,74,3,93,101,4,121,143,152,1,172,1,191,201,1,1,1,2,352,True,False
12,34,9,65,73,4,94,101,4,121,141,152,2,173,1,191,201,1,1,1,1,353,True,True
14,32,2,61,73,4,93,101,4,124,141,153,2,173,1,191,201,1,1,1,2,354,False,False
14,32,0,61,73,2,92,101,4,123,143,152,1,173,1,192,201,1,1,1,3,355,True,True
14,32,3,63,75,4,93,101,3,122,142,152,1,173,1,192,201,1,1,1,2,356,True,True
12,33,2,61,75,4,91,101,3,124,143,152,1,174,1,192,201,2,1,3,2,357,False,False
11,32,3,61,73,4,91,101,4,123,143,151,1,173,1,191,201,2,2,2,1,358,False,True
14,32,4,63,74,4,93,101,3,122,143,152,2,173,1,192,201,1,1,1,2,359,False,True
11,34,2,61,73,4,92,101,4,121,143,151,2,173,1,191,201,2,1,2,1,360,False,False
14,32,3,65,73,4,92,101,4,123,143,152,1,173,1,191,201,1,2,2,1,361,False,True
12,32,9,61,75,1,93,102,1,121,141,152,1,174,1,192,201,1,1,3,1,362,False,False
12,33,3,61,73,4,94,102,4,121,143,151,2,173,1,191,201,1,1,1,1,363,True,True
11,32,0,61,75,1,93,101,4,124,141,152,1,174,1,192,201,2,1,3,3,364,True,False
11,31,3,61,74,4,93,103,4,123,141,151,1,172,1,191,201,2,1,1,1,365,True,False
14,34,3,61,73,4,93,101,4,124,143,153,2,173,1,192,201,1,1,1,2,366,True,False
14,34,0,61,73,1,93,101,4,122,143,152,2,172,1,191,201,1,1,3,2,367,False,False
14,34,0,62,74,4,92,101,3,123,143,152,2,173,1,192,201,1,1,1,3,368,False,False
12,32,1,61,72,1,94,101,4,123,143,151,1,174,1,192,201,2,2,3,1,369,False,False
14,33,1,61,74,3,93,101,3,123,143,152,2,172,1,192,201,1,1,3,2,370,False,True
12,31,0,62,74,2,93,101,3,124,143,152,1,173,1,191,201,2,1,1,1,371,False,True
11,32,9,61,72,3,92,101,4,122,143,151,1,173,1,191,201,2,2,3,1,372,True,True
14,32,3,65,75,4,93,101,3,122,143,152,1,173,1,192,201,1,1,2,2,373,False,False
12,32,3,62,73,4,92,102,4,124,143,153,1,173,1,191,201,2,2,2,3,374,False,True
12,34,3,61,75,4,93,101,2,122,143,152,2,172,1,191,201,1,1,1,2,375,True,False
12,33,9,65,75,4,93,101,2,122,143,152,2,173,1,191,201,1,1,2,2,376,False,True
14,32,0,64,74,2,92,101,3,123,143,151,1,173,1,191,201,1,1,2,1,377,False,False
14,34,1,61,74,3,93,101,2,123,143,152,2,174,1,192,201,1,2,3,2,378,True,True
12,31,6,61,74,4,92,101,4,124,141,153,1,172,1,191,201,2,1,1,1,379,False,False
11,32,8,61,74,4,94,101,4,122,143,151,1,173,1,191,201,2,1,1,1,380,True,False
13,34,0,63,74,4,94,101,2,121,143,152,3,173,1,192,201,2,1,1,1,381,False,True
12,34,0,61,72,4,91,101,4,123,143,152,2,173,1,191,201,2,2,2,1,382,True,True
14,32,3,62,73,4,93,101,4,123,143,151,1,174,1,192,201,1,1,1,1,383,False,True
14,32,2,61,74,3,92,101,4,121,143,152,1,172,1,191,201,1,1,1,1,384,False,False
11,32,3,61,73,4,93,101,4,124,143,153,2,173,1,191,201,2,1,2,3,385,True,False
12,34,6,61,72,2,92,101,4,124,143,153,2,173,1,192,201,1,1,3,1,386,False,False
11,32,2,61,75,4,93,101,4,124,143,153,1,174,1,192,201,2,1,3,3,387,True,True
11,30,0,61,73,4,93,101,4,123,141,152,2,173,1,191,201,2,1,1,2,388,True,False
12,32,3,61,73,4,92,103,4,121,143,152,2,173,1,192,201,1,1,1,2,389,False,True
12,32,3,61,74,4,93,103,3,121,143,152,2,173,1,191,202,1,1,1,1,390,True,False
11,30,5,61,74,4,93,101,3,121,143,152,2,173,1,191,201,2,1,1,1,391,False,True
12,32,1,61,73,1,94,101,3,123,143,151,1,173,1,192,201,1,1,2,1,392,True,True
14,32,0,65,73,4,93,101,4,121,143,152,1,173,1,191,201,1,2,2,2,393,True,False
11,32,1,61,73,3,93,103,4,124,141,152,1,173,2,192,201,1,1,2,3,394,True,True
14,34,3,65,75,4,92,101,2,121,143,152,2,173,1,192,201,1,1,1,2,395,True,False
11,32,1,61,73,4,91,101,4,122,143,152,1,174,1,192,201,1,2,2,2,396,True,True
14,32,1,63,73,2,93,101,4,122,143,151,1,173,1,191,201,1,1,1,3,397,True,False
11,34,1,61,75,4,93,101,3,121,143,152,1,173,1,191,201,1,1,1,3,398,True,False
11,32,3,65,74,4,92,101,3,123,143,152,1,174,1,192,201,2,2,3,1,399,False,True
12,32,0,65,73,1,93,101,4,124,143,153,1,173,1,192,201,2,2,3,2,400,False,True
12,32,0,61,74,2,94,101,3,123,141,152,1,172,1,191,201,2,1,1,1,401,False,True
14,34,3,65,75,4,93,101,2,123,143,152,1,173,1,192,201,1,2,2,3,402,True,True
12,33,9,62,74,4,93,101,4,123,143,151,1,174,1,192,201,1,1,3,2,403,False,True
11,30,2,61,72,1,92,101,4,122,143,151,1,173,1,191,201,2,1,2,1,404,True,False
14,32,3,61,73,2,93,101,4,123,143,152,1,173,1,192,201,1,1,2,3,405,True,False
11,34,0,61,74,4,93,102,3,122,143,152,2,173,1,192,201,1,1,1,2,406,False,False
11,32,2,61,75,4,93,101,2,123,143,152,1,173,2,191,201,2,2,2,2,407,False,False
12,34,0,64,73,4,92,101,4,123,143,152,2,173,1,191,201,1,1,1,2,408,True,False
12,33,9,65,73,4,93,101,4,124,143,153,1,173,2,192,201,1,2,3,2,409,False,True
12,34,0,63,74,3,91,101,3,123,143,152,1,174,1,192,201,1,1,2,2,410,True,False
12,33,3,65,73,2,93,101,2,124,143,153,1,174,1,191,201,1,3,3,1,411,True,False
12,32,6,62,73,1,93,101,4,124,143,153,1,173,2,192,201,2,2,3,2,412,True,True
14,33,2,64,74,3,92,101,2,122,143,152,2,173,1,191,201,1,1,1,1,413,False,False
14,32,3,61,75,4,93,101,2,123,143,152,1,173,1,191,201,1,2,2,1,414,True,False
14,32,3,63,75,3,93,101,2,123,143,152,1,173,2,192,201,1,1,2,1,415,False,False
14,34,6,63,75,4,93,101,2,123,143,152,2,173,1,192,201,1,1,1,3,416,False,True
12,30,9,62,73,4,92,101,4,123,143,151,2,172,1,191,201,2,2,3,1,417,True,False
11,30,9,65,72,2,93,101,3,123,141,152,3,173,1,191,201,1,2,3,1,418,False,False
11,32,2,61,73,1,93,103,2,122,143,152,1,173,2,191,201,1,2,2,2,419,True,True
12,34,2,64,74,3,93,101,2,123,143,152,2,173,1,192,201,1,1,2,1,420,False,False
14,32,0,61,73,1,93,101,4,122,143,152,1,172,2,191,201,1,1,3,2,421,True,False
12,32,6,61,74,3,93,101,1,123,143,152,2,173,2,191,201,1,2,2,1,422,True,True
13,31,3,64,73,3,92,101,3,121,143,151,2,173,1,191,201,1,1,1,2,423,True,False
12,34,3,65,74,4,93,103,2,121,141,152,3,173,1,192,201,1,1,2,2,424,False,True
11,34,2,61,73,3,94,101,2,122,143,152,2,173,1,192,201,1,2,2,2,425,False,False
14,34,2,61,72,2,92,101,4,122,143,151,2,172,1,191,201,1,1,1,1,426,False,False
14,32,4,61,72,1,92,101,4,121,143,151,1,173,1,192,201,1,1,1,1,427,True,False
11,32,2,61,72,1,92,101,4,123,143,151,1,173,1,191,201,1,1,2,1,428,False,False
13,31,3,65,74,4,93,101,4,123,141,152,1,172,1,191,201,1,1,1,2,429,True,False
11,34,0,61,74,4,92,101,3,122,143,152,2,173,1,191,202,1,1,1,2,430,True,False
12,33,5,64,73,3,94,101,3,122,142,152,2,173,1,191,201,2,1,1,3,431,False,False
11,32,0,65,75,4,92,101,2,123,141,152,1,173,1,191,201,2,1,1,1,432,True,True
14,34,1,65,74,2,93,101,1,124,143,153,2,173,1,192,201,1,2,3,2,433,True,False
13,32,0,61,74,4,93,101,3,124,141,153,1,173,2,191,201,2,1,1,2,434,False,True
12,32,2,61,74,3,91,101,3,123,143,152,1,173,1,192,201,2,1,3,2,435,True,True
14,32,0,65,75,4,93,101,3,123,143,152,1,173,1,192,201,1,1,2,3,436,False,True
11,32,2,61,75,4,93,101,2,122,143,151,1,174,1,192,201,2,1,2,2,437,False,True
14,32,2,61,73,3,93,101,4,121,143,152,1,173,1,192,201,1,1,2,2,438,True,True
11,31,0,61,71,1,92,102,4,124,143,151,2,171,1,191,201,2,1,1,1,439,False,True
12,34,3,62,72,4,93,101,4,124,141,152,2,173,2,191,201,2,1,1,2,440,True,False
13,32,3,61,75,4,93,101,2,123,143,152,1,173,1,191,201,1,2,3,1,441,False,True
11,34,5,61,71,2,92,101,4,124,143,153,3,171,2,191,201,2,1,1,3,442,False,False
12,32,9,62,75,4,91,101,2,123,141,151,2,172,1,191,201,2,1,2,3,443,True,False
14,32,3,62,74,4,94,101,3,122,143,152,1,173,1,192,201,1,1,1,1,444,True,False
14,34,2,61,72,1,92,101,3,121,143,151,2,173,1,191,201,1,1,2,1,445,True,True
11,32,0,65,73,4,92,101,4,121,143,151,1,173,1,191,201,2,1,1,1,446,True,True
13,32,3,62,75,4,92,101,2,124,143,153,1,173,1,192,201,1,1,1,2,447,False,False
11,30,2,61,73,2,91,103,2,121,143,152,2,173,1,191,201,1,2,3,1,448,True,True
13,32,3,61,73,3,94,101,4,121,143,151,1,173,1,191,201,1,1,1,1,449,True,False
14,34,2,65,73,1,94,101,2,122,143,152,2,173,1,191,201,1,1,1,1,450,False,False
14,32,1,65,73,1,93,101,3,123,143,152,1,173,1,191,201,1,1,3,1,451,True,False
14,34,6,61,74,2,93,101,3,121,143,152,1,172,2,191,201,1,1,2,2,452,True,False
14,32,0,64,74,4,92,101,3,123,143,152,1,173,2,192,201,1,1,1,1,453,False,False
11,32,0,62,74,4,93,101,3,123,143,152,1,174,2,192,201,1,1,2,1,454,False,False
12,32,0,62,74,3,93,101,2,122,143,152,1,173,1,191,201,2,2,3,1,455,True,False
14,32,1,62,72,1,92,101,4,123,143,152,1,173,1,192,201,1,1,2,1,456,False,False
12,33,6,62,74,2,93,101,3,124,143,151,1,173,1,192,201,1,2,3,1,457,False,True
12,31,9,62,74,4,93,101,2,123,143,152,1,173,1,191,201,1,2,2,1,458,True,False
14,34,3,65,75,4,93,101,1,121,143,152,1,173,1,192,201,1,2,2,2,459,False,True
14,34,3,65,75,4,92,101,3,122,141,152,1,172,2,191,201,2,1,1,1,460,True,True
14,31,9,61,73,1,92,101,1,121,142,152,1,173,1,191,201,1,2,2,1,461,False,True
14,34,3,61,74,4,94,103,2,123,143,152,2,173,1,192,201,1,1,1,1,462,False,True
12,34,9,61,74,2,92,101,1,121,141,152,2,172,1,191,201,1,2,3,2,463,True,False
12,32,2,64,72,1,92,101,4,121,143,151,1,172,1,191,201,1,1,1,1,464,False,True
12,33,10,62,71,2,93,101,4,124,143,153,1,174,1,192,201,1,2,3,1,465,False,True
12,32,0,61,73,3,92,101,4,122,143,151,1,172,1,192,201,2,1,2,1,466,False,True
14,34,0,61,73,4,92,101,4,123,143,152,1,173,1,192,201,1,1,2,2,467,True,False
14,32,6,65,73,2,93,101,4,124,143,153,1,172,2,192,201,1,2,3,2,468,False,True
13,34,6,61,73,2,92,101,4,122,143,152,1,172,1,191,201,1,1,1,3,469,True,True
14,34,3,61,72,3,94,101,3,124,143,153,3,173,1,192,201,1,1,3,2,470,False,True
14,32,1,65,72,1,92,101,4,121,143,151,1,173,1,191,201,1,1,2,1,471,True,True
12,32,3,65,74,4,93,101,1,123,143,152,2,173,2,192,201,1,2,2,2,472,True,False
14,34,0,65,75,4,93,101,4,124,143,153,1,174,1,192,201,2,1,3,1,473,False,True
13,32,2,61,72,2,92,101,4,123,143,152,1,173,1,191,201,1,1,2,1,474,False,False
14,32,1,61,73,2,93,101,2,124,143,153,1,174,1,192,201,1,2,3,1,475,True,True
11,32,2,61,72,2,91,101,4,122,143,152,1,172,1,191,201,2,2,2,1,476,False,True
14,32,1,62,75,4,93,101,2,123,143,152,1,174,1,192,201,1,2,3,2,477,True,True
11,32,0,64,73,1,93,101,3,122,143,152,1,173,2,191,201,1,1,2,1,478,False,True
14,32,9,62,73,3,92,101,4,122,143,151,1,172,1,191,201,1,1,1,1,479,False,True
14,32,9,61,74,3,92,101,2,123,143,152,2,173,1,191,201,1,1,1,1,480,True,True
11,31,2,63,73,4,93,101,4,121,142,152,1,173,1,192,201,1,1,2,1,481,False,False
12,32,2,61,73,3,92,101,4,121,143,152,1,173,1,191,201,2,1,1,1,482,True,True
14,34,3,61,73,2,92,101,2,123,143,152,2,173,1,191,201,1,1,2,1,483,False,True
14,32,1,61,74,3,93,101,3,123,143,152,1,174,1,192,201,1,1,3,2,484,True,True
14,34,3,65,73,1,93,101,2,121,143,152,2,173,2,191,201,1,1,2,1,485,True,False
12,32,3,61,73,2,92,101,2,121,143,152,1,173,1,191,201,2,2,3,1,486,True,False
12,33,3,62,72,4,93,101,3,124,142,152,2,174,1,191,201,2,2,1,1,487,True,True
14,34,0,61,72,4,92,101,4,123,143,152,2,174,1,191,201,1,1,1,2,488,False,True
14,34,0,61,73,4,92,101,3,121,143,152,2,173,1,191,201,1,1,1,2,489,False,False
14,34,3,64,73,4,93,101,3,121,143,152,2,173,1,191,201,1,1,1,2,490,True,False
14,34,3,65,73,4,93,101,3,122,143,152,2,173,1,192,201,1,1,1,1,491,False,False
11,31,3,61,72,3,93,102,4,124,141,153,1,174,1,192,201,1,1,1,2,492,True,True
11,31,2,63,73,4,93,101,4,121,142,152,1,173,1,192,201,1,1,2,1,493,False,False
11,34,1,61,71,2,93,101,4,124,143,153,2,174,1,192,201,1,1,3,3,494,False,True
12,32,6,65,73,4,93,101,4,124,143,153,1,173,1,191,201,1,1,1,3,495,False,False
11,34,3,61,73,4,93,101,4,121,143,152,2,172,1,191,201,1,1,1,1,496,True,True
14,32,3,61,74,4,93,101,2,123,143,151,2,174,2,192,201,1,1,1,1,497,True,False
14,34,0,62,73,4,92,101,4,123,143,152,2,172,1,191,201,1,1,1,3,498,False,False
11,30,9,61,71,2,93,101,4,122,142,152,2,173,1,192,201,2,2,3,3,499,True,True
11,32,0,62,75,3,93,101,2,122,143,152,1,173,1,192,201,1,1,1,2,500,False,True
12,32,10,61,73,2,93,102,3,123,141,152,2,174,1,192,201,2,1,3,1,501,True,False
14,34,3,65,75,4,93,101,2,122,143,151,2,172,1,192,201,1,1,1,2,502,True,True
14,34,0,61,74,2,93,101,1,121,143,152,3,172,2,191,201,1,1,1,2,503,False,True
14,34,3,61,74,2,93,101,1,121,143,152,3,172,2,191,201,1,1,1,2,504,False,False
11,34,0,61,73,4,93,101,4,122,141,152,2,172,1,191,202,1,1,2,2,505,True,True
13,34,0,63,71,2,93,101,4,124,141,153,3,171,1,191,201,1,1,1,3,506,True,False
11,32,0,61,72,4,92,101,4,123,143,152,1,173,1,192,201,2,2,1,1,507,False,False
14,32,1,65,73,2,91,101,4,124,143,153,1,173,1,192,201,1,1,3,2,508,False,True
14,32,0,61,73,3,92,101,3,121,143,151,1,173,1,191,201,2,2,2,1,509,False,True
11,32,2,61,73,2,92,102,3,122,143,152,1,173,1,191,201,1,1,1,1,510,True,False
14,32,1,65,72,1,92,101,4,123,143,151,1,173,1,191,201,1,1,3,1,511,False,True
14,34,9,62,73,3,93,101,3,122,143,152,2,172,1,192,201,1,1,3,1,512,True,True
14,33,9,62,73,2,93,101,2,122,143,152,2,172,1,191,201,1,2,3,1,513,True,True
14,34,6,65,73,3,92,101,2,123,143,152,2,173,1,192,201,1,1,1,1,514,False,True
14,33,3,61,73,4,93,101,2,123,143,152,2,174,1,192,201,2,2,3,1,515,True,False
12,32,6,65,73,2,94,101,2,123,143,152,1,173,1,191,201,1,2,2,1,516,True,True
14,32,3,61,75,4,93,101,1,121,143,152,1,174,1,192,201,1,1,1,2,517,False,False
12,34,10,61,73,2,93,102,3,123,143,152,2,174,2,192,201,2,1,3,2,518,False,True
13,34,0,65,74,4,93,101,2,121,141,152,2,172,2,191,201,2,1,1,2,519,True,True
11,32,1,61,74,2,93,101,1,124,143,153,1,174,1,192,201,1,1,2,1,520,True,True
11,34,2,61,73,3,93,103,2,122,143,152,2,173,1,191,201,1,2,3,1,521,True,False
14,32,3,61,75,4,92,101,2,123,141,151,1,174,1,192,201,1,1,2,3,522,False,True
11,34,0,61,72,1,93,101,3,121,143,151,2,172,2,191,202,1,1,2,2,523,True,False
11,32,2,61,75,2,92,101,1,122,141,152,1,173,1,192,201,1,1,1,2,524,False,True
14,31,1,65,72,3,93,103,4,121,141,151,2,173,2,192,201,1,2,3,2,525,False,False
13,32,3,61,73,2,93,101,2,121,143,152,1,173,1,192,201,1,2,2,1,526,True,True
14,34,2,64,73,4,93,101,4,121,143,152,1,173,1,192,201,1,1,2,3,527,False,True
14,32,3,65,74,4,93,101,3,123,142,152,1,173,1,192,201,1,2,3,2,528,False,False
12,34,3,61,72,4,93,103,4,121,143,152,2,173,1,191,201,1,1,1,1,529,True,False
11,34,2,61,73,4,92,101,3,122,143,151,2,173,1,191,201,1,1,1,1,530,True,True
14,33,9,61,73,1,93,101,2,124,143,153,1,173,1,191,201,1,1,2,1,531,False,False
14,33,3,61,73,4,94,101,3,121,141,152,2,173,1,191,201,1,1,1,1,532,True,False
14,32,1,61,74,2,93,101,2,123,143,152,1,173,1,191,201,1,1,2,1,533,True,True
13,33,0,61,73,2,92,101,2,123,142,152,2,173,1,192,201,1,1,2,2,534,False,True
14,30,5,61,73,4,93,101,2,123,143,152,2,173,1,191,201,1,2,2,1,535,True,True
12,33,5,61,73,2,93,101,4,121,143,152,1,172,2,192,201,1,1,3,2,536,False,False
12,32,3,61,73,2,92,103,3,121,143,152,1,173,1,191,201,1,1,1,3,537,False,False
12,34,0,61,72,1,93,101,3,121,141,152,2,172,2,191,201,1,1,2,2,538,True,False
11,34,6,61,73,3,92,101,2,124,143,152,2,174,1,192,201,2,2,3,1,539,False,True
14,32,1,65,72,2,94,101,4,123,143,151,1,173,1,192,201,1,1,2,1,540,True,False
11,32,3,61,73,3,92,101,2,121,143,152,2,173,1,192,201,2,1,1,1,541,False,False
14,34,3,61,74,4,92,101,2,123,143,152,2,173,1,191,201,1,2,3,1,542,True,False
11,32,2,61,73,4,93,101,4,122,143,152,1,173,1,191,201,1,1,3,1,543,False,True
14,32,0,61,73,2,94,101,2,122,143,152,1,174,1,192,201,1,1,1,1,544,True,False
12,32,9,62,73,4,93,101,4,123,143,152,1,173,1,191,201,1,1,2,1,545,False,True
11,32,2,61,73,2,93,102,3,123,143,152,1,173,1,191,201,2,1,3,2,546,False,False
14,30,9,61,73,2,93,101,2,123,142,152,2,173,2,191,201,2,1,3,2,547,False,True
14,32,0,65,74,4,93,101,3,122,143,152,1,173,1,191,202,1,1,2,1,548,False,True
14,33,9,62,73,1,93,101,2,121,143,152,2,172,1,191,201,1,1,1,1,549,True,False
11,34,2,65,72,2,92,102,3,121,143,151,2,173,1,191,202,1,1,2,1,550,False,False
14,34,0,63,73,4,93,101,4,121,143,152,1,173,1,192,201,1,1,1,2,551,True,True
14,32,3,65,75,4,93,101,2,123,143,152,1,173,1,191,201,1,1,1,2,552,False,False
11,32,6,65,73,4,92,101,4,122,141,151,1,173,1,192,201,1,1,1,1,553,False,False
11,34,2,61,71,4,93,101,4,124,143,153,3,174,1,192,201,1,1,1,2,554,False,False
14,32,0,61,73,2,93,103,2,121,143,152,1,173,1,192,201,1,1,1,1,555,False,True
14,34,3,65,73,1,93,101,2,121,143,152,2,172,2,191,201,1,1,1,1,556,True,True
14,34,3,63,73,2,94,101,2,122,143,152,2,172,1,191,201,1,1,1,2,557,True,False
12,32,1,61,73,2,93,101,2,123,143,151,1,174,1,192,201,1,2,3,2,558,False,False
12,32,3,61,74,3,94,103,3,121,141,152,1,172,1,191,201,1,1,1,1,559,False,True
14,32,3,61,72,3,94,101,4,121,143,152,1,173,1,192,201,1,1,1,2,560,False,False
12,33,3,65,73,1,93,101,1,121,143,152,1,172,1,191,201,1,3,3,1,561,False,True
12,34,4,61,74,4,93,101,3,122,143,152,1,173,1,191,201,1,1,1,1,562,False,False
14,32,8,65,74,4,92,101,3,122,143,152,1,173,1,192,201,1,1,1,2,563,True,True
14,34,0,61,73,3,93,101,2,122,141,152,2,173,1,191,201,2,1,1,1,564,True,True
13,34,3,65,73,3,93,101,2,123,143,152,2,173,1,192,201,1,1,2,1,565,False,False
11,32,2,61,73,2,93,103,3,122,143,152,1,172,2,191,201,1,1,1,2,566,True,False
14,33,1,61,73,4,94,101,4,121,143,151,1,173,1,191,201,1,1,1,2,567,True,False
14,33,9,65,72,4,93,101,4,123,143,151,2,173,1,192,201,2,2,3,1,568,False,False
14,32,2,62,72,2,92,101,4,122,143,151,1,173,1,191,201,1,1,2,1,569,True,False
12,32,3,63,72,1,94,101,3,121,143,151,1,173,1,191,201,1,1,2,1,570,False,True
14,34,3,61,73,2,92,101,2,123,142,152,2,173,1,191,201,1,2,3,1,571,False,False
14,32,2,61,72,1,92,101,4,122,143,152,1,173,1,191,201,2,1,3,1,572,True,True
11,32,0,61,71,1,92,101,4,123,143,151,1,173,1,191,201,1,1,2,1,573,False,True
14,32,1,61,73,1,92,101,2,122,141,152,1,173,1,191,201,1,2,3,1,574,False,False
13,32,2,61,73,2,93,101,2,121,143,152,1,173,1,191,201,1,1,1,1,575,True,True
12,32,2,61,73,1,92,101,2,123,143,152,1,173,1,191,202,2,1,1,1,576,True,False
14,33,1,65,74,3,93,101,2,123,142,152,1,174,2,192,201,1,2,3,1,577,False,True
12,32,3,61,73,4,92,103,4,121,143,152,1,172,2,191,201,1,1,1,1,578,False,True
12,34,1,62,71,3,93,101,4,123,143,152,1,173,1,191,201,1,2,3,1,579,True,False
13,32,3,63,73,3,92,101,3,123,143,152,1,172,1,191,201,1,1,1,3,580,True,False
11,32,3,61,73,2,93,101,2,121,143,151,1,174,2,192,201,1,1,1,1,581,False,True
13,34,3,65,74,4,93,101,2,122,143,152,2,173,1,192,201,1,1,1,1,582,True,False
11,32,0,61,73,4,92,103,4,122,143,152,1,173,1,192,201,1,1,1,1,583,True,False
12,32,0,61,72,3,92,101,4,123,143,152,1,172,1,192,201,2,1,1,1,584,True,False
11,34,0,61,73,1,93,101,2,121,143,152,2,172,2,191,201,1,1,2,2,585,True,True
12,32,3,61,75,4,94,103,2,121,143,152,1,172,1,191,201,1,1,1,1,586,True,False
11,32,0,62,73,3,93,101,4,123,143,152,1,172,2,192,201,1,1,3,2,587,True,True
12,32,1,65,71,1,91,101,4,121,143,152,1,174,1,192,201,1,1,3,3,588,False,True
12,34,2,61,74,2,93,101,2,122,143,152,1,173,1,191,201,2,2,3,2,589,False,True
11,34,0,61,73,2,93,101,2,121,143,151,2,173,2,191,201,1,1,2,2,590,False,False
11,34,2,61,72,4,92,102,4,124,143,151,2,172,1,192,201,2,2,3,1,591,False,True
11,32,0,65,74,2,93,102,2,121,143,152,1,172,1,191,202,1,1,2,1,592,False,False
12,30,0,62,72,3,92,101,3,123,143,152,2,173,1,191,201,2,1,2,1,593,True,False
14,32,3,61,74,2,94,101,2,121,143,151,1,173,1,191,201,1,1,2,1,594,True,True
14,32,2,65,74,4,93,101,2,123,142,152,1,173,1,192,201,1,1,1,1,595,False,False
11,32,9,61,73,4,92,101,4,122,143,152,1,172,1,191,201,1,1,1,1,596,True,False
14,32,3,65,73,4,93,101,4,124,143,153,1,173,1,192,201,1,1,2,2,597,True,False
12,34,2,61,72,2,92,101,4,123,141,152,1,172,1,191,201,2,1,3,1,598,False,True
11,33,6,65,73,1,92,101,2,123,143,151,2,173,1,192,201,1,1,3,1,599,True,False
11,33,3,61,72,4,94,101,4,121,142,152,1,173,1,191,201,2,1,1,2,600,False,False
14,34,1,65,71,2,93,101,4,124,143,152,1,174,1,192,201,1,1,2,2,601,True,True
12,32,1,63,72,3,92,101,4,123,143,151,1,173,1,191,201,2,1,3,1,602,False,True
12,30,9,61,73,2,92,101,1,123,143,152,2,173,1,191,201,1,2,3,1,603,False,True
11,32,3,61,72,4,92,101,4,122,143,151,1,174,1,192,201,1,1,2,1,604,False,True
11,32,0,61,72,4,92,101,4,122,143,151,1,173,1,191,201,2,1,1,1,605,False,False
11,34,3,61,74,4,94,101,1,122,143,152,2,174,1,192,201,1,1,1,1,606,False,True
12,32,3,61,72,2,92,103,4,122,143,152,1,172,1,191,201,1,1,2,1,607,True,True
14,34,0,64,73,2,92,101,2,121,141,152,2,172,1,191,201,1,1,1,2,608,False,False
14,32,0,61,73,3,94,101,2,121,143,152,2,173,1,192,201,1,1,1,1,609,True,True
14,34,3,61,74,3,93,102,2,123,143,152,1,173,1,191,201,1,2,3,2,610,True,True
11,34,0,61,73,2,93,101,2,121,143,151,2,173,2,191,201,1,1,2,2,611,True,True
14,32,2,61,72,2,93,101,3,122,141,152,2,172,1,191,201,1,1,2,1,612,False,True
14,34,9,61,73,3,92,101,2,121,143,152,2,173,1,191,201,1,1,1,1,613,False,True
12,32,1,61,72,2,93,101,3,123,143,152,2,173,1,191,201,1,2,3,1,614,False,True
11,34,9,62,74,4,93,101,1,121,143,152,2,173,1,192,201,1,1,1,1,615,True,True
12,34,2,61,74,4,93,101,3,123,143,151,1,173,1,192,201,1,1,1,2,616,True,False
11,32,3,63,73,2,93,101,3,121,143,151,1,173,2,191,201,1,1,2,2,617,True,True
12,32,0,62,73,2,93,101,2,123,143,152,2,173,1,192,201,1,1,3,1,618,True,False
13,32,0,62,73,1,92,101,1,123,141,152,1,174,1,192,201,1,1,2,1,619,False,False
14,34,3,62,73,1,92,101,1,122,143,152,2,173,1,191,201,1,1,1,1,620,False,True
11,31,3,61,73,4,92,101,4,121,141,152,1,172,1,191,201,2,1,1,1,621,False,True
13,34,0,61,73,1,93,101,1,121,143,152,3,171,2,191,202,1,1,1,3,622,True,False
14,32,1,64,74,3,93,101,2,122,143,152,1,173,1,191,202,1,1,1,3,623,False,True
11,32,6,61,73,4,93,101,4,123,143,151,1,172,2,191,201,2,1,1,2,624,False,False
14,32,1,65,71,2,92,101,4,122,143,151,1,174,1,192,201,1,1,3,1,625,False,False
14,34,3,61,73,1,92,101,1,123,143,152,2,173,1,192,201,1,1,1,1,626,True,False
11,34,6,61,73,4,93,101,3,124,141,152,1,173,1,192,201,2,2,3,1,627,False,True
14,33,1,64,73,2,93,101,2,123,143,152,2,173,1,191,201,1,2,3,1,628,True,False
14,34,2,64,74,3,92,101,2,122,143,152,1,173,1,191,202,1,1,1,2,629,False,False
12,34,0,61,71,2,93,101,3,123,143,153,3,171,1,192,201,1,1,1,3,630,False,False
11,32,3,61,73,3,93,101,2,123,143,152,1,174,1,191,201,1,2,2,1,631,True,True
11,32,3,61,73,3,92,101,2,123,143,152,1,173,1,192,201,2,2,3,1,632,True,False
11,32,3,63,75,3,94,101,1,121,143,152,1,173,1,191,201,1,1,1,2,633,False,True
12,34,2,61,75,2,93,101,1,124,143,152,1,173,1,192,201,1,1,3,2,634,False,False
12,30,0,63,72,1,92,101,1,123,143,152,2,173,1,191,201,1,2,3,1,635,False,False
11,32,2,61,74,4,93,101,2,122,143,152,1,173,1,191,201,2,2,3,1,636,True,True
12,34,1,62,72,3,93,101,4,122,143,152,1,173,1,191,201,1,1,1,2,637,False,True
12,30,9,65,73,2,93,101,2,123,141,152,1,174,1,192,201,1,2,3,2,638,False,False
12,32,0,61,73,4,94,101,4,121,143,151,1,172,1,191,201,1,1,1,1,639,True,True
14,32,2,61,73,1,94,101,2,122,143,151,1,173,1,191,201,1,1,1,1,640,False,True
14,32,9,65,73,4,91,101,2,121,141,152,1,173,1,191,201,2,2,2,2,641,False,False
14,32,1,62,73,1,93,102,2,121,143,152,1,173,2,191,201,1,1,2,1,642,False,False
14,34,5,61,73,4,91,101,2,121,143,152,2,173,1,192,201,1,1,2,1,643,False,False
14,32,2,63,73,4,92,101,4,123,143,151,1,172,1,191,201,2,1,1,1,644,False,True
11,32,0,61,71,1,93,101,4,124,143,153,1,173,1,191,201,1,1,2,1,645,False,True
12,32,0,61,74,4,93,101,2,124,143,152,1,174,1,192,201,2,3,3,1,646,True,False
12,31,0,62,73,2,94,101,2,122,143,151,1,173,1,191,201,2,1,1,1,647,True,False
14,32,3,61,73,1,93,101,2,121,143,152,1,173,2,191,201,1,1,2,1,648,False,True
14,30,1,65,73,2,93,101,2,122,143,152,1,172,2,191,201,1,3,3,2,649,False,False
14,34,0,63,73,2,93,101,2,124,141,153,1,173,1,191,201,2,2,3,2,650,True,True
14,32,0,61,73,2,93,103,3,122,143,151,1,173,1,191,201,1,1,2,1,651,False,False
14,32,3,61,74,4,93,101,2,123,143,152,1,173,1,192,201,1,1,2,1,652,True,False
11,32,0,61,75,4,93,102,1,121,143,152,1,173,1,191,201,2,1,2,2,653,False,True
14,34,3,61,73,2,92,101,1,123,143,152,2,173,1,191,201,1,1,2,1,654,True,True
11,32,3,61,72,3,92,101,4,122,143,151,1,173,1,191,201,2,1,1,1,655,False,False
14,34,0,63,73,1,94,101,2,123,143,152,1,173,1,191,201,1,1,2,1,656,False,True
14,34,9,61,73,4,92,103,2,121,143,152,2,174,1,192,201,1,1,1,1,657,False,True
14,34,3,62,71,4,92,101,4,121,143,152,3,172,1,191,201,1,1,1,3,658,True,False
14,33,9,63,73,4,93,101,2,123,143,152,2,173,2,192,201,1,1,2,2,659,True,False
11,34,0,61,72,2,93,101,4,121,143,152,1,172,2,191,202,1,1,1,2,660,False,True
14,33,3,61,71,2,94,101,3,121,143,152,2,173,1,191,201,1,1,2,1,661,False,False
14,32,2,61,73,4,92,101,2,123,143,152,1,174,1,192,201,2,2,2,1,662,False,False
14,34,1,61,74,3,93,101,1,123,143,152,2,173,1,191,201,1,1,2,1,663,False,False
14,34,0,61,75,4,93,101,1,121,143,152,2,172,2,191,201,1,1,1,2,664,False,False
11,32,3,61,72,4,92,101,4,121,143,152,1,173,1,192,201,2,1,2,2,665,False,False
12,33,9,65,73,4,93,101,2,122,141,152,2,174,1,192,201,1,1,3,2,666,True,False
11,32,2,61,73,2,93,101,2,123,142,152,1,173,1,191,201,1,1,3,1,667,True,True
12,31,3,61,73,4,93,101,4,121,142,152,1,172,1,191,201,1,1,1,1,668,True,True
11,32,2,61,73,2,93,101,2,123,143,152,1,173,1,191,201,2,1,2,1,669,False,True
12,32,0,61,74,3,93,101,3,121,143,151,1,172,1,191,201,1,1,3,1,670,False,True
11,32,0,61,72,2,93,101,3,121,143,152,1,173,1,191,201,1,1,1,2,671,True,False
11,34,2,61,72,4,92,101,4,122,143,151,1,173,1,191,201,1,1,1,1,672,False,False
12,33,0,61,73,2,92,101,2,122,143,151,1,173,1,191,201,1,2,3,3,673,False,False
11,34,0,65,72,1,93,101,3,121,143,152,2,172,2,191,201,1,1,3,2,674,True,True
14,32,0,65,75,4,93,102,2,122,143,152,1,172,1,191,202,1,1,1,2,675,False,True
14,32,9,61,73,2,94,101,2,121,143,152,1,173,1,192,202,1,1,1,1,676,False,True
14,32,0,65,73,4,93,103,4,122,143,152,1,172,1,191,201,2,1,1,1,677,True,False
13,32,6,61,72,4,92,101,4,122,143,151,1,173,1,192,201,1,1,1,1,678,True,False
14,32,3,62,71,2,92,101,4,121,143,152,1,173,1,191,201,1,1,1,3,679,True,True
14,32,0,65,72,2,93,101,3,122,143,152,1,174,2,192,201,1,1,2,2,680,False,False
11,32,3,61,73,4,94,101,3,121,141,152,1,173,1,191,201,2,1,1,1,681,False,False
14,33,1,61,73,3,93,101,2,121,142,152,2,172,1,191,201,1,1,2,1,682,False,True
14,32,0,62,73,1,93,103,2,121,143,151,1,173,2,191,202,1,1,2,1,683,True,False
14,34,3,61,74,2,93,101,1,121,143,152,2,172,2,191,201,1,1,1,2,684,True,True
14,32,3,61,74,3,93,101,1,123,141,152,1,173,2,191,201,1,1,1,1,685,False,False
14,32,0,63,73,2,92,101,2,122,143,152,1,173,1,191,201,2,1,1,1,686,False,False
14,34,2,61,72,4,92,101,4,122,143,152,1,173,1,192,201,1,1,2,1,687,False,True
11,34,5,61,71,4,93,102,4,123,143,152,2,171,1,191,201,1,2,2,3,688,False,True
11,31,2,61,73,4,93,101,3,123,141,152,1,173,1,191,201,2,1,1,2,689,False,True
14,32,3,61,72,4,92,101,4,122,143,152,1,173,1,192,201,1,1,2,1,690,False,False
13,32,2,61,73,1,92,101,2,123,143,152,1,172,1,191,201,1,1,2,2,691,True,True
14,32,8,61,72,4,94,101,3,123,143,152,2,172,1,191,201,1,1,1,1,692,True,True
12,32,0,61,74,2,93,101,2,123,143,152,1,173,1,191,201,1,1,3,1,693,True,False
14,32,2,63,73,1,93,101,2,123,143,152,1,173,1,192,201,1,1,2,1,694,False,False
13,34,1,63,73,2,93,101,2,123,143,152,1,173,1,192,201,1,1,2,2,695,True,False
11,32,3,61,73,2,92,101,2,121,143,152,1,173,1,191,201,2,1,2,1,696,False,False
11,34,0,61,73,4,94,103,2,122,141,151,2,173,1,191,202,2,1,2,1,697,True,True
14,31,0,65,73,1,93,103,2,121,142,152,1,172,2,191,201,1,1,1,1,698,False,False
11,32,6,61,74,4,93,101,1,124,143,153,1,174,1,192,201,1,2,3,3,699,True,True
11,31,2,63,72,4,93,101,4,124,143,153,1,173,2,192,201,2,1,2,1,700,False,False
11,32,2,61,73,2,93,101,2,121,143,152,1,173,1,191,201,1,1,1,1,701,True,True
14,32,3,61,74,3,93,101,2,122,143,152,1,173,2,191,201,1,1,1,3,702,True,False
14,34,3,61,73,4,93,101,2,123,143,152,2,173,1,191,201,1,1,1,1,703,False,False
14,34,2,61,73,4,92,101,2,124,143,152,2,173,1,191,201,1,1,1,1,704,False,True
13,32,4,61,73,2,93,101,2,123,143,152,1,173,1,192,201,1,1,1,2,705,False,False
14,34,6,62,73,4,92,101,2,121,143,152,2,173,1,191,201,2,1,1,1,706,False,True
11,32,1,61,73,2,93,101,2,122,143,152,1,173,2,191,201,2,2,3,1,707,True,True
12,32,2,61,72,1,92,101,2,123,143,152,1,173,1,192,201,2,2,3,1,708,False,True
14,32,5,61,72,4,92,101,4,121,143,152,1,173,1,191,201,2,1,1,1,709,True,True
14,32,3,61,71,3,92,102,4,121,143,151,1,173,1,191,201,2,1,1,1,710,True,True
14,32,9,61,74,4,93,101,1,123,142,152,2,173,1,192,201,1,1,1,1,711,False,True
14,32,2,61,72,1,92,101,3,121,143,151,1,172,2,191,201,1,1,1,1,712,False,True
11,34,0,61,73,3,92,102,2,121,143,152,2,173,1,191,201,2,1,2,1,713,True,False
11,33,6,61,73,4,93,101,3,122,142,152,1,173,1,192,201,2,2,3,1,714,False,True
11,32,3,61,72,4,93,101,3,123,143,152,1,173,1,191,201,2,2,2,1,715,False,True
14,33,1,61,72,1,92,101,2,122,143,152,2,172,1,191,201,1,1,2,2,716,False,True
12,32,3,63,71,1,92,101,4,124,143,151,1,171,1,191,201,1,1,2,1,717,True,False
14,34,3,61,73,4,93,101,2,122,143,152,2,173,1,191,201,1,1,1,1,718,False,False
14,34,9,61,73,3,93,101,2,121,143,152,1,174,1,192,201,1,1,3,3,719,False,False
11,32,2,61,73,2,91,101,2,121,143,151,1,172,1,191,201,1,1,2,1,720,True,False
14,34,6,61,73,4,93,101,2,123,143,152,2,173,1,191,201,1,1,1,1,721,True,True
11,32,2,61,73,1,93,101,2,121,141,152,1,172,1,192,201,1,1,1,2,722,False,False
14,32,3,61,73,4,93,101,2,121,141,152,2,173,1,191,201,1,1,1,1,723,True,False
14,34,6,62,73,4,92,101,3,123,143,152,1,173,1,191,201,1,1,1,1,724,True,True
12,32,5,61,71,2,92,101,4,123,143,152,1,173,1,192,201,1,1,2,3,725,False,False
11,32,0,61,74,4,93,101,2,121,143,152,1,173,1,191,201,2,1,1,1,726,False,False
12,34,3,63,73,4,93,101,2,122,143,152,2,172,1,191,201,2,2,2,1,727,False,False
11,32,6,61,72,4,92,101,4,122,143,152,1,173,1,191,201,2,1,1,3,728,False,False
14,34,0,61,74,1,92,101,1,121,143,152,1,173,2,191,201,1,1,2,2,729,False,True
12,34,2,61,72,2,93,101,2,121,143,152,2,172,1,191,201,2,1,1,1,730,True,False
12,32,0,61,75,4,93,101,2,124,143,153,1,174,1,192,201,2,2,3,3,731,True,False
14,34,2,65,73,2,94,101,1,123,143,152,2,173,1,191,202,1,1,2,1,732,False,True
12,32,3,61,73,4,93,101,3,121,143,152,1,173,1,191,201,1,1,1,1,733,True,False
14,32,2,61,72,2,92,102,2,123,143,151,2,173,1,191,201,2,1,1,1,734,True,False
14,34,3,61,73,4,92,101,2,122,143,152,2,173,1,191,201,1,1,1,2,735,False,False
13,30,9,61,72,2,91,101,1,122,143,152,2,173,1,191,201,1,2,3,1,736,False,False
12,32,2,65,74,2,93,101,1,123,143,152,1,173,1,192,201,1,1,2,1,737,False,False
11,32,0,61,74,2,93,101,1,123,143,152,1,173,1,192,201,2,2,3,1,738,False,True
11,34,0,61,73,3,93,101,2,121,143,151,2,172,2,191,202,1,1,2,2,739,False,True
12,32,0,62,72,4,92,101,2,122,143,152,1,174,1,191,201,2,3,3,1,740,False,True
12,32,3,61,74,2,92,101,1,121,143,152,1,173,1,191,201,1,1,2,1,741,False,True
14,34,2,61,72,3,91,101,2,123,143,152,2,174,1,192,201,1,1,2,2,742,True,True
14,34,0,61,73,4,92,101,2,121,142,152,2,173,1,192,201,2,2,3,1,743,True,True
11,32,0,61,72,3,93,101,4,121,143,152,1,172,2,192,201,1,1,1,2,744,True,True
11,31,0,65,73,4,93,101,2,122,143,152,2,172,2,191,201,2,1,1,2,745,True,True
12,32,3,61,73,1,92,101,1,123,143,152,1,173,1,192,201,1,1,1,1,746,False,False
11,32,0,61,72,1,92,101,2,123,143,152,1,172,1,191,201,2,1,1,1,747,True,True
12,30,9,61,72,3,93,101,4,124,143,151,1,173,1,192,201,2,3,3,3,748,False,False
12,32,0,65,73,1,92,101,2,121,143,152,1,172,1,191,201,1,1,2,1,749,False,False
14,34,3,61,73,4,93,101,2,121,143,152,2,172,1,191,201,1,1,2,2,750,False,True
12,32,10,65,71,3,93,101,4,124,141,153,1,171,1,192,201,1,2,3,2,751,True,False
11,32,2,61,71,3,92,101,4,124,143,153,1,174,1,191,201,1,1,2,3,752,False,False
12,32,9,64,72,3,94,101,3,121,141,152,1,173,1,192,201,1,1,1,2,753,True,True
12,32,0,61,73,4,92,103,2,124,141,152,1,173,1,191,201,2,2,2,1,754,True,True
11,32,4,61,73,4,94,101,3,121,143,152,1,172,1,192,201,2,1,1,2,755,False,True
13,32,3,61,74,4,93,101,2,123,141,152,1,173,1,191,201,1,1,3,1,756,True,True
12,30,10,61,73,1,92,101,2,122,141,152,1,174,1,192,202,2,2,3,1,757,False,False
14,34,6,65,74,4,92,101,2,123,143,152,1,173,1,191,201,1,1,2,3,758,True,False
11,32,6,61,72,4,92,101,4,122,143,152,1,173,1,191,201,2,1,1,1,759,True,True
11,34,0,61,73,4,93,101,2,122,143,152,2,173,1,191,201,1,1,2,1,760,True,False
12,30,8,61,73,2,93,101,2,121,143,152,1,172,1,192,201,1,1,1,1,761,True,False
14,32,3,61,73,4,93,101,2,124,143,153,1,174,1,192,201,1,1,1,1,762,False,False
13,32,2,61,73,2,93,101,2,121,143,152,1,173,1,192,201,1,1,2,2,763,True,True
14,32,0,61,71,1,92,101,4,121,143,152,1,171,1,192,201,1,1,1,3,764,True,False
14,32,3,61,74,4,93,101,2,123,143,152,1,173,1,191,201,2,1,1,1,765,True,False
13,32,3,61,72,2,92,101,3,121,143,152,1,172,1,191,201,2,1,2,1,766,False,True
11,32,2,61,72,4,92,101,4,121,143,151,1,172,1,192,201,2,1,2,1,767,True,False
13,32,3,61,73,4,93,101,2,123,143,152,1,173,1,191,201,2,2,3,1,768,True,True
12,32,3,61,73,2,93,103,2,121,143,152,1,173,1,191,201,1,1,2,2,769,True,True
14,33,0,61,73,4,93,101,2,123,143,152,2,172,1,191,201,1,1,1,1,770,False,True
12,32,1,61,75,4,92,101,2,124,143,153,1,174,1,192,201,2,1,3,2,771,True,False
14,34,3,61,73,4,92,101,2,123,143,152,1,173,1,192,201,1,2,2,1,772,False,True
14,32,9,61,74,4,93,101,1,121,143,152,1,173,1,192,201,1,1,1,1,773,False,False
14,34,1,64,73,4,93,101,2,121,143,152,2,173,1,191,201,1,1,3,1,774,False,True
11,31,8,61,75,4,94,101,1,123,141,152,1,172,1,191,201,1,1,1,2,775,True,False
13,32,3,61,73,2,92,101,2,123,143,151,1,172,1,192,201,1,1,1,2,776,False,True
14,32,3,63,74,4,92,101,1,123,143,152,1,173,1,191,201,1,1,1,1,777,False,False
11,32,0,65,73,4,92,101,2,122,143,152,1,173,1,191,201,2,1,1,2,778,False,False
14,32,3,65,72,1,92,101,1,123,143,152,2,173,1,192,201,2,1,3,2,779,False,True
12,34,3,61,72,4,93,101,2,122,143,152,2,172,1,191,201,2,2,3,1,780,True,True
14,32,3,61,73,4,94,101,2,122,143,152,1,173,1,191,201,1,1,1,1,781,True,False
14,32,3,61,73,3,93,101,2,123,143,152,1,173,1,191,201,1,1,1,1,782,True,True
14,32,0,62,72,4,94,101,3,121,143,152,1,173,1,192,201,1,1,1,1,783,False,True
14,32,3,61,72,4,92,101,3,123,142,152,1,173,1,192,201,1,1,1,2,784,True,False
12,30,2,61,72,4,92,101,3,122,143,151,2,173,1,191,201,2,1,2,1,785,False,False
11,30,9,61,74,3,93,101,1,122,141,152,1,173,1,192,201,1,1,2,1,786,True,True
12,32,3,63,73,4,93,101,3,121,143,152,1,172,1,191,201,2,1,1,3,787,True,True
14,32,6,62,73,3,93,101,2,122,143,152,1,174,1,192,201,2,1,3,2,788,True,False
14,32,6,61,72,1,92,101,2,124,143,152,1,173,1,191,201,1,1,1,3,789,True,True
14,33,9,61,72,1,91,101,1,123,143,152,2,173,1,191,201,2,2,3,1,790,True,True
12,33,3,61,72,1,93,101,2,123,143,152,1,173,1,191,201,1,1,3,1,791,True,True
12,31,2,64,73,4,93,101,2,123,142,152,1,173,2,192,201,1,2,2,1,792,True,False
11,32,3,61,72,4,91,101,3,122,143,152,1,173,1,191,201,2,1,1,1,793,True,True
12,30,9,61,73,2,93,101,2,123,143,152,1,173,1,192,201,2,2,3,1,794,True,True
12,32,3,61,72,1,94,101,1,122,143,152,1,173,1,192,201,2,1,2,1,795,False,False
11,32,0,61,73,4,94,101,3,121,143,152,1,172,1,191,201,1,1,1,1,796,True,False
12,34,2,61,71,4,93,101,4,122,142,152,2,174,1,192,201,1,1,3,2,797,True,True
12,34,9,61,71,3,94,101,3,123,143,152,3,171,2,192,201,1,1,2,2,798,True,False
14,32,2,61,73,2,93,101,2,121,141,151,1,172,1,191,201,2,1,2,1,799,True,False
11,32,0,61,73,3,93,101,2,123,143,152,1,172,1,191,201,2,2,3,2,800,True,True
12,31,1,61,71,1,93,101,2,124,141,153,1,174,1,192,201,1,2,3,3,801,False,False
14,34,0,61,73,3,93,101,1,121,143,152,2,173,1,191,201,1,1,1,1,802,False,False
14,32,9,61,71,3,93,101,2,123,141,151,1,174,1,192,201,2,2,3,1,803,False,False
11,33,0,61,73,4,93,101,2,121,143,152,2,172,2,191,201,1,1,1,2,804,False,True
14,32,3,62,74,3,93,101,1,124,143,152,1,173,1,191,201,1,1,2,2,805,True,False
12,32,3,61,73,2,93,101,2,121,143,152,1,172,2,191,201,1,1,2,2,806,False,True
11,32,0,61,73,4,93,101,3,123,143,152,1,172,1,191,201,2,1,1,1,807,True,False
12,32,3,63,73,4,92,101,3,121,143,152,1,172,1,191,201,1,1,1,3,808,True,True
14,33,9,61,72,2,93,101,2,123,141,152,2,173,1,192,201,2,1,3,1,809,False,False
14,34,2,61,71,2,93,101,3,123,143,152,1,174,1,191,201,1,1,2,1,810,False,True
12,32,0,65,73,4,92,101,2,122,143,152,1,173,1,191,201,2,1,1,1,811,False,True
11,33,6,61,72,2,93,101,1,122,143,152,2,173,1,191,201,2,1,2,1,812,True,False
14,34,3,61,71,4,92,101,4,123,143,152,2,171,1,191,201,1,1,1,3,813,True,False
14,33,3,61,73,3,92,101,2,121,143,152,1,173,1,191,201,1,1,1,1,814,False,True
12,32,0,61,71,2,93,101,4,124,141,153,1,174,1,192,201,1,1,3,3,815,True,True
12,32,3,61,74,4,92,103,2,121,143,152,1,172,1,191,201,1,1,1,2,816,True,False
11,32,9,61,73,2,94,101,2,123,142,152,1,172,1,191,201,1,1,3,1,817,False,True
11,32,0,61,72,4,92,101,3,123,143,151,1,173,1,192,201,2,1,1,1,818,True,True
12,34,3,61,73,4,94,101,2,123,143,152,1,173,1,191,201,2,1,1,1,819,True,False
14,32,0,65,73,3,93,101,2,124,143,152,1,173,1,191,201,1,1,2,1,820,False,False
11,32,2,61,73,2,93,102,2,122,143,152,1,172,2,191,201,1,1,2,1,821,True,True
11,32,2,61,71,4,93,101,3,122,143,152,1,174,1,192,201,1,2,2,1,822,False,True
13,30,3,61,72,4,93,101,2,123,143,152,2,174,1,192,201,2,1,1,1,823,False,False
14,32,3,65,72,4,93,101,2,123,143,152,2,173,1,191,201,1,1,2,1,824,True,True
12,32,9,61,73,4,93,101,2,123,143,152,1,173,2,192,201,2,2,2,2,825,True,True
11,32,2,61,73,3,93,101,2,121,143,152,1,173,1,191,201,1,1,2,1,826,False,True
11,32,3,61,73,4,93,101,3,122,143,152,1,172,1,191,201,1,1,2,1,827,True,False
11,31,9,61,73,4,93,101,2,122,143,151,1,173,1,192,201,2,1,2,1,828,True,False
12,32,3,65,73,2,94,101,1,121,143,152,1,173,1,192,201,2,1,1,1,829,False,False
11,32,2,65,72,1,92,101,2,122,143,152,1,173,1,192,202,1,1,3,1,830,False,True
12,32,9,61,73,2,93,101,2,123,143,152,1,173,1,192,201,2,2,3,1,831,False,False
11,32,0,61,73,3,92,101,2,122,143,152,1,173,1,192,201,2,1,2,1,832,True,True
14,33,2,61,74,4,92,101,1,121,143,152,1,173,1,191,201,2,1,1,1,833,True,False
14,32,1,65,73,2,93,101,1,122,143,152,1,173,1,192,201,1,1,2,1,834,True,True
12,31,0,65,71,4,93,102,4,124,143,153,1,174,1,192,201,1,2,3,2,835,True,True
12,32,2,65,72,4,92,101,3,121,143,151,1,173,1,191,201,2,1,1,1,836,True,False
11,32,3,62,73,4,92,101,2,123,143,152,1,172,1,191,201,2,1,1,1,837,True,True
11,32,4,65,73,4,92,101,2,123,143,151,1,173,1,191,201,2,1,1,1,838,True,False
13,32,3,61,73,4,93,102,2,121,142,152,1,173,1,191,201,2,1,2,2,839,True,False
12,33,0,61,71,4,93,101,4,122,143,152,1,174,1,192,201,2,1,1,2,840,True,False
14,33,9,61,73,4,94,101,2,123,143,152,1,173,1,192,201,2,1,2,1,841,False,False
14,32,8,65,71,4,93,101,4,122,143,152,1,174,2,192,201,1,1,1,2,842,False,False
14,34,3,64,73,4,92,101,1,121,143,152,2,172,1,191,201,1,1,1,2,843,False,False
14,32,3,65,73,4,94,101,2,121,143,151,1,173,1,192,201,1,1,1,2,844,True,False
14,32,0,65,71,4,93,101,4,124,143,152,1,174,1,192,201,1,1,2,2,845,False,True
12,32,5,61,73,4,93,101,2,123,143,152,1,173,1,191,201,2,1,1,1,846,False,True
14,32,3,61,72,2,92,101,2,123,141,152,1,173,1,191,201,1,1,2,1,847,True,True
11,32,3,62,74,4,94,101,1,122,143,152,1,173,1,191,201,2,1,1,1,848,True,False
12,32,9,61,73,2,94,101,1,121,141,152,1,173,1,192,201,1,1,1,1,849,False,True
11,31,0,61,72,4,93,101,2,123,141,152,2,173,1,192,201,2,1,1,2,850,False,False
12,32,5,62,73,4,93,103,2,121,143,152,1,173,1,191,201,1,1,1,1,851,False,False
12,32,3,61,73,3,93,103,2,121,143,152,1,173,1,191,201,1,1,2,1,852,False,False
14,32,3,61,73,4,94,101,2,121,143,152,1,173,1,191,201,1,1,1,1,853,True,False
13,32,3,61,73,3,92,101,2,121,143,152,1,172,1,191,201,2,1,1,1,854,False,True
14,32,1,61,73,3,93,101,2,123,143,152,1,173,1,192,201,1,1,3,1,855,False,False
14,33,3,63,74,4,93,101,1,123,143,152,1,174,1,192,201,1,2,3,2,856,False,False
14,32,3,65,73,4,92,101,2,123,143,152,1,173,1,191,201,1,1,1,1,857,False,True
11,32,0,65,73,4,94,101,2,123,143,152,1,173,1,191,201,2,1,1,1,858,False,True
14,32,2,61,73,3,93,101,2,121,143,151,1,172,1,191,201,1,1,1,1,859,True,False
11,32,2,64,73,4,93,101,2,123,143,152,1,173,1,191,201,1,1,2,1,860,False,True
11,32,2,61,73,2,91,101,1,123,143,152,1,173,1,191,201,1,1,2,2,861,True,True
12,32,5,62,73,3,92,101,2,121,143,152,1,172,1,191,201,1,1,2,1,862,False,False
14,31,8,63,73,4,92,101,3,121,143,152,1,172,2,191,201,1,1,2,2,863,False,False
14,32,0,62,73,3,93,101,2,121,143,151,1,172,1,191,202,1,1,1,2,864,True,True
12,34,3,61,73,1,92,101,1,121,143,152,1,172,1,191,201,1,1,2,1,865,True,False
14,32,0,61,73,3,93,101,2,121,143,152,1,172,2,191,202,1,1,1,1,866,True,True
13,32,0,65,72,1,93,101,2,121,143,152,1,172,2,191,202,1,1,1,1,867,False,False
14,32,0,63,73,3,93,101,2,124,143,151,1,172,2,191,202,1,1,1,2,868,True,True
12,32,3,61,72,4,94,101,3,123,143,151,1,174,1,192,201,1,1,2,1,869,True,True
12,32,3,62,72,3,94,101,2,123,143,151,1,173,1,192,201,2,1,2,1,870,True,True
12,32,3,61,72,3,94,101,3,121,143,152,1,172,1,191,202,1,1,1,1,871,True,False
12,32,3,65,73,4,92,101,1,123,143,152,1,173,1,191,201,1,2,1,1,872,True,False
11,32,0,61,72,3,93,101,2,124,143,153,1,174,1,192,201,2,1,1,1,873,True,True
14,32,3,61,72,4,92,101,3,123,143,152,1,173,2,191,201,1,1,1,1,874,True,False
12,32,3,61,72,1,94,101,1,121,143,151,1,173,1,191,201,2,1,1,1,875,True,True
12,32,3,61,73,4,94,103,2,121,143,152,1,172,1,191,201,1,1,1,1,876,False,False
14,32,2,61,73,4,93,101,2,121,143,152,1,173,1,191,201,1,1,1,3,877,False,True
11,30,3,61,73,4,93,101,2,122,143,151,2,173,1,192,201,2,1,3,1,878,False,True
12,34,0,61,71,4,94,101,2,123,143,152,2,174,1,191,201,2,2,3,1,879,True,True
11,32,3,61,74,4,92,103,1,121,143,152,1,173,1,191,201,1,1,2,1,880,True,True
12,30,3,61,73,4,92,101,1,123,143,152,1,173,1,192,201,2,2,2,2,881,False,True
13,32,2,61,73,2,93,101,1,121,143,152,1,172,2,191,201,2,1,2,1,882,False,True
12,32,1,65,73,4,93,101,2,123,143,152,1,173,1,191,201,1,1,2,1,883,False,False
12,32,2,61,72,2,94,101,1,122,143,152,1,173,1,191,201,1,2,2,1,884,True,False
14,32,3,62,73,4,92,102,2,121,143,152,1,173,1,191,201,1,1,2,1,885,False,False
14,32,2,61,73,4,92,101,2,121,143,151,1,173,1,191,201,1,1,1,1,886,False,True
14,34,1,65,73,4,93,101,2,123,143,152,1,174,1,192,201,1,2,3,1,887,False,False
12,32,3,61,73,4,93,103,2,121,143,152,1,173,1,191,202,1,1,1,1,888,True,False
14,34,2,61,73,4,93,101,2,124,143,153,1,173,1,192,201,1,1,2,1,889,False,True
14,32,0,61,72,4,94,101,2,121,143,152,1,173,1,191,201,1,1,1,1,890,False,True
12,32,9,64,73,4,93,101,2,122,143,152,1,172,1,192,201,1,1,1,2,891,True,True
12,33,2,61,71,3,92,101,2,122,143,152,1,174,1,192,201,2,1,2,1,892,False,False
11,33,0,61,71,4,93,101,2,121,143,153,2,173,2,191,201,2,1,1,2,893,False,True
12,32,3,63,73,3,91,101,1,123,143,152,1,173,1,192,201,1,1,1,1,894,False,False
12,34,0,61,71,4,94,101,2,123,143,152,2,174,1,191,201,2,2,3,1,895,False,True
12,32,3,62,72,2,93,101,1,123,143,152,1,173,1,191,201,1,1,2,1,896,False,True
14,34,2,64,72,4,93,101,2,121,142,152,2,172,2,192,201,1,2,3,1,897,False,True
14,32,0,61,73,4,91,101,2,121,143,152,1,172,1,191,201,1,1,1,2,898,False,False
14,34,3,61,73,4,92,101,2,123,143,152,1,172,1,191,201,1,1,1,2,899,False,False
13,34,6,61,72,2,91,101,1,123,143,151,1,173,1,191,201,2,1,2,1,900,True,True
11,32,3,61,73,4,94,101,2,121,143,152,1,172,1,191,201,1,1,1,2,901,True,True
11,32,3,62,72,4,94,101,3,124,143,152,1,172,1,192,201,2,1,1,1,902,True,False
14,32,2,64,73,4,91,101,2,121,143,152,1,173,1,191,201,1,1,1,1,903,False,False
12,32,9,61,72,3,94,101,2,121,143,152,1,173,1,192,201,1,1,1,1,904,False,False
11,32,0,61,73,4,92,101,2,121,143,152,1,172,1,191,201,2,1,1,1,905,True,False
12,31,4,65,72,3,92,101,2,124,141,152,1,171,1,191,201,1,2,2,1,906,False,False
14,32,3,61,73,3,92,101,1,121,143,152,1,173,1,191,201,1,1,1,1,907,False,False
11,32,0,61,72,1,92,101,1,121,143,152,1,172,1,192,201,1,2,3,2,908,False,True
12,32,3,61,72,1,92,103,1,121,143,152,1,173,1,191,201,1,1,2,2,909,True,True
11,32,2,62,71,1,91,101,1,122,143,152,1,173,1,191,201,2,1,2,1,910,False,True
13,32,2,61,72,1,92,101,1,122,142,152,1,172,1,191,201,1,1,2,2,911,True,False
12,31,0,62,71,1,93,101,2,122,143,152,1,174,2,192,201,2,1,3,1,912,True,False
13,32,3,61,73,4,93,101,1,123,143,152,1,173,1,191,201,1,2,3,1,913,True,False
14,34,0,61,72,4,92,101,1,122,143,152,2,173,1,191,201,1,1,1,1,914,True,False
12,30,0,61,72,2,92,101,1,121,143,151,2,171,1,191,201,2,1,1,1,915,True,True
14,32,3,65,72,4,92,101,2,121,143,151,1,173,1,192,201,1,1,1,1,916,True,True
12,34,1,61,71,4,93,101,2,123,143,152,2,174,1,192,201,1,1,1,1,917,False,False
12,32,2,61,73,4,93,101,2,122,143,152,1,172,1,191,201,2,1,1,2,918,True,False
12,34,2,61,72,4,92,101,1,122,143,152,2,173,1,191,201,1,1,1,1,919,True,True
14,34,6,65,72,2,93,101,1,122,143,152,2,172,2,191,201,1,1,2,2,920,False,True
12,32,2,61,73,4,91,101,2,123,143,152,1,172,1,191,201,1,1,1,1,921,True,False
12,32,3,61,72,2,93,101,1,123,142,152,1,173,1,191,201,2,1,1,1,922,False,True
14,32,3,61,72,3,93,101,2,123,143,152,1,173,1,192,201,1,1,3,1,923,False,True
13,32,3,61,73,3,94,101,1,123,143,152,1,173,1,191,201,1,1,2,1,924,True,True
14,34,9,61,71,4,93,101,2,123,142,152,2,174,1,192,201,2,1,2,2,925,False,False
11,32,3,61,72,4,94,101,2,121,143,152,1,173,1,191,202,1,1,1,1,926,False,True
12,31,0,62,72,1,92,101,1,122,142,152,1,172,1,191,201,2,1,1,1,927,True,True
12,32,0,61,72,4,93,101,2,121,142,152,1,172,1,191,201,2,1,1,1,928,False,True
12,32,3,61,72,4,92,101,1,124,143,152,1,174,1,192,201,1,2,3,1,929,False,True
12,34,0,62,72,4,91,101,2,123,143,152,1,173,1,192,201,1,1,2,2,930,False,False
11,32,0,65,71,4,92,101,3,122,143,152,1,174,1,192,201,1,1,1,3,931,True,True
11,33,3,61,72,4,92,101,2,123,143,151,1,172,1,192,201,2,1,1,1,932,True,True
11,32,4,62,71,4,92,101,3,122,143,152,1,173,1,191,201,2,1,1,1,933,False,True
14,32,2,61,73,4,92,101,1,121,143,152,1,173,1,192,201,1,1,1,1,934,False,False
13,33,3,61,72,2,92,101,1,122,141,152,1,173,1,191,201,1,1,1,1,935,True,False
11,34,9,61,72,3,93,101,1,122,141,152,2,172,1,191,201,1,1,1,1,936,False,False
13,32,0,64,72,2,94,101,2,121,143,152,1,171,1,191,202,1,1,1,1,937,True,False
14,34,10,61,71,4,93,102,2,124,141,152,2,174,1,192,201,1,1,3,1,938,True,False
11,32,3,61,71,4,93,101,2,123,142,152,1,174,2,191,201,2,1,1,1,939,False,False
14,34,0,61,71,1,92,101,2,122,143,152,1,171,1,191,201,1,1,1,2,940,True,True
11,32,3,64,72,4,92,101,2,123,141,152,1,173,1,191,201,1,1,2,1,941,False,True
12,32,0,64,73,4,94,101,1,121,143,152,1,173,1,191,201,1,1,1,1,942,False,False
11,32,10,61,71,2,91,102,3,123,143,152,1,174,1,191,201,1,2,3,2,943,False,True
14,32,3,61,72,3,92,101,1,121,143,152,1,173,1,191,201,1,1,1,1,944,False,False
12,33,2,65,72,4,93,101,2,122,141,152,1,172,1,191,201,1,1,2,1,945,True,False
11,32,3,61,73,4,92,101,1,123,141,152,1,173,1,191,201,1,1,1,1,946,True,True
12,32,1,61,71,3,92,101,4,124,143,153,1,174,1,192,201,2,1,3,2,947,True,True
12,32,2,61,73,4,92,101,1,122,143,152,1,173,1,191,201,2,1,1,1,948,True,True
14,32,1,61,72,4,92,101,1,124,143,152,1,174,1,192,201,1,1,2,1,949,False,True
13,32,2,61,72,4,92,101,2,122,143,152,1,173,1,191,201,1,1,1,1,950,False,True
12,31,6,64,72,4,92,101,2,122,141,151,1,173,2,191,201,2,1,1,1,951,False,False
11,31,3,61,73,4,91,101,1,124,143,153,1,173,1,191,201,2,1,2,1,952,False,False
11,31,2,61,72,2,91,101,1,122,141,152,1,173,1,192,201,2,1,3,3,953,False,True
13,32,0,61,72,1,93,103,1,122,143,152,1,172,2,191,201,1,1,2,2,954,True,True
12,32,2,61,72,3,92,101,1,121,143,151,1,174,1,191,201,1,1,2,1,955,False,False
14,32,2,61,71,4,92,101,2,123,143,152,2,174,1,192,201,2,2,3,1,956,False,True
14,32,2,62,73,4,93,101,1,123,142,152,1,173,1,191,201,1,1,3,1,957,True,False
14,33,9,63,72,4,93,101,2,121,141,152,1,172,2,191,201,2,1,2,2,958,False,True
12,32,3,61,72,4,92,101,2,123,143,152,1,173,1,192,201,2,1,1,1,959,True,True
12,32,0,61,72,4,93,101,1,122,143,152,1,173,1,191,201,1,1,1,1,960,True,True
12,32,5,61,72,4,93,101,1,124,143,151,1,172,1,191,201,2,2,2,1,961,False,True
14,30,0,62,73,4,93,101,1,124,141,151,1,173,1,191,202,1,1,1,2,962,True,True
12,32,0,61,72,3,92,101,1,123,143,151,1,173,1,191,201,2,1,1,1,963,True,True
11,32,1,63,71,1,92,101,2,122,143,151,1,171,1,192,201,1,1,1,1,964,True,False
12,32,9,61,72,4,92,101,1,122,143,152,1,173,2,192,201,1,2,2,1,965,False,True
12,32,0,62,72,4,92,101,2,122,141,152,1,172,1,191,201,2,1,1,1,966,False,True
11,32,2,61,73,4,93,103,1,122,143,152,1,172,1,191,201,1,1,1,1,967,False,True
14,32,0,65,72,4,93,101,1,122,143,152,1,173,1,191,201,1,1,2,3,968,True,False
13,32,2,61,72,4,92,101,1,122,141,152,1,174,1,192,201,1,1,1,1,969,True,True
11,32,2,61,71,4,92,101,2,123,143,152,1,173,1,191,201,2,1,1,1,970,True,False
11,32,0,61,72,4,92,101,1,122,143,152,1,173,1,191,201,2,1,2,1,971,False,True
11,32,2,61,72,4,93,101,1,124,141,153,1,173,1,191,201,1,1,2,1,972,True,False
14,32,4,65,72,4,92,101,1,121,143,152,1,173,1,191,201,1,1,1,1,973,False,True
12,32,2,62,72,4,93,102,1,124,143,151,1,174,1,192,201,2,2,3,1,974,False,True
11,32,5,61,72,1,91,101,1,124,143,152,1,172,1,192,201,2,2,3,1,975,False,True
12,33,2,61,71,4,93,101,1,122,142,152,2,174,1,192,201,1,1,1,2,976,False,True
14,32,3,61,72,4,93,101,1,121,143,152,1,173,1,191,201,1,1,2,1,977,True,True
11,32,0,61,72,3,92,101,1,121,143,152,1,172,1,191,201,2,1,1,2,978,True,True
12,32,3,65,72,4,93,101,1,122,143,152,1,173,1,191,201,1,1,1,1,979,False,False
11,32,3,61,72,4,92,101,1,123,142,152,1,173,1,191,201,1,1,2,1,980,False,False
11,32,2,61,72,4,93,102,1,122,143,152,1,172,1,191,202,1,1,1,1,981,True,False
11,32,2,61,72,4,92,103,1,122,143,151,1,173,1,191,201,1,1,1,2,982,True,True
11,32,1,61,71,4,93,101,2,124,143,153,1,174,1,192,201,1,1,3,1,983,False,True
12,32,5,61,72,3,94,101,1,122,143,152,1,172,1,191,201,1,1,1,1,984,False,True
13,32,0,61,72,4,93,101,1,121,143,152,1,173,1,191,201,1,1,1,1,985,False,False
12,32,2,64,72,4,92,101,1,121,143,152,1,173,1,191,201,1,1,1,1,986,False,True
11,32,2,61,72,4,92,101,1,123,143,151,1,173,1,191,201,1,1,1,1,987,False,True
11,32,4,61,72,4,92,101,1,121,143,152,1,173,1,191,201,1,1,1,1,988,True,True
12,34,0,62,72,4,93,101,1,123,143,152,1,173,1,191,201,1,1,1,1,989,True,False
14,32,2,61,72,4,94,102,1,122,143,152,1,172,2,191,201,2,1,1,2,990,True,True
12,32,0,65,72,4,93,101,2,121,143,152,1,171,1,191,201,1,1,1,2,991,False,False
12,32,3,65,71,2,93,101,1,124,143,152,1,174,1,192,201,2,1,3,3,992,False,False
12,32,3,61,72,4,94,103,1,121,141,152,1,172,1,191,201,1,1,1,1,993,False,False
12,32,0,65,71,1,92,101,2,121,143,151,1,171,1,191,201,1,1,3,1,994,False,False
11,32,0,61,72,4,93,101,1,121,143,152,1,172,2,191,201,2,1,2,1,995,True,True
14,31,1,65,71,4,92,101,1,121,141,152,1,174,1,192,201,2,2,3,3,996,False,True
13,31,9,61,72,4,92,101,1,121,143,152,1,171,1,191,201,2,1,1,1,997,True,True
11,32,6,61,71,4,92,101,1,121,143,152,1,171,1,191,201,2,1,1,1,998,False,True
11,32,2,61,71,4,93,101,1,123,143,152,1,171,1,191,201,2,1,2,1,999,True,False
12,32,0,65,71,1,93,101,2,122,143,152,1,171,1,192,201,2,1,3,1,1000,False,False
