StatusExistingAcc,CreditHistory,Purpose,SavingsAccount,EmploymentLength,InstallmentRate,MarriedNSex,Debtors,ResidenceLength,Property,InstallmentPlans,Housing,ExistingCredit,Job,NumPeopleLiable,Telephone,ForeignWorker,CreditEval,DurationMonth_C,CreditAmount_C,Age_C,rank
12,33,0,62,75,2,93,101,4,123,143,152,4,174,1,192,201,2,2,3,2,1
11,34,9,61,75,4,93,101,4,123,142,152,4,174,2,192,201,1,2,2,2,2
11,34,0,61,75,1,92,101,4,121,141,151,3,173,1,192,201,2,1,2,1,3
12,34,2,61,75,1,93,101,4,123,143,151,3,173,1,192,201,1,1,2,1,4
11,34,0,61,75,2,93,101,4,124,143,153,3,174,1,192,201,1,1,3,2,5
11,33,9,61,75,3,93,101,4,124,143,152,2,173,1,192,201,2,3,3,3,6
14,34,3,65,75,4,93,101,4,121,143,152,4,173,1,191,201,1,1,1,3,7
11,30,1,61,75,3,93,101,4,124,143,153,2,173,2,191,201,2,2,3,1,8
14,32,5,65,75,4,93,101,4,122,143,152,4,173,2,192,201,1,2,3,2,9
11,34,2,61,75,1,92,101,4,122,143,152,2,173,1,191,201,1,1,3,1,10
11,34,0,61,75,1,92,101,4,124,143,152,2,173,1,192,201,1,1,1,2,11
12,34,3,61,75,2,93,101,4,121,143,152,3,172,1,191,201,1,1,1,2,12
14,34,1,65,75,1,93,101,4,123,143,152,2,173,1,191,201,1,2,3,3,13
14,32,0,61,75,2,93,101,4,122,143,152,1,174,1,192,201,1,3,3,2,14
13,34,0,61,75,1,93,101,4,121,143,152,2,173,2,191,202,1,1,1,2,15
14,34,1,61,75,1,93,101,4,123,143,152,1,174,1,192,201,1,1,2,2,16
14,32,3,62,75,2,93,101,4,123,143,152,2,173,1,191,201,2,1,2,1,17
14,34,6,61,75,2,92,101,4,124,141,153,3,172,1,191,201,1,1,2,3,18
11,34,1,61,75,2,92,101,4,124,143,153,2,174,2,192,201,1,1,3,2,19
11,34,3,64,75,4,92,101,4,122,143,151,2,174,1,192,201,1,1,1,3,20
12,33,0,61,75,4,93,101,4,124,141,153,2,173,1,192,201,2,2,2,3,21
11,34,1,61,75,3,93,101,4,124,143,153,3,174,2,192,201,1,2,3,2,22
12,30,9,61,75,2,92,101,4,124,143,153,2,174,1,192,201,2,2,3,2,23
11,33,2,61,75,1,92,101,4,122,143,152,2,172,1,191,201,1,1,2,1,24
14,34,3,61,75,4,93,101,4,121,143,152,3,173,1,191,201,1,1,1,3,25
14,31,0,61,75,2,93,101,4,124,141,152,2,174,2,192,201,2,1,3,2,26
12,31,10,62,75,3,92,101,4,124,141,153,2,174,1,192,201,2,3,3,3,27
12,32,3,65,75,2,92,101,4,123,143,152,1,173,1,191,201,1,2,2,1,28
14,30,2,61,75,2,93,101,4,122,143,152,2,173,1,191,201,1,1,2,1,29
11,34,1,61,75,4,93,101,4,124,143,153,2,173,1,192,201,2,2,3,2,30
11,34,1,62,74,1,94,101,4,123,143,151,2,173,1,191,201,1,2,3,1,31
14,32,6,61,75,4,93,101,4,122,141,152,3,173,2,192,201,1,1,1,2,32
13,34,0,62,75,2,91,101,4,123,143,152,2,173,2,192,201,1,1,1,1,33
11,34,10,61,75,3,93,101,4,124,141,153,2,174,2,192,201,1,1,1,3,34
11,30,9,61,75,2,93,101,4,123,143,151,2,173,1,191,201,2,2,3,1,35
14,34,0,65,75,2,93,101,4,124,141,153,1,174,1,192,201,1,3,3,3,36
12,32,9,61,75,2,92,101,4,122,143,152,1,173,2,191,201,2,1,1,2,37
14,32,2,61,75,4,93,101,4,122,141,152,3,173,2,192,201,1,1,2,2,38
12,34,0,65,75,4,93,101,4,121,143,152,2,173,1,191,201,1,2,2,2,39
14,34,2,61,75,4,93,101,4,121,143,152,3,173,1,192,201,1,1,1,2,40
14,33,0,65,75,4,94,101,4,123,143,152,2,173,1,192,201,1,1,1,3,41
11,32,1,61,75,2,93,101,4,124,143,153,1,173,2,191,201,1,2,3,2,42
14,32,2,61,75,1,93,101,4,123,143,152,1,173,1,191,201,1,1,1,1,43
11,32,0,61,74,2,93,101,4,124,141,153,1,174,2,192,201,1,2,2,2,44
14,34,1,65,75,4,93,101,3,123,143,152,2,173,2,192,201,1,2,2,2,45
11,32,3,61,75,1,93,103,3,122,143,152,1,173,2,191,201,1,2,2,2,46
14,34,3,65,75,1,93,102,4,121,143,152,1,173,1,192,201,1,1,2,2,47
12,30,9,61,75,4,93,101,4,124,143,153,1,174,1,192,201,2,2,1,3,48
11,32,6,65,75,4,93,101,4,124,143,152,1,174,1,192,201,2,2,1,2,49
14,34,3,61,75,2,93,101,4,121,143,152,2,172,1,192,201,1,1,1,3,50
11,30,2,61,75,3,93,101,4,124,141,151,2,173,2,191,201,2,1,3,1,51
14,34,0,61,75,4,93,101,4,123,143,152,2,174,1,192,201,1,2,3,1,52
12,32,3,61,74,4,93,101,4,121,143,152,2,173,1,191,201,2,2,2,1,53
14,34,1,65,75,2,93,101,4,124,143,153,2,173,1,191,201,1,2,3,2,54
14,34,0,64,75,4,92,101,4,121,143,152,2,173,1,192,201,1,1,1,2,55
11,32,1,65,75,2,92,101,4,121,143,151,1,173,1,191,201,1,1,2,1,56
11,34,0,61,75,4,93,101,4,121,143,152,2,173,1,191,201,1,1,1,3,57
14,32,3,65,75,2,92,101,4,121,143,152,1,172,1,192,201,1,2,2,2,58
14,34,6,61,75,4,93,101,4,124,143,153,2,173,2,191,201,1,1,1,3,59
12,34,6,61,75,2,92,101,3,123,143,152,2,174,1,192,201,2,1,1,1,60
11,34,2,63,73,1,92,101,4,123,143,152,2,173,1,191,201,2,2,3,1,61
12,34,9,61,75,4,91,101,4,121,143,152,2,173,1,192,201,2,1,1,1,62
12,30,9,61,73,1,93,101,4,121,143,152,3,172,1,192,201,2,1,3,2,63
11,34,1,61,75,4,92,101,4,124,142,153,2,172,1,191,201,2,2,3,3,64
11,32,2,64,75,4,92,101,4,122,143,151,2,173,1,192,201,1,2,2,3,65
14,33,0,61,75,4,93,101,4,124,143,153,2,173,1,192,201,1,1,2,3,66
11,32,9,61,75,4,93,102,4,124,143,151,1,173,1,191,201,2,3,3,2,67
14,34,3,62,75,4,93,101,4,122,141,152,2,173,1,191,201,1,1,2,3,68
14,32,0,63,75,4,93,101,4,122,143,152,1,173,1,191,201,1,2,1,2,69
11,34,5,62,75,3,93,103,4,121,143,152,2,173,2,191,202,1,1,1,2,70
14,33,3,65,75,3,93,101,3,123,141,152,2,173,2,191,201,1,2,3,1,71
14,34,3,65,75,4,93,101,4,122,143,152,2,173,1,191,201,1,1,2,3,72
11,34,1,61,75,4,93,101,4,124,143,153,2,174,1,191,201,1,1,1,3,73
14,34,5,61,75,3,93,101,4,124,143,153,2,173,1,191,201,1,1,3,2,74
13,33,9,61,75,4,93,101,4,121,143,152,1,174,1,192,201,2,2,1,3,75
12,34,3,61,75,3,92,103,4,121,141,151,2,172,1,192,201,1,1,1,2,76
13,32,0,62,75,1,92,101,4,124,143,153,1,172,2,191,201,2,1,1,2,77
14,34,1,64,75,3,93,101,4,124,143,151,2,173,1,192,201,1,1,2,1,78
12,33,1,61,75,1,93,101,2,123,143,152,2,174,1,192,201,1,2,3,1,79
14,34,0,65,75,1,92,101,4,123,143,152,1,173,1,192,201,1,1,3,3,80
14,33,2,63,74,2,92,101,4,123,143,152,2,173,1,192,201,1,2,3,2,81
11,34,1,61,75,4,93,101,4,122,143,152,2,173,1,192,201,1,1,2,3,82
14,34,9,65,75,4,93,101,4,121,143,152,2,173,1,191,201,1,2,3,2,83
12,33,0,61,73,1,91,101,4,122,143,152,2,173,1,191,201,1,1,2,2,84
14,34,3,64,75,4,93,101,4,123,143,152,2,173,1,191,201,1,1,1,2,85
14,32,0,63,75,1,92,101,4,124,143,153,1,173,1,191,201,1,1,3,2,86
11,34,0,61,75,2,93,103,4,122,141,151,1,173,1,192,201,2,1,2,2,87
11,34,0,61,75,4,93,101,4,123,143,152,2,172,1,191,201,2,1,1,3,88
14,32,3,62,74,2,92,101,4,121,143,152,1,173,1,192,201,1,3,3,1,89
12,32,3,65,75,2,92,101,4,123,143,152,1,173,1,192,201,1,1,3,2,90
13,34,2,65,75,4,93,102,4,124,143,151,2,173,1,191,201,1,1,2,1,91
11,32,0,61,75,4,93,101,4,124,141,153,1,174,1,191,201,2,2,3,2,92
13,32,3,62,75,2,91,101,4,121,143,152,1,173,1,191,201,1,1,1,2,93
14,32,3,63,75,4,93,101,4,123,143,152,1,173,1,191,201,1,2,2,2,94
12,34,3,61,75,4,93,101,4,121,143,152,1,173,1,191,201,1,2,2,2,95
14,34,3,63,75,4,93,101,4,122,143,152,2,173,2,192,201,1,1,1,2,96
13,32,2,65,75,3,92,101,4,121,143,152,1,174,1,192,201,1,1,1,3,97
11,32,1,61,74,4,93,101,4,124,142,153,3,173,2,192,201,2,2,3,2,98
11,34,2,61,75,4,93,101,4,123,143,152,2,173,2,192,201,1,1,1,2,99
12,34,3,65,75,4,93,103,4,121,143,152,2,173,1,192,201,1,1,1,3,100
12,32,8,65,75,4,93,101,4,122,143,152,2,173,1,191,201,1,1,1,2,101
11,31,2,61,75,4,93,101,4,123,141,152,1,173,1,191,201,2,2,2,1,102
12,34,0,61,75,3,93,103,3,121,141,152,2,173,1,191,201,2,1,1,1,103
14,34,3,65,75,4,93,101,4,123,143,152,2,173,1,191,201,1,1,1,2,104
12,30,1,62,75,3,94,101,4,123,141,152,2,173,1,192,201,1,1,3,1,105
14,34,0,61,75,3,93,101,4,121,143,152,2,172,2,191,202,1,1,1,1,106
14,34,3,61,75,4,93,101,4,123,143,152,2,173,1,192,201,1,1,1,2,107
11,32,3,65,74,2,94,101,4,123,143,151,2,172,1,191,201,1,1,1,1,108
11,31,9,61,74,2,92,103,4,123,143,151,1,173,1,191,201,2,2,3,2,109
13,34,9,64,73,2,91,101,4,121,143,152,2,173,1,192,201,1,1,1,2,110
13,34,3,65,75,4,93,101,4,122,142,152,2,172,1,191,201,1,2,2,2,111
14,32,2,63,75,3,93,101,4,122,143,152,1,173,1,191,201,1,1,2,3,112
12,33,6,61,75,4,93,101,4,124,143,153,1,173,1,191,201,2,2,3,3,113
14,34,3,62,75,3,93,101,4,121,143,152,1,173,2,192,201,1,1,2,2,114
13,32,2,61,75,3,91,101,4,124,143,153,1,173,1,191,201,1,1,2,3,115
14,34,3,63,75,4,93,101,3,122,141,152,2,174,1,192,201,1,1,1,1,116
14,33,3,61,74,2,93,101,4,123,143,152,2,173,1,192,201,1,3,3,1,117
13,34,0,61,75,4,93,101,4,124,143,153,2,173,1,192,201,1,1,1,3,118
13,34,1,61,75,4,93,101,4,124,143,153,1,173,1,191,201,1,2,3,3,119
11,32,1,65,75,1,93,101,4,122,143,153,1,173,2,192,201,2,1,3,3,120
14,32,3,62,75,2,93,101,4,124,141,153,1,173,2,192,201,1,1,1,2,121
14,34,3,61,75,3,93,101,4,123,143,152,2,173,1,192,201,1,1,3,1,122
14,32,3,63,75,3,93,101,4,123,143,152,1,173,1,191,201,1,1,2,2,123
14,33,5,64,75,4,93,101,4,124,143,153,2,173,2,191,201,2,1,1,3,124
14,32,3,65,75,4,93,101,4,123,143,152,1,173,1,192,201,1,2,1,3,125
14,33,0,61,75,4,93,101,4,123,143,152,2,172,2,191,201,2,1,2,2,126
11,32,0,61,75,1,91,101,4,122,143,152,1,174,1,192,202,2,1,3,2,127
12,30,2,61,73,1,92,101,4,123,141,152,2,173,1,192,201,1,1,2,1,128
14,34,0,61,74,4,93,101,4,123,143,152,2,173,1,192,201,1,2,2,2,129
14,32,1,61,75,4,93,101,4,123,143,152,1,174,1,192,201,1,1,2,2,130
11,34,0,61,75,3,93,102,4,122,143,151,2,173,1,192,201,2,1,3,2,131
14,34,2,61,75,2,93,101,4,122,142,152,1,173,1,191,201,1,1,2,2,132
11,34,3,63,75,4,93,101,4,123,143,152,2,173,1,191,201,1,1,1,3,133
11,32,2,65,75,2,91,101,4,122,143,152,1,172,1,192,201,1,1,1,2,134
14,32,9,64,73,2,93,101,3,122,143,152,3,174,1,192,201,2,1,3,3,135
12,31,1,61,75,2,92,101,4,124,141,153,1,174,2,192,201,2,1,3,3,136
14,32,3,65,74,2,94,101,4,122,143,151,1,173,1,192,201,1,2,3,1,137
11,34,0,61,74,1,93,101,4,121,143,152,2,172,1,191,202,1,1,2,2,138
14,34,3,65,75,4,93,101,4,124,143,153,2,173,1,191,201,1,1,1,2,139
14,32,1,65,75,4,93,101,4,121,143,152,1,174,1,192,201,1,1,2,2,140
14,32,1,65,75,3,93,101,4,123,143,152,1,174,2,192,201,1,1,3,2,141
14,34,1,65,74,3,93,101,4,122,143,152,2,173,1,192,201,1,1,3,2,142
14,32,6,65,75,1,93,101,4,121,143,152,1,172,1,191,201,1,1,2,3,143
14,34,1,61,75,2,93,101,2,122,143,152,2,173,2,192,201,1,2,3,2,144
14,30,0,65,73,1,92,101,4,122,141,152,2,173,1,192,201,2,1,3,1,145
14,33,9,61,74,3,93,101,4,123,143,152,2,173,1,191,201,1,2,3,1,146
11,34,3,61,74,4,92,101,3,121,143,152,4,172,1,192,201,1,1,1,3,147
13,34,3,61,75,4,93,101,4,122,143,152,1,173,1,191,201,1,2,2,2,148
11,34,3,65,75,4,93,101,4,121,143,152,2,173,1,192,201,1,1,1,3,149
12,32,5,61,75,4,93,101,4,123,143,152,2,172,1,191,201,1,1,1,2,150
11,32,0,61,74,4,92,101,4,123,143,151,2,173,1,191,201,2,1,1,1,151
11,32,2,61,74,2,93,103,4,122,143,153,1,173,2,191,201,1,2,3,2,152
11,32,3,61,75,4,92,101,4,123,143,152,1,173,1,191,201,1,1,1,3,153
12,34,1,64,75,2,92,101,4,124,143,151,1,173,1,191,201,1,1,3,1,154
12,33,9,62,75,1,91,101,2,123,141,152,2,173,2,191,201,1,1,1,1,155
14,34,0,64,75,4,93,101,4,121,143,152,1,173,1,192,201,1,1,1,3,156
12,32,3,61,75,4,92,101,4,123,143,152,1,173,1,192,201,1,1,1,1,157
12,32,0,62,74,2,93,101,3,123,141,152,2,173,1,192,201,1,1,2,2,158
13,32,6,61,75,4,93,101,4,123,143,151,1,174,1,192,201,1,1,1,2,159
11,32,0,61,74,4,93,101,4,124,143,153,1,173,2,191,201,2,2,2,2,160
11,32,1,65,75,3,93,101,4,124,143,153,1,173,1,191,201,2,2,3,2,161
11,32,2,61,74,1,92,101,4,123,143,151,1,172,1,191,201,1,1,2,1,162
12,34,2,61,75,3,92,101,4,122,143,152,1,173,1,192,201,1,1,2,2,163
14,34,0,61,75,4,93,101,4,121,143,152,2,172,1,191,201,1,1,1,3,164
14,34,1,65,74,4,93,101,4,123,143,152,2,173,2,192,201,1,1,2,2,165
11,30,2,61,73,3,93,101,4,124,143,153,2,173,2,191,201,2,2,3,3,166
11,34,3,61,74,1,92,101,4,123,143,152,1,173,1,191,201,1,1,1,1,167
14,32,2,65,74,1,92,101,4,121,141,151,1,172,1,191,201,1,1,2,1,168
14,33,3,65,75,3,93,101,4,124,143,153,1,173,1,191,201,1,1,1,2,169
11,34,0,61,75,4,94,101,3,123,143,152,2,173,1,192,201,1,1,1,1,170
11,34,2,61,75,3,93,101,3,122,143,152,2,173,1,191,201,2,1,2,3,171
14,32,2,61,74,2,92,101,4,122,143,151,1,173,1,192,201,1,1,2,1,172
12,34,0,61,75,4,93,101,4,123,141,152,1,173,2,192,201,2,1,1,2,173
11,32,2,61,75,2,93,101,2,122,141,152,1,173,2,191,201,2,2,2,2,174
14,34,3,61,75,4,94,102,3,121,143,152,2,173,1,191,201,1,1,2,2,175
11,32,4,61,73,3,93,101,4,123,143,152,1,173,1,191,201,2,2,2,3,176
14,32,0,63,75,2,93,101,4,124,143,153,1,172,1,191,201,1,1,2,3,177
11,34,0,61,75,4,93,101,4,121,143,152,2,172,1,191,201,1,1,1,2,178
12,32,1,65,75,4,93,101,4,124,141,153,1,173,1,192,201,1,1,2,2,179
14,31,3,63,75,2,93,101,4,122,141,152,1,172,2,191,201,1,1,1,2,180
12,32,3,61,75,4,93,101,4,123,143,152,2,172,1,191,201,1,1,1,1,181
14,32,0,61,75,4,93,101,4,123,143,152,1,174,1,192,201,1,1,1,2,182
13,32,3,65,75,2,93,101,3,123,143,152,1,174,1,191,201,1,1,2,2,183
12,33,1,65,74,3,93,101,4,122,141,151,2,174,2,192,201,1,1,3,2,184
12,32,6,61,74,4,92,101,4,122,143,152,2,174,1,192,201,1,1,1,3,185
12,34,9,61,74,2,93,101,3,122,143,152,2,173,1,191,201,1,1,2,1,186
14,34,2,65,75,2,93,101,4,122,143,151,1,173,1,192,201,1,1,3,2,187
11,32,1,65,75,4,93,101,4,124,141,153,1,173,2,192,201,1,1,2,2,188
14,34,6,65,75,4,92,101,4,122,143,151,2,172,1,191,201,1,1,1,2,189
14,34,3,65,75,3,93,101,2,123,143,152,2,173,2,192,201,1,2,2,2,190
14,34,1,65,73,2,93,101,4,122,143,152,2,174,2,192,201,1,1,3,2,191
14,32,0,65,75,4,92,101,4,124,143,153,1,174,1,192,201,1,1,2,3,192
12,32,2,62,75,4,93,101,4,124,143,153,1,173,1,191,201,1,1,2,1,193
12,32,2,61,74,2,92,101,4,121,143,151,1,173,1,191,201,1,1,2,2,194
14,32,9,61,74,2,93,101,4,123,143,152,1,173,1,192,201,1,1,1,2,195
11,30,0,61,75,4,93,101,3,123,143,151,2,173,2,191,201,2,1,1,1,196
12,34,8,65,74,1,92,101,3,122,143,152,2,172,1,191,201,1,1,1,2,197
14,34,9,65,75,4,91,101,2,123,141,152,2,174,2,191,201,1,2,3,2,198
12,32,0,62,73,2,92,101,4,123,143,151,2,173,1,192,201,2,1,2,1,199
11,32,1,61,75,3,93,101,4,124,143,153,1,173,1,192,201,2,1,2,2,200
13,32,9,61,74,2,93,101,4,122,143,151,1,173,1,192,201,1,1,2,1,201
12,32,3,61,75,3,94,103,3,121,141,152,2,172,1,191,201,1,1,1,2,202
14,34,3,65,74,2,93,101,3,122,143,152,2,173,1,191,201,1,2,3,2,203
14,34,3,61,75,2,93,101,2,124,143,152,2,173,1,191,201,1,1,1,1,204
11,31,10,65,75,4,93,101,3,123,142,152,1,174,1,192,201,2,1,1,2,205
11,31,1,61,73,1,92,103,4,123,141,151,1,173,1,191,202,1,1,2,1,206
11,32,2,61,73,1,92,101,4,121,141,151,1,173,1,191,201,2,1,2,1,207
12,32,3,61,74,4,93,101,4,123,143,151,1,173,1,191,201,1,2,2,1,208
14,34,2,61,74,2,92,102,3,123,141,152,2,173,1,191,201,1,1,2,1,209
14,32,1,65,75,4,93,101,4,124,141,153,1,173,2,191,201,1,1,1,2,210
14,32,3,62,75,3,93,102,4,123,143,152,1,173,1,192,201,1,1,2,2,211
14,32,0,62,75,4,94,101,4,121,143,151,1,172,1,191,201,1,1,1,2,212
14,32,0,61,75,4,92,102,4,124,143,153,1,173,1,192,201,1,1,2,3,213
14,34,2,63,73,4,93,101,4,121,143,152,2,173,1,192,201,1,2,3,2,214
14,34,3,61,75,4,93,101,4,121,143,152,1,173,1,191,201,1,1,1,3,215
11,32,2,61,75,4,92,101,4,122,143,151,1,173,1,191,201,1,1,1,1,216
11,34,0,61,75,4,93,101,3,122,143,152,2,173,1,191,201,2,1,1,2,217
14,32,3,63,75,3,93,101,2,123,141,152,2,173,1,192,201,2,1,2,2,218
14,34,2,65,75,4,93,101,4,122,143,152,1,173,1,191,201,1,1,1,3,219
11,34,0,61,73,1,93,101,3,121,143,151,3,173,2,191,201,1,1,2,2,220
12,34,3,61,74,2,93,103,2,121,143,152,2,173,1,191,201,2,2,3,1,221
14,32,1,65,74,2,92,101,4,122,142,151,1,172,1,191,201,1,2,3,1,222
12,34,2,61,73,2,92,101,3,123,143,152,1,174,1,192,201,2,2,3,1,223
14,32,3,61,75,4,93,101,4,123,143,152,1,173,1,191,201,1,1,1,2,224
11,32,10,61,75,4,92,103,4,121,143,152,1,172,1,192,201,1,1,1,3,225
12,32,9,63,75,1,94,101,2,121,143,152,1,173,1,192,201,1,1,1,2,226
12,34,1,61,73,3,93,101,4,123,143,152,2,173,1,192,201,1,2,3,1,227
12,32,2,62,72,4,92,101,4,123,141,151,4,173,1,191,201,2,1,1,1,228
12,33,0,62,75,4,93,101,3,124,143,153,1,173,1,191,201,1,2,2,1,229
14,34,5,65,74,4,92,101,4,121,143,152,2,173,1,191,201,1,1,1,1,230
14,34,6,61,73,1,93,101,3,124,141,153,1,173,1,192,201,1,2,3,1,231
12,30,9,62,74,4,93,101,4,124,143,153,1,172,2,191,201,2,2,2,1,232
12,33,9,62,74,1,93,101,3,122,143,152,2,172,2,192,201,1,2,3,1,233
12,32,0,61,75,1,91,101,1,121,143,151,2,173,1,191,201,2,1,1,2,234
14,32,6,63,75,4,93,101,4,124,143,153,1,173,1,192,201,1,1,1,2,235
12,33,0,65,75,4,93,101,4,123,143,152,1,173,2,191,201,1,1,2,2,236
12,32,0,64,75,4,93,101,4,121,143,152,1,173,1,192,201,1,1,1,3,237
12,31,9,61,75,4,92,101,3,124,143,151,1,173,1,191,201,2,2,3,3,238
12,32,3,64,74,1,93,102,2,124,141,152,2,173,1,192,201,2,2,3,1,239
14,32,9,64,75,4,92,101,4,121,141,152,1,172,1,191,201,1,1,1,2,240
11,32,3,61,75,4,93,101,4,121,141,151,1,172,1,191,201,1,1,2,3,241
14,33,2,62,74,4,93,101,3,121,143,152,2,174,1,191,201,1,1,1,1,242
11,34,0,64,74,3,92,101,4,121,143,152,2,172,1,192,201,1,1,1,2,243
12,32,1,61,73,1,92,101,4,123,143,151,2,174,1,191,201,2,1,3,1,244
11,32,2,65,75,4,93,101,4,122,143,152,1,173,1,191,201,2,2,3,1,245
14,34,0,61,74,1,93,101,3,124,143,152,2,174,2,192,201,1,1,3,2,246
14,34,1,64,75,4,93,101,2,123,143,152,2,174,1,192,201,1,2,3,2,247
12,32,9,62,74,2,92,101,4,121,143,151,1,172,1,191,201,1,1,1,1,248
12,32,2,62,73,2,92,102,4,123,143,151,1,173,1,191,201,2,2,2,1,249
12,32,3,62,73,2,94,101,2,123,143,152,1,173,1,191,201,2,3,3,1,250
12,34,0,61,74,2,93,101,3,121,143,152,2,172,2,191,201,1,1,1,2,251
14,32,1,62,74,3,92,101,4,123,143,152,1,173,1,191,201,1,1,2,1,252
14,34,3,61,75,2,94,101,2,121,143,151,2,173,1,191,201,1,1,1,1,253
11,31,2,61,74,3,93,101,4,123,141,152,1,173,1,191,201,2,1,2,1,254
11,32,3,61,74,1,94,103,1,121,143,152,2,173,1,192,201,2,2,3,1,255
12,34,6,64,75,4,93,101,3,124,143,153,2,173,2,191,201,2,1,1,1,256
14,34,2,61,75,4,93,101,4,123,143,152,1,173,1,192,201,1,1,3,1,257
12,32,3,65,75,4,93,101,4,122,143,152,1,173,1,191,201,1,1,1,2,258
13,34,3,65,73,3,93,101,4,124,143,153,2,173,1,192,201,2,1,1,2,259
14,34,3,61,74,4,92,101,4,123,143,151,1,174,1,192,201,1,2,3,1,260
12,32,3,61,75,4,92,101,4,121,143,152,1,173,1,191,201,1,1,1,1,261
11,32,3,61,75,3,93,101,4,121,143,152,1,172,1,191,201,1,1,2,3,262
11,31,0,61,74,4,93,101,4,124,143,153,2,172,2,191,201,2,1,1,1,263
11,32,3,61,73,4,93,101,4,124,143,153,1,173,1,192,201,2,2,1,1,264
11,32,2,61,74,4,92,101,4,121,143,151,1,173,1,191,201,2,2,2,1,265
11,31,0,62,74,2,93,101,3,123,141,152,1,173,1,191,201,1,1,2,1,266
12,33,9,62,75,4,93,101,2,122,142,152,2,173,1,191,201,1,2,2,2,267
14,32,3,65,75,4,93,101,2,123,143,152,2,173,1,191,201,1,1,1,1,268
14,32,9,62,74,2,93,101,2,123,143,152,2,173,1,192,201,1,2,3,1,269
14,34,3,64,75,2,93,101,2,123,143,152,1,173,1,191,201,1,1,2,1,270
14,32,9,64,75,1,91,101,2,121,143,152,1,173,1,192,201,1,1,2,1,271
11,33,3,61,74,3,93,101,2,122,141,152,2,173,2,192,201,2,2,3,1,272
14,32,1,64,73,2,92,101,4,123,143,151,1,173,1,192,201,1,1,2,1,273
14,32,3,61,73,1,93,101,4,122,143,152,1,173,1,192,202,1,1,1,2,274
14,32,9,65,75,3,93,101,2,122,143,152,2,173,1,191,201,1,2,3,2,275
12,32,6,61,73,4,93,101,4,124,143,153,1,173,1,191,201,2,3,3,2,276
14,33,3,61,73,4,92,101,4,121,143,152,2,173,1,191,201,1,2,3,1,277
11,32,0,65,74,4,92,101,4,124,143,151,1,173,1,191,201,2,1,1,1,278
14,32,0,63,74,1,92,101,2,123,141,152,1,174,1,191,201,1,1,2,1,279
12,32,3,61,75,4,93,101,4,123,143,152,1,173,2,191,201,1,1,1,1,280
11,34,2,61,73,1,91,101,4,121,143,151,1,174,1,192,201,2,1,2,2,281
14,34,1,62,73,2,92,101,4,123,141,151,2,172,1,191,201,2,2,3,1,282
12,32,2,65,75,1,92,101,2,122,141,152,1,173,1,192,201,2,1,2,1,283
14,32,0,65,73,4,93,101,4,124,143,153,1,173,2,192,201,1,3,3,1,284
11,31,6,61,75,4,92,101,4,124,143,153,1,173,1,191,201,2,1,1,2,285
11,32,2,65,73,2,94,101,4,123,143,152,1,173,1,191,201,2,1,2,1,286
14,31,9,61,74,4,93,101,4,123,141,152,1,173,1,192,201,1,1,1,3,287
14,34,2,63,74,3,92,101,4,123,143,151,1,173,1,192,201,1,1,1,2,288
14,34,2,61,74,4,93,101,3,122,143,152,2,173,1,191,201,1,1,1,2,289
14,34,1,61,75,4,92,101,2,123,143,151,2,174,1,192,201,1,1,2,2,290
14,34,0,61,73,4,93,101,4,123,143,152,3,173,1,192,201,1,1,2,2,291
14,32,4,63,73,1,91,101,4,121,143,152,1,173,1,191,201,1,1,1,3,292
14,33,0,61,75,2,93,101,2,123,143,152,2,173,2,192,201,1,2,3,2,293
11,32,3,61,75,4,93,101,4,121,142,152,1,172,1,191,201,2,1,1,3,294
14,32,6,61,75,4,93,101,4,123,141,152,1,172,2,191,201,2,1,1,2,295
14,34,3,61,75,4,93,101,2,123,143,152,2,173,1,191,201,1,2,2,1,296
14,32,5,63,74,2,94,101,4,121,143,151,1,172,1,191,201,1,1,1,1,297
14,31,3,62,75,4,93,101,4,123,141,152,1,172,2,191,201,1,1,1,1,298
14,32,9,61,74,1,93,101,4,121,143,152,1,172,1,191,201,1,1,2,3,299
14,32,0,65,74,4,92,101,4,122,143,151,1,173,1,191,201,1,1,1,1,300
14,34,3,61,74,1,92,101,2,123,143,151,2,173,1,192,201,1,1,1,1,301
12,32,0,61,75,4,93,101,4,123,141,152,1,172,2,191,201,2,1,1,2,302
11,33,0,61,73,3,93,101,4,124,143,153,2,173,2,191,201,2,1,3,3,303
11,34,2,61,73,2,91,101,3,122,143,152,2,173,1,191,201,1,1,1,1,304
11,34,1,61,74,4,93,101,4,123,143,152,2,173,1,192,201,2,2,3,1,305
12,32,3,62,73,4,93,103,4,122,143,151,1,173,1,191,201,2,2,2,1,306
12,33,0,65,73,4,92,101,4,123,143,151,2,173,1,192,201,1,1,1,2,307
11,33,9,61,74,2,93,101,1,123,143,152,2,173,1,192,201,2,2,2,1,308
12,33,9,61,73,2,91,101,2,121,142,152,2,174,1,192,201,2,2,3,1,309
12,32,0,65,74,1,92,101,2,123,143,152,1,173,1,191,201,1,2,3,1,310
12,32,2,65,73,1,92,101,4,122,143,152,1,172,1,192,201,1,1,3,2,311
11,32,3,61,73,2,92,101,4,123,143,152,1,173,1,191,201,1,1,2,1,312
12,32,0,61,74,3,93,101,4,122,143,151,1,173,2,192,201,1,1,2,1,313
12,33,10,61,73,2,93,101,3,123,141,152,2,173,1,192,201,1,1,2,1,314
12,33,3,61,74,2,93,101,4,122,143,152,1,173,1,191,201,1,1,3,3,315
14,34,9,65,75,4,93,101,4,124,143,151,1,172,1,191,201,1,1,1,3,316
11,32,0,61,73,2,92,101,4,123,143,151,1,173,1,191,201,1,1,1,1,317
14,32,0,65,73,2,93,101,4,123,143,151,2,173,1,191,201,2,1,3,3,318
11,32,3,61,74,3,93,101,4,121,143,152,1,173,1,191,201,1,1,1,3,319
14,34,1,61,74,4,93,101,3,123,143,152,2,173,1,192,201,1,1,2,2,320
14,34,2,61,72,2,92,101,4,122,143,151,2,173,1,192,201,2,2,3,1,321
14,34,0,62,74,4,94,101,3,122,143,152,2,173,1,192,201,1,1,2,1,322
14,32,3,63,75,3,91,101,2,123,143,152,1,174,1,192,201,1,1,2,1,323
14,32,3,64,74,2,91,101,4,121,143,152,1,172,1,191,201,1,1,2,3,324
14,33,2,62,73,2,93,101,3,122,143,152,2,173,1,191,201,1,1,3,2,325
11,32,3,61,73,2,93,101,4,121,143,151,1,172,2,191,201,2,1,1,1,326
14,34,2,61,74,2,93,101,2,122,143,152,2,172,1,191,201,1,1,2,1,327
13,32,0,61,75,3,92,101,2,123,143,152,1,174,1,191,201,1,1,1,1,328
12,34,9,65,74,4,93,101,3,124,143,152,2,173,2,192,201,1,1,2,1,329
14,34,0,61,74,2,93,101,2,122,141,152,2,173,1,191,201,2,1,2,1,330
11,32,1,61,74,4,93,101,3,122,143,152,1,173,2,191,201,1,2,3,1,331
14,30,3,61,75,4,94,101,4,123,143,152,1,172,1,191,201,1,1,1,2,332
11,32,2,61,73,2,92,101,4,123,143,151,1,173,1,191,201,2,1,1,1,333
14,33,9,65,73,4,93,101,4,121,143,152,2,173,2,192,201,1,1,2,1,334
14,32,3,63,75,4,93,101,2,123,141,152,1,174,1,191,201,1,2,2,1,335
14,34,0,65,72,2,91,101,4,121,143,152,2,173,1,192,201,1,1,2,2,336
14,32,2,61,75,4,93,101,2,121,143,152,2,173,1,191,201,1,1,2,3,337
14,32,2,63,75,4,93,101,3,124,143,151,1,173,1,192,201,1,1,2,1,338
11,32,0,61,74,2,91,101,3,123,143,152,1,173,1,191,201,2,1,1,2,339
12,33,3,62,74,3,92,101,2,122,143,151,2,173,1,192,201,1,1,1,1,340
14,32,1,63,73,4,93,101,4,123,143,152,1,173,1,191,201,1,2,2,1,341
14,32,2,63,73,2,92,101,4,123,143,151,1,173,1,191,201,1,1,2,1,342
14,32,6,61,73,4,93,101,4,124,142,153,1,173,1,192,201,2,2,1,2,343
12,32,3,61,75,4,93,101,3,123,143,152,1,173,2,191,201,2,1,1,2,344
12,34,9,63,73,2,93,101,4,123,141,152,1,173,1,191,201,1,1,2,1,345
12,32,2,65,74,2,93,101,3,123,143,152,1,173,1,192,201,1,1,2,2,346
11,32,2,65,74,4,93,101,4,123,143,152,1,173,1,192,201,1,1,2,2,347
11,32,0,61,74,2,93,102,3,122,143,152,1,173,1,192,201,2,1,3,1,348
11,34,2,65,74,4,93,101,4,122,143,152,2,174,1,192,201,1,2,3,1,349
14,33,9,61,73,2,92,101,2,123,143,152,2,173,1,192,201,1,2,2,1,350
11,32,3,61,73,4,92,101,4,123,141,151,2,173,1,191,201,2,1,1,1,351
12,32,9,62,74,3,93,101,4,121,143,152,1,172,1,191,201,1,1,1,2,352
12,34,9,65,73,4,94,101,4,121,141,152,2,173,1,191,201,1,1,1,1,353
14,32,2,61,73,4,93,101,4,124,141,153,2,173,1,191,201,1,1,1,2,354
14,32,0,61,73,2,92,101,4,123,143,152,1,173,1,192,201,1,1,1,3,355
14,32,3,63,75,4,93,101,3,122,142,152,1,173,1,192,201,1,1,1,2,356
12,33,2,61,75,4,91,101,3,124,143,152,1,174,1,192,201,2,1,3,2,357
11,32,3,61,73,4,91,101,4,123,143,151,1,173,1,191,201,2,2,2,1,358
14,32,4,63,74,4,93,101,3,122,143,152,2,173,1,192,201,1,1,1,2,359
11,34,2,61,73,4,92,101,4,121,143,151,2,173,1,191,201,2,1,2,1,360
14,32,3,65,73,4,92,101,4,123,143,152,1,173,1,191,201,1,2,2,1,361
12,32,9,61,75,1,93,102,1,121,141,152,1,174,1,192,201,1,1,3,1,362
12,33,3,61,73,4,94,102,4,121,143,151,2,173,1,191,201,1,1,1,1,363
11,32,0,61,75,1,93,101,4,124,141,152,1,174,1,192,201,2,1,3,3,364
11,31,3,61,74,4,93,103,4,123,141,151,1,172,1,191,201,2,1,1,1,365
14,34,3,61,73,4,93,101,4,124,143,153,2,173,1,192,201,1,1,1,2,366
14,34,0,61,73,1,93,101,4,122,143,152,2,172,1,191,201,1,1,3,2,367
14,34,0,62,74,4,92,101,3,123,143,152,2,173,1,192,201,1,1,1,3,368
12,32,1,61,72,1,94,101,4,123,143,151,1,174,1,192,201,2,2,3,1,369
14,33,1,61,74,3,93,101,3,123,143,152,2,172,1,192,201,1,1,3,2,370
12,31,0,62,74,2,93,101,3,124,143,152,1,173,1,191,201,2,1,1,1,371
11,32,9,61,72,3,92,101,4,122,143,151,1,173,1,191,201,2,2,3,1,372
14,32,3,65,75,4,93,101,3,122,143,152,1,173,1,192,201,1,1,2,2,373
12,32,3,62,73,4,92,102,4,124,143,153,1,173,1,191,201,2,2,2,3,374
12,34,3,61,75,4,93,101,2,122,143,152,2,172,1,191,201,1,1,1,2,375
12,33,9,65,75,4,93,101,2,122,143,152,2,173,1,191,201,1,1,2,2,376
14,32,0,64,74,2,92,101,3,123,143,151,1,173,1,191,201,1,1,2,1,377
14,34,1,61,74,3,93,101,2,123,143,152,2,174,1,192,201,1,2,3,2,378
12,31,6,61,74,4,92,101,4,124,141,153,1,172,1,191,201,2,1,1,1,379
11,32,8,61,74,4,94,101,4,122,143,151,1,173,1,191,201,2,1,1,1,380
13,34,0,63,74,4,94,101,2,121,143,152,3,173,1,192,201,2,1,1,1,381
12,34,0,61,72,4,91,101,4,123,143,152,2,173,1,191,201,2,2,2,1,382
14,32,3,62,73,4,93,101,4,123,143,151,1,174,1,192,201,1,1,1,1,383
14,32,2,61,74,3,92,101,4,121,143,152,1,172,1,191,201,1,1,1,1,384
11,32,3,61,73,4,93,101,4,124,143,153,2,173,1,191,201,2,1,2,3,385
12,34,6,61,72,2,92,101,4,124,143,153,2,173,1,192,201,1,1,3,1,386
11,32,2,61,75,4,93,101,4,124,143,153,1,174,1,192,201,2,1,3,3,387
11,30,0,61,73,4,93,101,4,123,141,152,2,173,1,191,201,2,1,1,2,388
12,32,3,61,73,4,92,103,4,121,143,152,2,173,1,192,201,1,1,1,2,389
12,32,3,61,74,4,93,103,3,121,143,152,2,173,1,191,202,1,1,1,1,390
11,30,5,61,74,4,93,101,3,121,143,152,2,173,1,191,201,2,1,1,1,391
12,32,1,61,73,1,94,101,3,123,143,151,1,173,1,192,201,1,1,2,1,392
14,32,0,65,73,4,93,101,4,121,143,152,1,173,1,191,201,1,2,2,2,393
11,32,1,61,73,3,93,103,4,124,141,152,1,173,2,192,201,1,1,2,3,394
14,34,3,65,75,4,92,101,2,121,143,152,2,173,1,192,201,1,1,1,2,395
11,32,1,61,73,4,91,101,4,122,143,152,1,174,1,192,201,1,2,2,2,396
14,32,1,63,73,2,93,101,4,122,143,151,1,173,1,191,201,1,1,1,3,397
11,34,1,61,75,4,93,101,3,121,143,152,1,173,1,191,201,1,1,1,3,398
11,32,3,65,74,4,92,101,3,123,143,152,1,174,1,192,201,2,2,3,1,399
12,32,0,65,73,1,93,101,4,124,143,153,1,173,1,192,201,2,2,3,2,400
12,32,0,61,74,2,94,101,3,123,141,152,1,172,1,191,201,2,1,1,1,401
14,34,3,65,75,4,93,101,2,123,143,152,1,173,1,192,201,1,2,2,3,402
12,33,9,62,74,4,93,101,4,123,143,151,1,174,1,192,201,1,1,3,2,403
11,30,2,61,72,1,92,101,4,122,143,151,1,173,1,191,201,2,1,2,1,404
14,32,3,61,73,2,93,101,4,123,143,152,1,173,1,192,201,1,1,2,3,405
11,34,0,61,74,4,93,102,3,122,143,152,2,173,1,192,201,1,1,1,2,406
11,32,2,61,75,4,93,101,2,123,143,152,1,173,2,191,201,2,2,2,2,407
12,34,0,64,73,4,92,101,4,123,143,152,2,173,1,191,201,1,1,1,2,408
12,33,9,65,73,4,93,101,4,124,143,153,1,173,2,192,201,1,2,3,2,409
12,34,0,63,74,3,91,101,3,123,143,152,1,174,1,192,201,1,1,2,2,410
12,33,3,65,73,2,93,101,2,124,143,153,1,174,1,191,201,1,3,3,1,411
12,32,6,62,73,1,93,101,4,124,143,153,1,173,2,192,201,2,2,3,2,412
14,33,2,64,74,3,92,101,2,122,143,152,2,173,1,191,201,1,1,1,1,413
14,32,3,61,75,4,93,101,2,123,143,152,1,173,1,191,201,1,2,2,1,414
14,32,3,63,75,3,93,101,2,123,143,152,1,173,2,192,201,1,1,2,1,415
14,34,6,63,75,4,93,101,2,123,143,152,2,173,1,192,201,1,1,1,3,416
12,30,9,62,73,4,92,101,4,123,143,151,2,172,1,191,201,2,2,3,1,417
11,30,9,65,72,2,93,101,3,123,141,152,3,173,1,191,201,1,2,3,1,418
11,32,2,61,73,1,93,103,2,122,143,152,1,173,2,191,201,1,2,2,2,419
12,34,2,64,74,3,93,101,2,123,143,152,2,173,1,192,201,1,1,2,1,420
14,32,0,61,73,1,93,101,4,122,143,152,1,172,2,191,201,1,1,3,2,421
12,32,6,61,74,3,93,101,1,123,143,152,2,173,2,191,201,1,2,2,1,422
13,31,3,64,73,3,92,101,3,121,143,151,2,173,1,191,201,1,1,1,2,423
12,34,3,65,74,4,93,103,2,121,141,152,3,173,1,192,201,1,1,2,2,424
11,34,2,61,73,3,94,101,2,122,143,152,2,173,1,192,201,1,2,2,2,425
14,34,2,61,72,2,92,101,4,122,143,151,2,172,1,191,201,1,1,1,1,426
14,32,4,61,72,1,92,101,4,121,143,151,1,173,1,192,201,1,1,1,1,427
11,32,2,61,72,1,92,101,4,123,143,151,1,173,1,191,201,1,1,2,1,428
13,31,3,65,74,4,93,101,4,123,141,152,1,172,1,191,201,1,1,1,2,429
11,34,0,61,74,4,92,101,3,122,143,152,2,173,1,191,202,1,1,1,2,430
12,33,5,64,73,3,94,101,3,122,142,152,2,173,1,191,201,2,1,1,3,431
11,32,0,65,75,4,92,101,2,123,141,152,1,173,1,191,201,2,1,1,1,432
14,34,1,65,74,2,93,101,1,124,143,153,2,173,1,192,201,1,2,3,2,433
13,32,0,61,74,4,93,101,3,124,141,153,1,173,2,191,201,2,1,1,2,434
12,32,2,61,74,3,91,101,3,123,143,152,1,173,1,192,201,2,1,3,2,435
14,32,0,65,75,4,93,101,3,123,143,152,1,173,1,192,201,1,1,2,3,436
11,32,2,61,75,4,93,101,2,122,143,151,1,174,1,192,201,2,1,2,2,437
14,32,2,61,73,3,93,101,4,121,143,152,1,173,1,192,201,1,1,2,2,438
11,31,0,61,71,1,92,102,4,124,143,151,2,171,1,191,201,2,1,1,1,439
12,34,3,62,72,4,93,101,4,124,141,152,2,173,2,191,201,2,1,1,2,440
13,32,3,61,75,4,93,101,2,123,143,152,1,173,1,191,201,1,2,3,1,441
11,34,5,61,71,2,92,101,4,124,143,153,3,171,2,191,201,2,1,1,3,442
12,32,9,62,75,4,91,101,2,123,141,151,2,172,1,191,201,2,1,2,3,443
14,32,3,62,74,4,94,101,3,122,143,152,1,173,1,192,201,1,1,1,1,444
14,34,2,61,72,1,92,101,3,121,143,151,2,173,1,191,201,1,1,2,1,445
11,32,0,65,73,4,92,101,4,121,143,151,1,173,1,191,201,2,1,1,1,446
13,32,3,62,75,4,92,101,2,124,143,153,1,173,1,192,201,1,1,1,2,447
11,30,2,61,73,2,91,103,2,121,143,152,2,173,1,191,201,1,2,3,1,448
13,32,3,61,73,3,94,101,4,121,143,151,1,173,1,191,201,1,1,1,1,449
14,34,2,65,73,1,94,101,2,122,143,152,2,173,1,191,201,1,1,1,1,450
14,32,1,65,73,1,93,101,3,123,143,152,1,173,1,191,201,1,1,3,1,451
14,34,6,61,74,2,93,101,3,121,143,152,1,172,2,191,201,1,1,2,2,452
14,32,0,64,74,4,92,101,3,123,143,152,1,173,2,192,201,1,1,1,1,453
11,32,0,62,74,4,93,101,3,123,143,152,1,174,2,192,201,1,1,2,1,454
12,32,0,62,74,3,93,101,2,122,143,152,1,173,1,191,201,2,2,3,1,455
14,32,1,62,72,1,92,101,4,123,143,152,1,173,1,192,201,1,1,2,1,456
12,33,6,62,74,2,93,101,3,124,143,151,1,173,1,192,201,1,2,3,1,457
12,31,9,62,74,4,93,101,2,123,143,152,1,173,1,191,201,1,2,2,1,458
14,34,3,65,75,4,93,101,1,121,143,152,1,173,1,192,201,1,2,2,2,459
14,34,3,65,75,4,92,101,3,122,141,152,1,172,2,191,201,2,1,1,1,460
14,31,9,61,73,1,92,101,1,121,142,152,1,173,1,191,201,1,2,2,1,461
14,34,3,61,74,4,94,103,2,123,143,152,2,173,1,192,201,1,1,1,1,462
12,34,9,61,74,2,92,101,1,121,141,152,2,172,1,191,201,1,2,3,2,463
12,32,2,64,72,1,92,101,4,121,143,151,1,172,1,191,201,1,1,1,1,464
12,33,10,62,71,2,93,101,4,124,143,153,1,174,1,192,201,1,2,3,1,465
12,32,0,61,73,3,92,101,4,122,143,151,1,172,1,192,201,2,1,2,1,466
14,34,0,61,73,4,92,101,4,123,143,152,1,173,1,192,201,1,1,2,2,467
14,32,6,65,73,2,93,101,4,124,143,153,1,172,2,192,201,1,2,3,2,468
13,34,6,61,73,2,92,101,4,122,143,152,1,172,1,191,201,1,1,1,3,469
14,34,3,61,72,3,94,101,3,124,143,153,3,173,1,192,201,1,1,3,2,470
14,32,1,65,72,1,92,101,4,121,143,151,1,173,1,191,201,1,1,2,1,471
12,32,3,65,74,4,93,101,1,123,143,152,2,173,2,192,201,1,2,2,2,472
14,34,0,65,75,4,93,101,4,124,143,153,1,174,1,192,201,2,1,3,1,473
13,32,2,61,72,2,92,101,4,123,143,152,1,173,1,191,201,1,1,2,1,474
14,32,1,61,73,2,93,101,2,124,143,153,1,174,1,192,201,1,2,3,1,475
11,32,2,61,72,2,91,101,4,122,143,152,1,172,1,191,201,2,2,2,1,476
14,32,1,62,75,4,93,101,2,123,143,152,1,174,1,192,201,1,2,3,2,477
11,32,0,64,73,1,93,101,3,122,143,152,1,173,2,191,201,1,1,2,1,478
14,32,9,62,73,3,92,101,4,122,143,151,1,172,1,191,201,1,1,1,1,479
14,32,9,61,74,3,92,101,2,123,143,152,2,173,1,191,201,1,1,1,1,480
11,31,2,63,73,4,93,101,4,121,142,152,1,173,1,192,201,1,1,2,1,481
12,32,2,61,73,3,92,101,4,121,143,152,1,173,1,191,201,2,1,1,1,482
14,34,3,61,73,2,92,101,2,123,143,152,2,173,1,191,201,1,1,2,1,483
14,32,1,61,74,3,93,101,3,123,143,152,1,174,1,192,201,1,1,3,2,484
14,34,3,65,73,1,93,101,2,121,143,152,2,173,2,191,201,1,1,2,1,485
12,32,3,61,73,2,92,101,2,121,143,152,1,173,1,191,201,2,2,3,1,486
12,33,3,62,72,4,93,101,3,124,142,152,2,174,1,191,201,2,2,1,1,487
14,34,0,61,72,4,92,101,4,123,143,152,2,174,1,191,201,1,1,1,2,488
14,34,0,61,73,4,92,101,3,121,143,152,2,173,1,191,201,1,1,1,2,489
14,34,3,64,73,4,93,101,3,121,143,152,2,173,1,191,201,1,1,1,2,490
14,34,3,65,73,4,93,101,3,122,143,152,2,173,1,192,201,1,1,1,1,491
11,31,3,61,72,3,93,102,4,124,141,153,1,174,1,192,201,1,1,1,2,492
11,31,2,63,73,4,93,101,4,121,142,152,1,173,1,192,201,1,1,2,1,493
11,34,1,61,71,2,93,101,4,124,143,153,2,174,1,192,201,1,1,3,3,494
12,32,6,65,73,4,93,101,4,124,143,153,1,173,1,191,201,1,1,1,3,495
11,34,3,61,73,4,93,101,4,121,143,152,2,172,1,191,201,1,1,1,1,496
14,32,3,61,74,4,93,101,2,123,143,151,2,174,2,192,201,1,1,1,1,497
14,34,0,62,73,4,92,101,4,123,143,152,2,172,1,191,201,1,1,1,3,498
11,30,9,61,71,2,93,101,4,122,142,152,2,173,1,192,201,2,2,3,3,499
11,32,0,62,75,3,93,101,2,122,143,152,1,173,1,192,201,1,1,1,2,500
12,32,10,61,73,2,93,102,3,123,141,152,2,174,1,192,201,2,1,3,1,501
14,34,3,65,75,4,93,101,2,122,143,151,2,172,1,192,201,1,1,1,2,502
14,34,0,61,74,2,93,101,1,121,143,152,3,172,2,191,201,1,1,1,2,503
14,34,3,61,74,2,93,101,1,121,143,152,3,172,2,191,201,1,1,1,2,504
11,34,0,61,73,4,93,101,4,122,141,152,2,172,1,191,202,1,1,2,2,505
13,34,0,63,71,2,93,101,4,124,141,153,3,171,1,191,201,1,1,1,3,506
11,32,0,61,72,4,92,101,4,123,143,152,1,173,1,192,201,2,2,1,1,507
14,32,1,65,73,2,91,101,4,124,143,153,1,173,1,192,201,1,1,3,2,508
14,32,0,61,73,3,92,101,3,121,143,151,1,173,1,191,201,2,2,2,1,509
11,32,2,61,73,2,92,102,3,122,143,152,1,173,1,191,201,1,1,1,1,510
14,32,1,65,72,1,92,101,4,123,143,151,1,173,1,191,201,1,1,3,1,511
14,34,9,62,73,3,93,101,3,122,143,152,2,172,1,192,201,1,1,3,1,512
14,33,9,62,73,2,93,101,2,122,143,152,2,172,1,191,201,1,2,3,1,513
14,34,6,65,73,3,92,101,2,123,143,152,2,173,1,192,201,1,1,1,1,514
14,33,3,61,73,4,93,101,2,123,143,152,2,174,1,192,201,2,2,3,1,515
12,32,6,65,73,2,94,101,2,123,143,152,1,173,1,191,201,1,2,2,1,516
14,32,3,61,75,4,93,101,1,121,143,152,1,174,1,192,201,1,1,1,2,517
12,34,10,61,73,2,93,102,3,123,143,152,2,174,2,192,201,2,1,3,2,518
13,34,0,65,74,4,93,101,2,121,141,152,2,172,2,191,201,2,1,1,2,519
11,32,1,61,74,2,93,101,1,124,143,153,1,174,1,192,201,1,1,2,1,520
11,34,2,61,73,3,93,103,2,122,143,152,2,173,1,191,201,1,2,3,1,521
14,32,3,61,75,4,92,101,2,123,141,151,1,174,1,192,201,1,1,2,3,522
11,34,0,61,72,1,93,101,3,121,143,151,2,172,2,191,202,1,1,2,2,523
11,32,2,61,75,2,92,101,1,122,141,152,1,173,1,192,201,1,1,1,2,524
14,31,1,65,72,3,93,103,4,121,141,151,2,173,2,192,201,1,2,3,2,525
13,32,3,61,73,2,93,101,2,121,143,152,1,173,1,192,201,1,2,2,1,526
14,34,2,64,73,4,93,101,4,121,143,152,1,173,1,192,201,1,1,2,3,527
14,32,3,65,74,4,93,101,3,123,142,152,1,173,1,192,201,1,2,3,2,528
12,34,3,61,72,4,93,103,4,121,143,152,2,173,1,191,201,1,1,1,1,529
11,34,2,61,73,4,92,101,3,122,143,151,2,173,1,191,201,1,1,1,1,530
14,33,9,61,73,1,93,101,2,124,143,153,1,173,1,191,201,1,1,2,1,531
14,33,3,61,73,4,94,101,3,121,141,152,2,173,1,191,201,1,1,1,1,532
14,32,1,61,74,2,93,101,2,123,143,152,1,173,1,191,201,1,1,2,1,533
13,33,0,61,73,2,92,101,2,123,142,152,2,173,1,192,201,1,1,2,2,534
14,30,5,61,73,4,93,101,2,123,143,152,2,173,1,191,201,1,2,2,1,535
12,33,5,61,73,2,93,101,4,121,143,152,1,172,2,192,201,1,1,3,2,536
12,32,3,61,73,2,92,103,3,121,143,152,1,173,1,191,201,1,1,1,3,537
12,34,0,61,72,1,93,101,3,121,141,152,2,172,2,191,201,1,1,2,2,538
11,34,6,61,73,3,92,101,2,124,143,152,2,174,1,192,201,2,2,3,1,539
14,32,1,65,72,2,94,101,4,123,143,151,1,173,1,192,201,1,1,2,1,540
11,32,3,61,73,3,92,101,2,121,143,152,2,173,1,192,201,2,1,1,1,541
14,34,3,61,74,4,92,101,2,123,143,152,2,173,1,191,201,1,2,3,1,542
11,32,2,61,73,4,93,101,4,122,143,152,1,173,1,191,201,1,1,3,1,543
14,32,0,61,73,2,94,101,2,122,143,152,1,174,1,192,201,1,1,1,1,544
12,32,9,62,73,4,93,101,4,123,143,152,1,173,1,191,201,1,1,2,1,545
11,32,2,61,73,2,93,102,3,123,143,152,1,173,1,191,201,2,1,3,2,546
14,30,9,61,73,2,93,101,2,123,142,152,2,173,2,191,201,2,1,3,2,547
14,32,0,65,74,4,93,101,3,122,143,152,1,173,1,191,202,1,1,2,1,548
14,33,9,62,73,1,93,101,2,121,143,152,2,172,1,191,201,1,1,1,1,549
11,34,2,65,72,2,92,102,3,121,143,151,2,173,1,191,202,1,1,2,1,550
14,34,0,63,73,4,93,101,4,121,143,152,1,173,1,192,201,1,1,1,2,551
14,32,3,65,75,4,93,101,2,123,143,152,1,173,1,191,201,1,1,1,2,552
11,32,6,65,73,4,92,101,4,122,141,151,1,173,1,192,201,1,1,1,1,553
11,34,2,61,71,4,93,101,4,124,143,153,3,174,1,192,201,1,1,1,2,554
14,32,0,61,73,2,93,103,2,121,143,152,1,173,1,192,201,1,1,1,1,555
14,34,3,65,73,1,93,101,2,121,143,152,2,172,2,191,201,1,1,1,1,556
14,34,3,63,73,2,94,101,2,122,143,152,2,172,1,191,201,1,1,1,2,557
12,32,1,61,73,2,93,101,2,123,143,151,1,174,1,192,201,1,2,3,2,558
12,32,3,61,74,3,94,103,3,121,141,152,1,172,1,191,201,1,1,1,1,559
14,32,3,61,72,3,94,101,4,121,143,152,1,173,1,192,201,1,1,1,2,560
12,33,3,65,73,1,93,101,1,121,143,152,1,172,1,191,201,1,3,3,1,561
12,34,4,61,74,4,93,101,3,122,143,152,1,173,1,191,201,1,1,1,1,562
14,32,8,65,74,4,92,101,3,122,143,152,1,173,1,192,201,1,1,1,2,563
14,34,0,61,73,3,93,101,2,122,141,152,2,173,1,191,201,2,1,1,1,564
13,34,3,65,73,3,93,101,2,123,143,152,2,173,1,192,201,1,1,2,1,565
11,32,2,61,73,2,93,103,3,122,143,152,1,172,2,191,201,1,1,1,2,566
14,33,1,61,73,4,94,101,4,121,143,151,1,173,1,191,201,1,1,1,2,567
14,33,9,65,72,4,93,101,4,123,143,151,2,173,1,192,201,2,2,3,1,568
14,32,2,62,72,2,92,101,4,122,143,151,1,173,1,191,201,1,1,2,1,569
12,32,3,63,72,1,94,101,3,121,143,151,1,173,1,191,201,1,1,2,1,570
14,34,3,61,73,2,92,101,2,123,142,152,2,173,1,191,201,1,2,3,1,571
14,32,2,61,72,1,92,101,4,122,143,152,1,173,1,191,201,2,1,3,1,572
11,32,0,61,71,1,92,101,4,123,143,151,1,173,1,191,201,1,1,2,1,573
14,32,1,61,73,1,92,101,2,122,141,152,1,173,1,191,201,1,2,3,1,574
13,32,2,61,73,2,93,101,2,121,143,152,1,173,1,191,201,1,1,1,1,575
12,32,2,61,73,1,92,101,2,123,143,152,1,173,1,191,202,2,1,1,1,576
14,33,1,65,74,3,93,101,2,123,142,152,1,174,2,192,201,1,2,3,1,577
12,32,3,61,73,4,92,103,4,121,143,152,1,172,2,191,201,1,1,1,1,578
12,34,1,62,71,3,93,101,4,123,143,152,1,173,1,191,201,1,2,3,1,579
13,32,3,63,73,3,92,101,3,123,143,152,1,172,1,191,201,1,1,1,3,580
11,32,3,61,73,2,93,101,2,121,143,151,1,174,2,192,201,1,1,1,1,581
13,34,3,65,74,4,93,101,2,122,143,152,2,173,1,192,201,1,1,1,1,582
11,32,0,61,73,4,92,103,4,122,143,152,1,173,1,192,201,1,1,1,1,583
12,32,0,61,72,3,92,101,4,123,143,152,1,172,1,192,201,2,1,1,1,584
11,34,0,61,73,1,93,101,2,121,143,152,2,172,2,191,201,1,1,2,2,585
12,32,3,61,75,4,94,103,2,121,143,152,1,172,1,191,201,1,1,1,1,586
11,32,0,62,73,3,93,101,4,123,143,152,1,172,2,192,201,1,1,3,2,587
12,32,1,65,71,1,91,101,4,121,143,152,1,174,1,192,201,1,1,3,3,588
12,34,2,61,74,2,93,101,2,122,143,152,1,173,1,191,201,2,2,3,2,589
11,34,0,61,73,2,93,101,2,121,143,151,2,173,2,191,201,1,1,2,2,590
11,34,2,61,72,4,92,102,4,124,143,151,2,172,1,192,201,2,2,3,1,591
11,32,0,65,74,2,93,102,2,121,143,152,1,172,1,191,202,1,1,2,1,592
12,30,0,62,72,3,92,101,3,123,143,152,2,173,1,191,201,2,1,2,1,593
14,32,3,61,74,2,94,101,2,121,143,151,1,173,1,191,201,1,1,2,1,594
14,32,2,65,74,4,93,101,2,123,142,152,1,173,1,192,201,1,1,1,1,595
11,32,9,61,73,4,92,101,4,122,143,152,1,172,1,191,201,1,1,1,1,596
14,32,3,65,73,4,93,101,4,124,143,153,1,173,1,192,201,1,1,2,2,597
12,34,2,61,72,2,92,101,4,123,141,152,1,172,1,191,201,2,1,3,1,598
11,33,6,65,73,1,92,101,2,123,143,151,2,173,1,192,201,1,1,3,1,599
11,33,3,61,72,4,94,101,4,121,142,152,1,173,1,191,201,2,1,1,2,600
14,34,1,65,71,2,93,101,4,124,143,152,1,174,1,192,201,1,1,2,2,601
12,32,1,63,72,3,92,101,4,123,143,151,1,173,1,191,201,2,1,3,1,602
12,30,9,61,73,2,92,101,1,123,143,152,2,173,1,191,201,1,2,3,1,603
11,32,3,61,72,4,92,101,4,122,143,151,1,174,1,192,201,1,1,2,1,604
11,32,0,61,72,4,92,101,4,122,143,151,1,173,1,191,201,2,1,1,1,605
11,34,3,61,74,4,94,101,1,122,143,152,2,174,1,192,201,1,1,1,1,606
12,32,3,61,72,2,92,103,4,122,143,152,1,172,1,191,201,1,1,2,1,607
14,34,0,64,73,2,92,101,2,121,141,152,2,172,1,191,201,1,1,1,2,608
14,32,0,61,73,3,94,101,2,121,143,152,2,173,1,192,201,1,1,1,1,609
14,34,3,61,74,3,93,102,2,123,143,152,1,173,1,191,201,1,2,3,2,610
11,34,0,61,73,2,93,101,2,121,143,151,2,173,2,191,201,1,1,2,2,611
14,32,2,61,72,2,93,101,3,122,141,152,2,172,1,191,201,1,1,2,1,612
14,34,9,61,73,3,92,101,2,121,143,152,2,173,1,191,201,1,1,1,1,613
12,32,1,61,72,2,93,101,3,123,143,152,2,173,1,191,201,1,2,3,1,614
11,34,9,62,74,4,93,101,1,121,143,152,2,173,1,192,201,1,1,1,1,615
12,34,2,61,74,4,93,101,3,123,143,151,1,173,1,192,201,1,1,1,2,616
11,32,3,63,73,2,93,101,3,121,143,151,1,173,2,191,201,1,1,2,2,617
12,32,0,62,73,2,93,101,2,123,143,152,2,173,1,192,201,1,1,3,1,618
13,32,0,62,73,1,92,101,1,123,141,152,1,174,1,192,201,1,1,2,1,619
14,34,3,62,73,1,92,101,1,122,143,152,2,173,1,191,201,1,1,1,1,620
11,31,3,61,73,4,92,101,4,121,141,152,1,172,1,191,201,2,1,1,1,621
13,34,0,61,73,1,93,101,1,121,143,152,3,171,2,191,202,1,1,1,3,622
14,32,1,64,74,3,93,101,2,122,143,152,1,173,1,191,202,1,1,1,3,623
11,32,6,61,73,4,93,101,4,123,143,151,1,172,2,191,201,2,1,1,2,624
14,32,1,65,71,2,92,101,4,122,143,151,1,174,1,192,201,1,1,3,1,625
14,34,3,61,73,1,92,101,1,123,143,152,2,173,1,192,201,1,1,1,1,626
11,34,6,61,73,4,93,101,3,124,141,152,1,173,1,192,201,2,2,3,1,627
14,33,1,64,73,2,93,101,2,123,143,152,2,173,1,191,201,1,2,3,1,628
14,34,2,64,74,3,92,101,2,122,143,152,1,173,1,191,202,1,1,1,2,629
12,34,0,61,71,2,93,101,3,123,143,153,3,171,1,192,201,1,1,1,3,630
11,32,3,61,73,3,93,101,2,123,143,152,1,174,1,191,201,1,2,2,1,631
11,32,3,61,73,3,92,101,2,123,143,152,1,173,1,192,201,2,2,3,1,632
11,32,3,63,75,3,94,101,1,121,143,152,1,173,1,191,201,1,1,1,2,633
12,34,2,61,75,2,93,101,1,124,143,152,1,173,1,192,201,1,1,3,2,634
12,30,0,63,72,1,92,101,1,123,143,152,2,173,1,191,201,1,2,3,1,635
11,32,2,61,74,4,93,101,2,122,143,152,1,173,1,191,201,2,2,3,1,636
12,34,1,62,72,3,93,101,4,122,143,152,1,173,1,191,201,1,1,1,2,637
12,30,9,65,73,2,93,101,2,123,141,152,1,174,1,192,201,1,2,3,2,638
12,32,0,61,73,4,94,101,4,121,143,151,1,172,1,191,201,1,1,1,1,639
14,32,2,61,73,1,94,101,2,122,143,151,1,173,1,191,201,1,1,1,1,640
14,32,9,65,73,4,91,101,2,121,141,152,1,173,1,191,201,2,2,2,2,641
14,32,1,62,73,1,93,102,2,121,143,152,1,173,2,191,201,1,1,2,1,642
14,34,5,61,73,4,91,101,2,121,143,152,2,173,1,192,201,1,1,2,1,643
14,32,2,63,73,4,92,101,4,123,143,151,1,172,1,191,201,2,1,1,1,644
11,32,0,61,71,1,93,101,4,124,143,153,1,173,1,191,201,1,1,2,1,645
12,32,0,61,74,4,93,101,2,124,143,152,1,174,1,192,201,2,3,3,1,646
12,31,0,62,73,2,94,101,2,122,143,151,1,173,1,191,201,2,1,1,1,647
14,32,3,61,73,1,93,101,2,121,143,152,1,173,2,191,201,1,1,2,1,648
14,30,1,65,73,2,93,101,2,122,143,152,1,172,2,191,201,1,3,3,2,649
14,34,0,63,73,2,93,101,2,124,141,153,1,173,1,191,201,2,2,3,2,650
14,32,0,61,73,2,93,103,3,122,143,151,1,173,1,191,201,1,1,2,1,651
14,32,3,61,74,4,93,101,2,123,143,152,1,173,1,192,201,1,1,2,1,652
11,32,0,61,75,4,93,102,1,121,143,152,1,173,1,191,201,2,1,2,2,653
14,34,3,61,73,2,92,101,1,123,143,152,2,173,1,191,201,1,1,2,1,654
11,32,3,61,72,3,92,101,4,122,143,151,1,173,1,191,201,2,1,1,1,655
14,34,0,63,73,1,94,101,2,123,143,152,1,173,1,191,201,1,1,2,1,656
14,34,9,61,73,4,92,103,2,121,143,152,2,174,1,192,201,1,1,1,1,657
14,34,3,62,71,4,92,101,4,121,143,152,3,172,1,191,201,1,1,1,3,658
14,33,9,63,73,4,93,101,2,123,143,152,2,173,2,192,201,1,1,2,2,659
11,34,0,61,72,2,93,101,4,121,143,152,1,172,2,191,202,1,1,1,2,660
14,33,3,61,71,2,94,101,3,121,143,152,2,173,1,191,201,1,1,2,1,661
14,32,2,61,73,4,92,101,2,123,143,152,1,174,1,192,201,2,2,2,1,662
14,34,1,61,74,3,93,101,1,123,143,152,2,173,1,191,201,1,1,2,1,663
14,34,0,61,75,4,93,101,1,121,143,152,2,172,2,191,201,1,1,1,2,664
11,32,3,61,72,4,92,101,4,121,143,152,1,173,1,192,201,2,1,2,2,665
12,33,9,65,73,4,93,101,2,122,141,152,2,174,1,192,201,1,1,3,2,666
11,32,2,61,73,2,93,101,2,123,142,152,1,173,1,191,201,1,1,3,1,667
12,31,3,61,73,4,93,101,4,121,142,152,1,172,1,191,201,1,1,1,1,668
11,32,2,61,73,2,93,101,2,123,143,152,1,173,1,191,201,2,1,2,1,669
12,32,0,61,74,3,93,101,3,121,143,151,1,172,1,191,201,1,1,3,1,670
11,32,0,61,72,2,93,101,3,121,143,152,1,173,1,191,201,1,1,1,2,671
11,34,2,61,72,4,92,101,4,122,143,151,1,173,1,191,201,1,1,1,1,672
12,33,0,61,73,2,92,101,2,122,143,151,1,173,1,191,201,1,2,3,3,673
11,34,0,65,72,1,93,101,3,121,143,152,2,172,2,191,201,1,1,3,2,674
14,32,0,65,75,4,93,102,2,122,143,152,1,172,1,191,202,1,1,1,2,675
14,32,9,61,73,2,94,101,2,121,143,152,1,173,1,192,202,1,1,1,1,676
14,32,0,65,73,4,93,103,4,122,143,152,1,172,1,191,201,2,1,1,1,677
13,32,6,61,72,4,92,101,4,122,143,151,1,173,1,192,201,1,1,1,1,678
14,32,3,62,71,2,92,101,4,121,143,152,1,173,1,191,201,1,1,1,3,679
14,32,0,65,72,2,93,101,3,122,143,152,1,174,2,192,201,1,1,2,2,680
11,32,3,61,73,4,94,101,3,121,141,152,1,173,1,191,201,2,1,1,1,681
14,33,1,61,73,3,93,101,2,121,142,152,2,172,1,191,201,1,1,2,1,682
14,32,0,62,73,1,93,103,2,121,143,151,1,173,2,191,202,1,1,2,1,683
14,34,3,61,74,2,93,101,1,121,143,152,2,172,2,191,201,1,1,1,2,684
14,32,3,61,74,3,93,101,1,123,141,152,1,173,2,191,201,1,1,1,1,685
14,32,0,63,73,2,92,101,2,122,143,152,1,173,1,191,201,2,1,1,1,686
14,34,2,61,72,4,92,101,4,122,143,152,1,173,1,192,201,1,1,2,1,687
11,34,5,61,71,4,93,102,4,123,143,152,2,171,1,191,201,1,2,2,3,688
11,31,2,61,73,4,93,101,3,123,141,152,1,173,1,191,201,2,1,1,2,689
14,32,3,61,72,4,92,101,4,122,143,152,1,173,1,192,201,1,1,2,1,690
13,32,2,61,73,1,92,101,2,123,143,152,1,172,1,191,201,1,1,2,2,691
14,32,8,61,72,4,94,101,3,123,143,152,2,172,1,191,201,1,1,1,1,692
12,32,0,61,74,2,93,101,2,123,143,152,1,173,1,191,201,1,1,3,1,693
14,32,2,63,73,1,93,101,2,123,143,152,1,173,1,192,201,1,1,2,1,694
13,34,1,63,73,2,93,101,2,123,143,152,1,173,1,192,201,1,1,2,2,695
11,32,3,61,73,2,92,101,2,121,143,152,1,173,1,191,201,2,1,2,1,696
11,34,0,61,73,4,94,103,2,122,141,151,2,173,1,191,202,2,1,2,1,697
14,31,0,65,73,1,93,103,2,121,142,152,1,172,2,191,201,1,1,1,1,698
11,32,6,61,74,4,93,101,1,124,143,153,1,174,1,192,201,1,2,3,3,699
11,31,2,63,72,4,93,101,4,124,143,153,1,173,2,192,201,2,1,2,1,700
11,32,2,61,73,2,93,101,2,121,143,152,1,173,1,191,201,1,1,1,1,701
14,32,3,61,74,3,93,101,2,122,143,152,1,173,2,191,201,1,1,1,3,702
14,34,3,61,73,4,93,101,2,123,143,152,2,173,1,191,201,1,1,1,1,703
14,34,2,61,73,4,92,101,2,124,143,152,2,173,1,191,201,1,1,1,1,704
13,32,4,61,73,2,93,101,2,123,143,152,1,173,1,192,201,1,1,1,2,705
14,34,6,62,73,4,92,101,2,121,143,152,2,173,1,191,201,2,1,1,1,706
11,32,1,61,73,2,93,101,2,122,143,152,1,173,2,191,201,2,2,3,1,707
12,32,2,61,72,1,92,101,2,123,143,152,1,173,1,192,201,2,2,3,1,708
14,32,5,61,72,4,92,101,4,121,143,152,1,173,1,191,201,2,1,1,1,709
14,32,3,61,71,3,92,102,4,121,143,151,1,173,1,191,201,2,1,1,1,710
14,32,9,61,74,4,93,101,1,123,142,152,2,173,1,192,201,1,1,1,1,711
14,32,2,61,72,1,92,101,3,121,143,151,1,172,2,191,201,1,1,1,1,712
11,34,0,61,73,3,92,102,2,121,143,152,2,173,1,191,201,2,1,2,1,713
11,33,6,61,73,4,93,101,3,122,142,152,1,173,1,192,201,2,2,3,1,714
11,32,3,61,72,4,93,101,3,123,143,152,1,173,1,191,201,2,2,2,1,715
14,33,1,61,72,1,92,101,2,122,143,152,2,172,1,191,201,1,1,2,2,716
12,32,3,63,71,1,92,101,4,124,143,151,1,171,1,191,201,1,1,2,1,717
14,34,3,61,73,4,93,101,2,122,143,152,2,173,1,191,201,1,1,1,1,718
14,34,9,61,73,3,93,101,2,121,143,152,1,174,1,192,201,1,1,3,3,719
11,32,2,61,73,2,91,101,2,121,143,151,1,172,1,191,201,1,1,2,1,720
14,34,6,61,73,4,93,101,2,123,143,152,2,173,1,191,201,1,1,1,1,721
11,32,2,61,73,1,93,101,2,121,141,152,1,172,1,192,201,1,1,1,2,722
14,32,3,61,73,4,93,101,2,121,141,152,2,173,1,191,201,1,1,1,1,723
14,34,6,62,73,4,92,101,3,123,143,152,1,173,1,191,201,1,1,1,1,724
12,32,5,61,71,2,92,101,4,123,143,152,1,173,1,192,201,1,1,2,3,725
11,32,0,61,74,4,93,101,2,121,143,152,1,173,1,191,201,2,1,1,1,726
12,34,3,63,73,4,93,101,2,122,143,152,2,172,1,191,201,2,2,2,1,727
11,32,6,61,72,4,92,101,4,122,143,152,1,173,1,191,201,2,1,1,3,728
14,34,0,61,74,1,92,101,1,121,143,152,1,173,2,191,201,1,1,2,2,729
12,34,2,61,72,2,93,101,2,121,143,152,2,172,1,191,201,2,1,1,1,730
12,32,0,61,75,4,93,101,2,124,143,153,1,174,1,192,201,2,2,3,3,731
14,34,2,65,73,2,94,101,1,123,143,152,2,173,1,191,202,1,1,2,1,732
12,32,3,61,73,4,93,101,3,121,143,152,1,173,1,191,201,1,1,1,1,733
14,32,2,61,72,2,92,102,2,123,143,151,2,173,1,191,201,2,1,1,1,734
14,34,3,61,73,4,92,101,2,122,143,152,2,173,1,191,201,1,1,1,2,735
13,30,9,61,72,2,91,101,1,122,143,152,2,173,1,191,201,1,2,3,1,736
12,32,2,65,74,2,93,101,1,123,143,152,1,173,1,192,201,1,1,2,1,737
11,32,0,61,74,2,93,101,1,123,143,152,1,173,1,192,201,2,2,3,1,738
11,34,0,61,73,3,93,101,2,121,143,151,2,172,2,191,202,1,1,2,2,739
12,32,0,62,72,4,92,101,2,122,143,152,1,174,1,191,201,2,3,3,1,740
12,32,3,61,74,2,92,101,1,121,143,152,1,173,1,191,201,1,1,2,1,741
14,34,2,61,72,3,91,101,2,123,143,152,2,174,1,192,201,1,1,2,2,742
14,34,0,61,73,4,92,101,2,121,142,152,2,173,1,192,201,2,2,3,1,743
11,32,0,61,72,3,93,101,4,121,143,152,1,172,2,192,201,1,1,1,2,744
11,31,0,65,73,4,93,101,2,122,143,152,2,172,2,191,201,2,1,1,2,745
12,32,3,61,73,1,92,101,1,123,143,152,1,173,1,192,201,1,1,1,1,746
11,32,0,61,72,1,92,101,2,123,143,152,1,172,1,191,201,2,1,1,1,747
12,30,9,61,72,3,93,101,4,124,143,151,1,173,1,192,201,2,3,3,3,748
12,32,0,65,73,1,92,101,2,121,143,152,1,172,1,191,201,1,1,2,1,749
14,34,3,61,73,4,93,101,2,121,143,152,2,172,1,191,201,1,1,2,2,750
12,32,10,65,71,3,93,101,4,124,141,153,1,171,1,192,201,1,2,3,2,751
11,32,2,61,71,3,92,101,4,124,143,153,1,174,1,191,201,1,1,2,3,752
12,32,9,64,72,3,94,101,3,121,141,152,1,173,1,192,201,1,1,1,2,753
12,32,0,61,73,4,92,103,2,124,141,152,1,173,1,191,201,2,2,2,1,754
11,32,4,61,73,4,94,101,3,121,143,152,1,172,1,192,201,2,1,1,2,755
13,32,3,61,74,4,93,101,2,123,141,152,1,173,1,191,201,1,1,3,1,756
12,30,10,61,73,1,92,101,2,122,141,152,1,174,1,192,202,2,2,3,1,757
14,34,6,65,74,4,92,101,2,123,143,152,1,173,1,191,201,1,1,2,3,758
11,32,6,61,72,4,92,101,4,122,143,152,1,173,1,191,201,2,1,1,1,759
11,34,0,61,73,4,93,101,2,122,143,152,2,173,1,191,201,1,1,2,1,760
12,30,8,61,73,2,93,101,2,121,143,152,1,172,1,192,201,1,1,1,1,761
14,32,3,61,73,4,93,101,2,124,143,153,1,174,1,192,201,1,1,1,1,762
13,32,2,61,73,2,93,101,2,121,143,152,1,173,1,192,201,1,1,2,2,763
14,32,0,61,71,1,92,101,4,121,143,152,1,171,1,192,201,1,1,1,3,764
14,32,3,61,74,4,93,101,2,123,143,152,1,173,1,191,201,2,1,1,1,765
13,32,3,61,72,2,92,101,3,121,143,152,1,172,1,191,201,2,1,2,1,766
11,32,2,61,72,4,92,101,4,121,143,151,1,172,1,192,201,2,1,2,1,767
13,32,3,61,73,4,93,101,2,123,143,152,1,173,1,191,201,2,2,3,1,768
12,32,3,61,73,2,93,103,2,121,143,152,1,173,1,191,201,1,1,2,2,769
14,33,0,61,73,4,93,101,2,123,143,152,2,172,1,191,201,1,1,1,1,770
12,32,1,61,75,4,92,101,2,124,143,153,1,174,1,192,201,2,1,3,2,771
14,34,3,61,73,4,92,101,2,123,143,152,1,173,1,192,201,1,2,2,1,772
14,32,9,61,74,4,93,101,1,121,143,152,1,173,1,192,201,1,1,1,1,773
14,34,1,64,73,4,93,101,2,121,143,152,2,173,1,191,201,1,1,3,1,774
11,31,8,61,75,4,94,101,1,123,141,152,1,172,1,191,201,1,1,1,2,775
13,32,3,61,73,2,92,101,2,123,143,151,1,172,1,192,201,1,1,1,2,776
14,32,3,63,74,4,92,101,1,123,143,152,1,173,1,191,201,1,1,1,1,777
11,32,0,65,73,4,92,101,2,122,143,152,1,173,1,191,201,2,1,1,2,778
14,32,3,65,72,1,92,101,1,123,143,152,2,173,1,192,201,2,1,3,2,779
12,34,3,61,72,4,93,101,2,122,143,152,2,172,1,191,201,2,2,3,1,780
14,32,3,61,73,4,94,101,2,122,143,152,1,173,1,191,201,1,1,1,1,781
14,32,3,61,73,3,93,101,2,123,143,152,1,173,1,191,201,1,1,1,1,782
14,32,0,62,72,4,94,101,3,121,143,152,1,173,1,192,201,1,1,1,1,783
14,32,3,61,72,4,92,101,3,123,142,152,1,173,1,192,201,1,1,1,2,784
12,30,2,61,72,4,92,101,3,122,143,151,2,173,1,191,201,2,1,2,1,785
11,30,9,61,74,3,93,101,1,122,141,152,1,173,1,192,201,1,1,2,1,786
12,32,3,63,73,4,93,101,3,121,143,152,1,172,1,191,201,2,1,1,3,787
14,32,6,62,73,3,93,101,2,122,143,152,1,174,1,192,201,2,1,3,2,788
14,32,6,61,72,1,92,101,2,124,143,152,1,173,1,191,201,1,1,1,3,789
14,33,9,61,72,1,91,101,1,123,143,152,2,173,1,191,201,2,2,3,1,790
12,33,3,61,72,1,93,101,2,123,143,152,1,173,1,191,201,1,1,3,1,791
12,31,2,64,73,4,93,101,2,123,142,152,1,173,2,192,201,1,2,2,1,792
11,32,3,61,72,4,91,101,3,122,143,152,1,173,1,191,201,2,1,1,1,793
12,30,9,61,73,2,93,101,2,123,143,152,1,173,1,192,201,2,2,3,1,794
12,32,3,61,72,1,94,101,1,122,143,152,1,173,1,192,201,2,1,2,1,795
11,32,0,61,73,4,94,101,3,121,143,152,1,172,1,191,201,1,1,1,1,796
12,34,2,61,71,4,93,101,4,122,142,152,2,174,1,192,201,1,1,3,2,797
12,34,9,61,71,3,94,101,3,123,143,152,3,171,2,192,201,1,1,2,2,798
14,32,2,61,73,2,93,101,2,121,141,151,1,172,1,191,201,2,1,2,1,799
11,32,0,61,73,3,93,101,2,123,143,152,1,172,1,191,201,2,2,3,2,800
12,31,1,61,71,1,93,101,2,124,141,153,1,174,1,192,201,1,2,3,3,801
14,34,0,61,73,3,93,101,1,121,143,152,2,173,1,191,201,1,1,1,1,802
14,32,9,61,71,3,93,101,2,123,141,151,1,174,1,192,201,2,2,3,1,803
11,33,0,61,73,4,93,101,2,121,143,152,2,172,2,191,201,1,1,1,2,804
14,32,3,62,74,3,93,101,1,124,143,152,1,173,1,191,201,1,1,2,2,805
12,32,3,61,73,2,93,101,2,121,143,152,1,172,2,191,201,1,1,2,2,806
11,32,0,61,73,4,93,101,3,123,143,152,1,172,1,191,201,2,1,1,1,807
12,32,3,63,73,4,92,101,3,121,143,152,1,172,1,191,201,1,1,1,3,808
14,33,9,61,72,2,93,101,2,123,141,152,2,173,1,192,201,2,1,3,1,809
14,34,2,61,71,2,93,101,3,123,143,152,1,174,1,191,201,1,1,2,1,810
12,32,0,65,73,4,92,101,2,122,143,152,1,173,1,191,201,2,1,1,1,811
11,33,6,61,72,2,93,101,1,122,143,152,2,173,1,191,201,2,1,2,1,812
14,34,3,61,71,4,92,101,4,123,143,152,2,171,1,191,201,1,1,1,3,813
14,33,3,61,73,3,92,101,2,121,143,152,1,173,1,191,201,1,1,1,1,814
12,32,0,61,71,2,93,101,4,124,141,153,1,174,1,192,201,1,1,3,3,815
12,32,3,61,74,4,92,103,2,121,143,152,1,172,1,191,201,1,1,1,2,816
11,32,9,61,73,2,94,101,2,123,142,152,1,172,1,191,201,1,1,3,1,817
11,32,0,61,72,4,92,101,3,123,143,151,1,173,1,192,201,2,1,1,1,818
12,34,3,61,73,4,94,101,2,123,143,152,1,173,1,191,201,2,1,1,1,819
14,32,0,65,73,3,93,101,2,124,143,152,1,173,1,191,201,1,1,2,1,820
11,32,2,61,73,2,93,102,2,122,143,152,1,172,2,191,201,1,1,2,1,821
11,32,2,61,71,4,93,101,3,122,143,152,1,174,1,192,201,1,2,2,1,822
13,30,3,61,72,4,93,101,2,123,143,152,2,174,1,192,201,2,1,1,1,823
14,32,3,65,72,4,93,101,2,123,143,152,2,173,1,191,201,1,1,2,1,824
12,32,9,61,73,4,93,101,2,123,143,152,1,173,2,192,201,2,2,2,2,825
11,32,2,61,73,3,93,101,2,121,143,152,1,173,1,191,201,1,1,2,1,826
11,32,3,61,73,4,93,101,3,122,143,152,1,172,1,191,201,1,1,2,1,827
11,31,9,61,73,4,93,101,2,122,143,151,1,173,1,192,201,2,1,2,1,828
12,32,3,65,73,2,94,101,1,121,143,152,1,173,1,192,201,2,1,1,1,829
11,32,2,65,72,1,92,101,2,122,143,152,1,173,1,192,202,1,1,3,1,830
12,32,9,61,73,2,93,101,2,123,143,152,1,173,1,192,201,2,2,3,1,831
11,32,0,61,73,3,92,101,2,122,143,152,1,173,1,192,201,2,1,2,1,832
14,33,2,61,74,4,92,101,1,121,143,152,1,173,1,191,201,2,1,1,1,833
14,32,1,65,73,2,93,101,1,122,143,152,1,173,1,192,201,1,1,2,1,834
12,31,0,65,71,4,93,102,4,124,143,153,1,174,1,192,201,1,2,3,2,835
12,32,2,65,72,4,92,101,3,121,143,151,1,173,1,191,201,2,1,1,1,836
11,32,3,62,73,4,92,101,2,123,143,152,1,172,1,191,201,2,1,1,1,837
11,32,4,65,73,4,92,101,2,123,143,151,1,173,1,191,201,2,1,1,1,838
13,32,3,61,73,4,93,102,2,121,142,152,1,173,1,191,201,2,1,2,2,839
12,33,0,61,71,4,93,101,4,122,143,152,1,174,1,192,201,2,1,1,2,840
14,33,9,61,73,4,94,101,2,123,143,152,1,173,1,192,201,2,1,2,1,841
14,32,8,65,71,4,93,101,4,122,143,152,1,174,2,192,201,1,1,1,2,842
14,34,3,64,73,4,92,101,1,121,143,152,2,172,1,191,201,1,1,1,2,843
14,32,3,65,73,4,94,101,2,121,143,151,1,173,1,192,201,1,1,1,2,844
14,32,0,65,71,4,93,101,4,124,143,152,1,174,1,192,201,1,1,2,2,845
12,32,5,61,73,4,93,101,2,123,143,152,1,173,1,191,201,2,1,1,1,846
14,32,3,61,72,2,92,101,2,123,141,152,1,173,1,191,201,1,1,2,1,847
11,32,3,62,74,4,94,101,1,122,143,152,1,173,1,191,201,2,1,1,1,848
12,32,9,61,73,2,94,101,1,121,141,152,1,173,1,192,201,1,1,1,1,849
11,31,0,61,72,4,93,101,2,123,141,152,2,173,1,192,201,2,1,1,2,850
12,32,5,62,73,4,93,103,2,121,143,152,1,173,1,191,201,1,1,1,1,851
12,32,3,61,73,3,93,103,2,121,143,152,1,173,1,191,201,1,1,2,1,852
14,32,3,61,73,4,94,101,2,121,143,152,1,173,1,191,201,1,1,1,1,853
13,32,3,61,73,3,92,101,2,121,143,152,1,172,1,191,201,2,1,1,1,854
14,32,1,61,73,3,93,101,2,123,143,152,1,173,1,192,201,1,1,3,1,855
14,33,3,63,74,4,93,101,1,123,143,152,1,174,1,192,201,1,2,3,2,856
14,32,3,65,73,4,92,101,2,123,143,152,1,173,1,191,201,1,1,1,1,857
11,32,0,65,73,4,94,101,2,123,143,152,1,173,1,191,201,2,1,1,1,858
14,32,2,61,73,3,93,101,2,121,143,151,1,172,1,191,201,1,1,1,1,859
11,32,2,64,73,4,93,101,2,123,143,152,1,173,1,191,201,1,1,2,1,860
11,32,2,61,73,2,91,101,1,123,143,152,1,173,1,191,201,1,1,2,2,861
12,32,5,62,73,3,92,101,2,121,143,152,1,172,1,191,201,1,1,2,1,862
14,31,8,63,73,4,92,101,3,121,143,152,1,172,2,191,201,1,1,2,2,863
14,32,0,62,73,3,93,101,2,121,143,151,1,172,1,191,202,1,1,1,2,864
12,34,3,61,73,1,92,101,1,121,143,152,1,172,1,191,201,1,1,2,1,865
14,32,0,61,73,3,93,101,2,121,143,152,1,172,2,191,202,1,1,1,1,866
13,32,0,65,72,1,93,101,2,121,143,152,1,172,2,191,202,1,1,1,1,867
14,32,0,63,73,3,93,101,2,124,143,151,1,172,2,191,202,1,1,1,2,868
12,32,3,61,72,4,94,101,3,123,143,151,1,174,1,192,201,1,1,2,1,869
12,32,3,62,72,3,94,101,2,123,143,151,1,173,1,192,201,2,1,2,1,870
12,32,3,61,72,3,94,101,3,121,143,152,1,172,1,191,202,1,1,1,1,871
12,32,3,65,73,4,92,101,1,123,143,152,1,173,1,191,201,1,2,1,1,872
11,32,0,61,72,3,93,101,2,124,143,153,1,174,1,192,201,2,1,1,1,873
14,32,3,61,72,4,92,101,3,123,143,152,1,173,2,191,201,1,1,1,1,874
12,32,3,61,72,1,94,101,1,121,143,151,1,173,1,191,201,2,1,1,1,875
12,32,3,61,73,4,94,103,2,121,143,152,1,172,1,191,201,1,1,1,1,876
14,32,2,61,73,4,93,101,2,121,143,152,1,173,1,191,201,1,1,1,3,877
11,30,3,61,73,4,93,101,2,122,143,151,2,173,1,192,201,2,1,3,1,878
12,34,0,61,71,4,94,101,2,123,143,152,2,174,1,191,201,2,2,3,1,879
11,32,3,61,74,4,92,103,1,121,143,152,1,173,1,191,201,1,1,2,1,880
12,30,3,61,73,4,92,101,1,123,143,152,1,173,1,192,201,2,2,2,2,881
13,32,2,61,73,2,93,101,1,121,143,152,1,172,2,191,201,2,1,2,1,882
12,32,1,65,73,4,93,101,2,123,143,152,1,173,1,191,201,1,1,2,1,883
12,32,2,61,72,2,94,101,1,122,143,152,1,173,1,191,201,1,2,2,1,884
14,32,3,62,73,4,92,102,2,121,143,152,1,173,1,191,201,1,1,2,1,885
14,32,2,61,73,4,92,101,2,121,143,151,1,173,1,191,201,1,1,1,1,886
14,34,1,65,73,4,93,101,2,123,143,152,1,174,1,192,201,1,2,3,1,887
12,32,3,61,73,4,93,103,2,121,143,152,1,173,1,191,202,1,1,1,1,888
14,34,2,61,73,4,93,101,2,124,143,153,1,173,1,192,201,1,1,2,1,889
14,32,0,61,72,4,94,101,2,121,143,152,1,173,1,191,201,1,1,1,1,890
12,32,9,64,73,4,93,101,2,122,143,152,1,172,1,192,201,1,1,1,2,891
12,33,2,61,71,3,92,101,2,122,143,152,1,174,1,192,201,2,1,2,1,892
11,33,0,61,71,4,93,101,2,121,143,153,2,173,2,191,201,2,1,1,2,893
12,32,3,63,73,3,91,101,1,123,143,152,1,173,1,192,201,1,1,1,1,894
12,34,0,61,71,4,94,101,2,123,143,152,2,174,1,191,201,2,2,3,1,895
12,32,3,62,72,2,93,101,1,123,143,152,1,173,1,191,201,1,1,2,1,896
14,34,2,64,72,4,93,101,2,121,142,152,2,172,2,192,201,1,2,3,1,897
14,32,0,61,73,4,91,101,2,121,143,152,1,172,1,191,201,1,1,1,2,898
14,34,3,61,73,4,92,101,2,123,143,152,1,172,1,191,201,1,1,1,2,899
13,34,6,61,72,2,91,101,1,123,143,151,1,173,1,191,201,2,1,2,1,900
11,32,3,61,73,4,94,101,2,121,143,152,1,172,1,191,201,1,1,1,2,901
11,32,3,62,72,4,94,101,3,124,143,152,1,172,1,192,201,2,1,1,1,902
14,32,2,64,73,4,91,101,2,121,143,152,1,173,1,191,201,1,1,1,1,903
12,32,9,61,72,3,94,101,2,121,143,152,1,173,1,192,201,1,1,1,1,904
11,32,0,61,73,4,92,101,2,121,143,152,1,172,1,191,201,2,1,1,1,905
12,31,4,65,72,3,92,101,2,124,141,152,1,171,1,191,201,1,2,2,1,906
14,32,3,61,73,3,92,101,1,121,143,152,1,173,1,191,201,1,1,1,1,907
11,32,0,61,72,1,92,101,1,121,143,152,1,172,1,192,201,1,2,3,2,908
12,32,3,61,72,1,92,103,1,121,143,152,1,173,1,191,201,1,1,2,2,909
11,32,2,62,71,1,91,101,1,122,143,152,1,173,1,191,201,2,1,2,1,910
13,32,2,61,72,1,92,101,1,122,142,152,1,172,1,191,201,1,1,2,2,911
12,31,0,62,71,1,93,101,2,122,143,152,1,174,2,192,201,2,1,3,1,912
13,32,3,61,73,4,93,101,1,123,143,152,1,173,1,191,201,1,2,3,1,913
14,34,0,61,72,4,92,101,1,122,143,152,2,173,1,191,201,1,1,1,1,914
12,30,0,61,72,2,92,101,1,121,143,151,2,171,1,191,201,2,1,1,1,915
14,32,3,65,72,4,92,101,2,121,143,151,1,173,1,192,201,1,1,1,1,916
12,34,1,61,71,4,93,101,2,123,143,152,2,174,1,192,201,1,1,1,1,917
12,32,2,61,73,4,93,101,2,122,143,152,1,172,1,191,201,2,1,1,2,918
12,34,2,61,72,4,92,101,1,122,143,152,2,173,1,191,201,1,1,1,1,919
14,34,6,65,72,2,93,101,1,122,143,152,2,172,2,191,201,1,1,2,2,920
12,32,2,61,73,4,91,101,2,123,143,152,1,172,1,191,201,1,1,1,1,921
12,32,3,61,72,2,93,101,1,123,142,152,1,173,1,191,201,2,1,1,1,922
14,32,3,61,72,3,93,101,2,123,143,152,1,173,1,192,201,1,1,3,1,923
13,32,3,61,73,3,94,101,1,123,143,152,1,173,1,191,201,1,1,2,1,924
14,34,9,61,71,4,93,101,2,123,142,152,2,174,1,192,201,2,1,2,2,925
11,32,3,61,72,4,94,101,2,121,143,152,1,173,1,191,202,1,1,1,1,926
12,31,0,62,72,1,92,101,1,122,142,152,1,172,1,191,201,2,1,1,1,927
12,32,0,61,72,4,93,101,2,121,142,152,1,172,1,191,201,2,1,1,1,928
12,32,3,61,72,4,92,101,1,124,143,152,1,174,1,192,201,1,2,3,1,929
12,34,0,62,72,4,91,101,2,123,143,152,1,173,1,192,201,1,1,2,2,930
11,32,0,65,71,4,92,101,3,122,143,152,1,174,1,192,201,1,1,1,3,931
11,33,3,61,72,4,92,101,2,123,143,151,1,172,1,192,201,2,1,1,1,932
11,32,4,62,71,4,92,101,3,122,143,152,1,173,1,191,201,2,1,1,1,933
14,32,2,61,73,4,92,101,1,121,143,152,1,173,1,192,201,1,1,1,1,934
13,33,3,61,72,2,92,101,1,122,141,152,1,173,1,191,201,1,1,1,1,935
11,34,9,61,72,3,93,101,1,122,141,152,2,172,1,191,201,1,1,1,1,936
13,32,0,64,72,2,94,101,2,121,143,152,1,171,1,191,202,1,1,1,1,937
14,34,10,61,71,4,93,102,2,124,141,152,2,174,1,192,201,1,1,3,1,938
11,32,3,61,71,4,93,101,2,123,142,152,1,174,2,191,201,2,1,1,1,939
14,34,0,61,71,1,92,101,2,122,143,152,1,171,1,191,201,1,1,1,2,940
11,32,3,64,72,4,92,101,2,123,141,152,1,173,1,191,201,1,1,2,1,941
12,32,0,64,73,4,94,101,1,121,143,152,1,173,1,191,201,1,1,1,1,942
11,32,10,61,71,2,91,102,3,123,143,152,1,174,1,191,201,1,2,3,2,943
14,32,3,61,72,3,92,101,1,121,143,152,1,173,1,191,201,1,1,1,1,944
12,33,2,65,72,4,93,101,2,122,141,152,1,172,1,191,201,1,1,2,1,945
11,32,3,61,73,4,92,101,1,123,141,152,1,173,1,191,201,1,1,1,1,946
12,32,1,61,71,3,92,101,4,124,143,153,1,174,1,192,201,2,1,3,2,947
12,32,2,61,73,4,92,101,1,122,143,152,1,173,1,191,201,2,1,1,1,948
14,32,1,61,72,4,92,101,1,124,143,152,1,174,1,192,201,1,1,2,1,949
13,32,2,61,72,4,92,101,2,122,143,152,1,173,1,191,201,1,1,1,1,950
12,31,6,64,72,4,92,101,2,122,141,151,1,173,2,191,201,2,1,1,1,951
11,31,3,61,73,4,91,101,1,124,143,153,1,173,1,191,201,2,1,2,1,952
11,31,2,61,72,2,91,101,1,122,141,152,1,173,1,192,201,2,1,3,3,953
13,32,0,61,72,1,93,103,1,122,143,152,1,172,2,191,201,1,1,2,2,954
12,32,2,61,72,3,92,101,1,121,143,151,1,174,1,191,201,1,1,2,1,955
14,32,2,61,71,4,92,101,2,123,143,152,2,174,1,192,201,2,2,3,1,956
14,32,2,62,73,4,93,101,1,123,142,152,1,173,1,191,201,1,1,3,1,957
14,33,9,63,72,4,93,101,2,121,141,152,1,172,2,191,201,2,1,2,2,958
12,32,3,61,72,4,92,101,2,123,143,152,1,173,1,192,201,2,1,1,1,959
12,32,0,61,72,4,93,101,1,122,143,152,1,173,1,191,201,1,1,1,1,960
12,32,5,61,72,4,93,101,1,124,143,151,1,172,1,191,201,2,2,2,1,961
14,30,0,62,73,4,93,101,1,124,141,151,1,173,1,191,202,1,1,1,2,962
12,32,0,61,72,3,92,101,1,123,143,151,1,173,1,191,201,2,1,1,1,963
11,32,1,63,71,1,92,101,2,122,143,151,1,171,1,192,201,1,1,1,1,964
12,32,9,61,72,4,92,101,1,122,143,152,1,173,2,192,201,1,2,2,1,965
12,32,0,62,72,4,92,101,2,122,141,152,1,172,1,191,201,2,1,1,1,966
11,32,2,61,73,4,93,103,1,122,143,152,1,172,1,191,201,1,1,1,1,967
14,32,0,65,72,4,93,101,1,122,143,152,1,173,1,191,201,1,1,2,3,968
13,32,2,61,72,4,92,101,1,122,141,152,1,174,1,192,201,1,1,1,1,969
11,32,2,61,71,4,92,101,2,123,143,152,1,173,1,191,201,2,1,1,1,970
11,32,0,61,72,4,92,101,1,122,143,152,1,173,1,191,201,2,1,2,1,971
11,32,2,61,72,4,93,101,1,124,141,153,1,173,1,191,201,1,1,2,1,972
14,32,4,65,72,4,92,101,1,121,143,152,1,173,1,191,201,1,1,1,1,973
12,32,2,62,72,4,93,102,1,124,143,151,1,174,1,192,201,2,2,3,1,974
11,32,5,61,72,1,91,101,1,124,143,152,1,172,1,192,201,2,2,3,1,975
12,33,2,61,71,4,93,101,1,122,142,152,2,174,1,192,201,1,1,1,2,976
14,32,3,61,72,4,93,101,1,121,143,152,1,173,1,191,201,1,1,2,1,977
11,32,0,61,72,3,92,101,1,121,143,152,1,172,1,191,201,2,1,1,2,978
12,32,3,65,72,4,93,101,1,122,143,152,1,173,1,191,201,1,1,1,1,979
11,32,3,61,72,4,92,101,1,123,142,152,1,173,1,191,201,1,1,2,1,980
11,32,2,61,72,4,93,102,1,122,143,152,1,172,1,191,202,1,1,1,1,981
11,32,2,61,72,4,92,103,1,122,143,151,1,173,1,191,201,1,1,1,2,982
11,32,1,61,71,4,93,101,2,124,143,153,1,174,1,192,201,1,1,3,1,983
12,32,5,61,72,3,94,101,1,122,143,152,1,172,1,191,201,1,1,1,1,984
13,32,0,61,72,4,93,101,1,121,143,152,1,173,1,191,201,1,1,1,1,985
12,32,2,64,72,4,92,101,1,121,143,152,1,173,1,191,201,1,1,1,1,986
11,32,2,61,72,4,92,101,1,123,143,151,1,173,1,191,201,1,1,1,1,987
11,32,4,61,72,4,92,101,1,121,143,152,1,173,1,191,201,1,1,1,1,988
12,34,0,62,72,4,93,101,1,123,143,152,1,173,1,191,201,1,1,1,1,989
14,32,2,61,72,4,94,102,1,122,143,152,1,172,2,191,201,2,1,1,2,990
12,32,0,65,72,4,93,101,2,121,143,152,1,171,1,191,201,1,1,1,2,991
12,32,3,65,71,2,93,101,1,124,143,152,1,174,1,192,201,2,1,3,3,992
12,32,3,61,72,4,94,103,1,121,141,152,1,172,1,191,201,1,1,1,1,993
12,32,0,65,71,1,92,101,2,121,143,151,1,171,1,191,201,1,1,3,1,994
11,32,0,61,72,4,93,101,1,121,143,152,1,172,2,191,201,2,1,2,1,995
14,31,1,65,71,4,92,101,1,121,141,152,1,174,1,192,201,2,2,3,3,996
13,31,9,61,72,4,92,101,1,121,143,152,1,171,1,191,201,2,1,1,1,997
11,32,6,61,71,4,92,101,1,121,143,152,1,171,1,191,201,2,1,1,1,998
11,32,2,61,71,4,93,101,1,123,143,152,1,171,1,191,201,2,1,2,1,999
12,32,0,65,71,1,93,101,2,122,143,152,1,171,1,192,201,2,1,3,1,1000
